headline_id,headline_text,domain,pc1,wave,block,villain_presence_count,victim_presence_count,clarity_count,villain_presence_sum,victim_presence_sum,clarity_sum,villain_presence_majority,victim_presence_majority,clarity_majority
H3080,"Head of the global climate change cult, Al Gore, says ""God"" told him to fight global warming",naturalnews.com,0.0,1,1,11,11,11,6.0,3.0,9.0,1,0,1
H3064,Facebook User Receives Death Threats After Posting Pic of Billboard telling Liberals to Leave Texas,infowars.com,0.0458475179096454,1,1,11,11,11,7.0,11.0,11.0,1,1,1
H0032,They’re Not Going To Tell You This—It’s Really Scary What The Department of Energy Just Did… | Alternative,beforeitsnews.com,0.0560036536327054,1,1,11,11,11,4.0,2.0,3.0,0,0,0
H1931,"Sikhs Aim to Plant 1,000,000 Trees by November as Gift to Planet",wakingtimes.com,0.0901725391626428,1,1,11,11,11,0.0,1.0,10.0,0,0,1
H2999,JUST IN: Congress Introduces Bill To End Obama’s Reckless Last-Hour Reign,conservativedailypost.com,0.124791324034711,1,1,11,11,11,6.0,1.0,9.0,1,0,1
H1333,"Media Stunned – President Trump Support Stronger Than Ever, and Growing…",theconservativetreehouse.com,0.135066562651449,1,1,11,11,11,4.0,3.0,10.0,0,0,1
H1959,PLANDEMIC: Full Feature Film Released Online Amidst Tremendous Opposition and Attempts to Censor it,vaccineimpact.com,0.151269473665017,1,1,11,11,11,2.0,4.0,9.0,0,0,1
H0649,Robert Mueller and His Ilk Are About to Commit a Massive Crime; Will You Let Them Get Away With It?,larouchepac.com,0.198124602372848,1,1,11,11,11,7.0,2.0,5.0,1,0,0
H0363,"Will Ferrell Had This to Say About Augusta, Maine Residents – News Daily 12",newsdaily12.com,0.216462936422511,1,1,11,11,11,1.0,1.0,4.0,0,0,0
H0895,Democrat Proposes Taxpayer Funded Housing For Congress In Washington DC,americanlookout.com,0.242639223381286,1,1,11,11,11,2.0,3.0,10.0,0,0,1
H3262,NPR Falsely Calls Victim Of Attack By Rioters A White Supremacist,thefederalist.com,0.257333312407563,1,1,11,11,11,11.0,11.0,11.0,1,1,1
H2242,"""All I Have To Offer Is Some P*xxy"" Chick Says She Has Nothing To Offer A Man!",worldstarhiphop.com,0.288824151569851,1,1,11,11,11,2.0,2.0,5.0,0,0,0
H2319,Chuck E. Cheese's hosting Sensory Sensitive Sundays,autismspeaks.org,0.305779691436367,1,1,11,11,11,1.0,2.0,8.0,0,0,1
H3971,GOOD: The Trump Campaign WILL NOT pull the ad were Dr. Fauci says he was 'taken out of context',twitchy.com,0.348691813768861,1,1,11,11,11,5.0,7.0,9.0,0,1,1
H3897,PROTECT FREE SPEECH: AT&T Employee allegedly fired for private messages speaks out,glennbeck.com,0.372244526858301,1,1,11,11,11,8.0,11.0,11.0,1,1,1
H3875,Woke Oberlin College hit with $4m interest for not $36m to bakery,dailymail.co.uk,0.383860647514719,1,1,11,11,11,6.0,7.0,7.0,1,1,1
H1323,New info emerges explaining why Tillerson called Trump a 'f***ing moron',dailykos.com,0.413735620185017,1,1,11,11,11,8.0,7.0,10.0,1,1,1
H2577,From Crib to Court: Trump Administration Summons Immigrant Infants,truthout.org,0.448600038526601,1,1,11,11,11,8.0,8.0,9.0,1,1,1
H2930,Evening Edition - January 28,mikehuckabee.com,0.450186169514341,1,1,11,11,11,0.0,1.0,4.0,0,0,0
H2265,Union Teachers Are Donating Their Stimulus Checks to the Undocumented,inthesetimes.com,0.498925393419515,1,1,11,11,11,2.0,4.0,10.0,0,0,1
H2279,Updated: Gallery of Nebraska's Missing Children: Have you seen me?,nptelegraph.com,0.500851750373838,1,1,11,11,11,1.0,9.0,10.0,0,1,1
H1771,Georgia Politician Vernon Jones Crowdsurfs Sans Mask at Trump Rally,thedailybeast.com,0.5381943988207,1,1,11,11,11,3.0,0.0,10.0,0,0,1
H2259,"Tick populations expected to be high this year, how to protect yourself",news10.com,0.552649667527312,1,1,11,11,11,9.0,7.0,11.0,1,1,1
H0318,No. 1 Knights look for first 4-0 start since 2005,bdtonline.com,0.593319429205137,1,1,11,11,11,1.0,1.0,8.0,0,0,1
H1857,Petition update · Texas Medical Board to issue final verdict in their long running prosecution of Dr. Burzynski · Change.org,change.org,0.619205572780572,1,1,11,11,11,6.0,4.0,8.0,1,0,1
H0962,"Whopper Special: With midterms rapidly approaching, Dem flip-flopping is now in overdrive",nypost.com,0.638970275002357,1,1,11,11,11,4.0,0.0,5.0,0,0,0
H3784,The Best Hair Looks From Fall 2017 Runways,elle.com,0.674475899798678,1,1,11,11,11,0.0,1.0,9.0,0,0,1
H2665,"New Ohio distracted driving law now in effect, fines increased",cleveland19.com,0.689274090638285,1,1,11,11,11,4.0,2.0,11.0,0,0,1
H2180,US Sportswear Traced To Internment Camps Holding Detained Chinese Muslims,huffingtonpost.com,0.715235206216845,1,1,11,11,11,8.0,10.0,10.0,1,1,1
H3797,Thailand cave rescue: all 12 boys are successfully rescued – live,theguardian.com,0.74959222370997,1,1,11,11,11,1.0,8.0,11.0,0,1,1
H3379,Alligator Captured In Giant Eagle Parking Lot,cbslocal.com,0.751190107612549,1,1,11,11,11,2.0,2.0,11.0,0,0,1
H0998,Misconceptions About Love & Marriage: The Grass Looks Greener,patheos.com,0.786958288006023,1,1,11,11,11,1.0,1.0,11.0,0,0,1
H3526,Senate Panel’s Russia Probe Found Counterintelligence Risks in Trump’s 2016 Campaign,wsj.com,0.804466118117895,1,1,11,11,11,9.0,6.0,10.0,1,1,1
H0360,'Brilliant' Man Who Was An Inventor of the Calculator Dies,bloomberg.com,0.840147313769099,1,1,11,11,11,1.0,3.0,11.0,0,0,1
H2484,"Nancy Hatch Dupree, Scholar of Afghanistan, Is Dead at 89",nytimes.com,0.858776290720608,1,1,11,11,11,2.0,5.0,10.0,0,0,1
H0079,Why Lake Sunapee could be your next summer getaway,nationalgeographic.com,0.887787044279448,1,1,11,11,11,0.0,0.0,10.0,0,0,1
H1814,Could the 2020 U.S. Presidential Election Be Postponed?,snopes.com,0.90354981436689,1,1,11,11,11,0.0,2.0,10.0,0,0,1
H2551,"Trump Invokes A Cold War Relic, The Defense Production Act, For Coronavirus Shortages",npr.org,0.930525246755544,1,1,11,11,11,4.0,1.0,8.0,0,0,1
H3200,’You’re not some p-ssy sitting on the sidelines’ & other Mattis-isms: Secretary of Defense edition,militarytimes.com,0.951497998550873,1,1,11,11,11,2.0,0.0,3.0,0,0,0
H2187,"Virus aid package tests whether Biden, Congress can deliver",apnews.com,0.998049167729267,1,1,11,11,11,1.0,1.0,10.0,0,0,1
H0719,WTF? Feminist Strips Naked In Front of Children for Art Display,infowars.com,0.0458475179096454,1,1,11,11,11,11.0,11.0,11.0,1,1,1
H1113,Jamie Lee Curtis Turns Heads As She Appears In A Divine White Ensemble At The Golden Globes,fabiosa.com,0.0905862324182262,1,1,11,11,11,1.0,2.0,10.0,0,0,1
H1334,"The Toxic Person You Need To Avoid, According To Your Zodiac Sign",awarenessact.com,0.0705539230341695,1,1,11,11,11,4.0,2.0,9.0,0,0,1
H2440,Brag About Homestead High School,nbcmiami.com,0.57194619974825,1,1,11,11,11,1.0,1.0,2.0,0,0,0
H0316,"9/11 tribute: Raleigh woman runs for 9 hours, 11 minutes to raise money for veteran suicide prevention :: WRAL.com",wral.com,0.877291605300351,1,1,11,11,11,2.0,6.0,10.0,0,1,1
H3242,Policía solicita ayuda para encontrar a hombre desaparecido en Corozal,univision.com,0.717076812957865,1,1,11,11,11,0.0,2.0,3.0,0,0,0
H1978,$3.5 trillion a year: America’s health care system has become one of the world’s largest money making scams,naturalnews.com,0.0,1,1,11,11,11,9.0,6.0,10.0,1,1,1
H0879,CIVIL WAR IS HERE: Dutch citizens fed up with Muslim ‘refugees’ burn down an Islamc center in the country,jewsnews.co.il,0.237109310545107,1,1,11,11,11,11.0,11.0,11.0,1,1,1
H0549,Newt Gingrich: Democrats ‘Are Owned By People Who Are Funded by George Soros’,grabien.com,0.587941579935445,1,1,11,11,11,9.0,5.0,7.0,1,0,1
H2520,THREE TIME DEPORTED Illegal Alien Child Sex Offender Sentenced Today In Orlando…#BuildTheWall! * 100PercentFedUp.com,100percentfedup.com,0.21938033253327,1,1,11,11,11,10.0,7.0,11.0,1,1,1
H2331,The Nikola Tesla Interview Hidden For 116 Years,worldtruth.tv,0.017643643892146,1,2,8,8,8,0.0,2.0,6.0,0,0,1
H2791,Masks are killing you – Take them off now – Doctor – Please Share,davidicke.com,0.0416143549077332,1,2,8,8,8,3.0,3.0,4.0,0,0,0
H1240,"Healing With Iodine: Supplementation is Essential for Heart Disease, Diabetes, Cancer",humansarefree.com,0.0572211982440859,1,2,8,8,8,1.0,0.0,5.0,0,0,1
H1765,"Hannity WARNS: Evidence is Coming That Will “Rock the Foundation of Washington, D.C.” (Video)",truthuncensored.net,0.0853217706757043,1,2,8,8,8,0.0,0.0,2.0,0,0,0
H1786,Jill Biden BOOED At Brad Paisley Concert: ”You’re booing yourselves!” Unpopular First Lady Tells Nashville Crowd [VIDEO],thegatewaypundit.com,0.109374585525566,1,2,8,8,8,6.0,5.0,8.0,1,1,1
H2340,The Entrance to ‘Inner Earth’—Meet the EVEREST of Caves,ewao.com,0.131186638839105,1,2,8,8,8,0.0,0.0,2.0,0,0,0
H3545,How Your Body and Brain Physically Change After Cutting Out Sugar for Just 10 Days,healthy-holistic-living.com,0.171653494614812,1,2,8,8,8,0.0,0.0,6.0,0,0,1
H2589,"Ticked-Off Franklin Graham Draws The Line... Turns Tables On ""Religion Of Peace""",thetruthdivision.com,0.197110576231087,1,2,8,8,8,5.0,4.0,4.0,1,0,0
H1223,"Dozens of Top Nuclear Scientists With ""Highest Security Clearances"" Being Fired From Los Alamos Lab After Vax Mandate",wearechange.org,0.214358641610838,1,2,8,8,8,5.0,8.0,8.0,1,1,1
H1562,"Germany: Muslim screaming “Allahu akbar” injures policewoman outside synagogue, escapes from psych ward",jihadwatch.org,0.23030350568835,1,2,8,8,8,6.0,8.0,6.0,1,1,1
H2324,Obama Throws Cold Water On Democrats at DNC Fundraiser: Quit Your Moping,townhall.com,0.273514170924363,1,2,8,8,8,5.0,4.0,6.0,1,0,1
H1442,Senator Grassley Hits Pelosi And Schumer On Coronavirus Relief Bill,thepoliticalinsider.com,0.275564764275463,1,2,8,8,8,4.0,3.0,4.0,0,0,0
H0355,Judge in case of female athletes wanting ban on males competing against them says attorneys can't call trans athletes 'males',theblaze.com,0.319102558515008,1,2,8,8,8,5.0,4.0,7.0,1,0,1
H1834,World leaders slam Trump's racist attacks on congresswomen: 'Completely unacceptable',shareblue.com,0.335857768068227,1,2,8,8,8,7.0,7.0,7.0,1,1,1
H3079,"What Wheatgrass, Chlorophyll & Sunlight Can Do for the Body",greenmedinfo.com,0.373661844935053,1,2,8,8,8,0.0,0.0,4.0,0,0,0
H0097,Iranian woman ‘is viciously beaten because of her red head scarf',dailymail.co.uk,0.383860647514719,1,2,8,8,8,0.0,8.0,7.0,0,1,1
H0734,"After Four Years of ‘the Resistance,’ Trump Is Right to Challenge the Election Results | The American Spectator | USA News and Politics",spectator.org,0.41867309258613,1,2,8,8,8,3.0,4.0,6.0,0,0,1
H2865,5 Showing Signs That You're Out Of Spiritual Alignment - Conscious Reminder,consciousreminder.com,0.444827097925482,1,2,8,8,8,0.0,0.0,4.0,0,0,0
H0604,Donald Trump's Own IRS Chief Just Completely Contradicted Trump's Rationale For Refusing to Hand Over His Tax Returns,secondnexus.com,0.460612497703407,1,2,8,8,8,4.0,1.0,6.0,0,0,1
H2588,BREAKING : Trump to SLASH BILLIONS in Funding to the UN,truthfeed.com,0.493357374774002,1,2,8,8,8,7.0,5.0,8.0,1,1,1
H3248,Sparkle Drops New Single After The Final Episode Of 'Surviving R. Kelly',bet.com,0.512337095957491,1,2,8,8,8,3.0,3.0,7.0,0,0,1
H3199,"WATCH: Joaquin Castro claims ""Donald Trump is the most dangerous President our country has ever known""",theconservativeopinion.com,0.532204118690452,1,2,8,8,8,6.0,4.0,8.0,1,0,1
H3169,"Elizabeth Warren, Ayanna Pressley Urge Trump To Reduce Prison Population Amid Coronavirus",huffpost.com,0.568450135334297,1,2,8,8,8,1.0,3.0,6.0,0,0,1
H1845,Police: Columbia teen still missing after 11 days,fox43.com,0.599200073403383,1,2,8,8,8,0.0,6.0,7.0,0,1,1
H2640,Update: USGS lowers Lancaster County earthquake magnitude to 2.3,abc27.com,0.617782217161343,1,2,8,8,8,3.0,2.0,7.0,0,0,1
H0315,Philadelphia police chief apologizes to men arrested at Starbucks,thegrio.com,0.645653958637256,1,2,8,8,8,3.0,7.0,6.0,0,1,1
H1492,"Mother, daughter dead after Long Beach shooting",wlox.com,0.673410798933277,1,2,8,8,8,4.0,8.0,7.0,0,1,1
H3741,The BBC His Dark Materials Show Just Added an Oscar-Winning Director and a Very Exciting Star,gizmodo.com,0.695696656457309,1,2,8,8,8,0.0,0.0,5.0,0,0,1
H2507,Eldorado girl battling cancer wants cards from the community,wsiltv.com,0.70571850221276,1,2,8,8,8,4.0,5.0,7.0,0,1,1
H3127,Looks Like Donald Trump May Actually End Up In Jail,opposingviews.com,0.728452367041057,1,2,8,8,8,4.0,1.0,7.0,0,0,1
H1082,An Oahu fisherman’s shark encounter is caught on camera,witn.com,0.752113421642437,1,2,8,8,8,1.0,3.0,5.0,0,0,1
H2211,Children who were spanked by parents have a higher chance to be abusive adults: study,amomama.com,0.786039751122183,1,2,8,8,8,6.0,6.0,7.0,1,1,1
H3823,Property taxes rise for most of Snohomish County in 2020 | HeraldNet.com,heraldnet.com,0.804965428527866,1,2,8,8,8,2.0,5.0,7.0,0,1,1
H0817,Abortion Restrictions May Be Making Methotrexate Harder to Access,time.com,0.826340433814255,1,2,8,8,8,2.0,2.0,6.0,0,0,1
H1395,"Coronavirus treatment Remdesivir to cost $3,120 for US patients with private insurance",ktvu.com,0.854788060655499,1,2,8,8,8,4.0,6.0,7.0,0,1,1
H1404,"Person shot, killed near Taco Bell in Salisbury",wbtv.com,0.881245084113698,1,2,8,8,8,1.0,8.0,6.0,0,1,1
H0451,16-year-old girl accused of hacking Uber driver to death,kmov.com,0.907222206976868,1,2,8,8,8,7.0,7.0,6.0,1,1,1
H2649,'Teen Titans GO! To The Movies': Joke! Gag! DC Films Aren't Just For Mopes Anymore!,npr.org,0.930525246755544,1,2,8,8,8,0.0,0.0,5.0,0,0,1
H3170,NASA to Discuss Demonstration of New Space Exploration Power System,nasa.gov,0.956315766887341,1,2,8,8,8,0.0,0.0,5.0,0,0,1
H1508,Alabama Archives faces its legacy as Confederate 'attic',apnews.com,0.998049167729267,1,2,8,8,8,2.0,2.0,4.0,0,0,0
H0077,"96K jobs expected for Las Vegas in 2026, not enough workers to fill them",fox5vegas.com,0.740820857143454,1,2,8,8,8,0.0,2.0,4.0,0,0,0
H1937,"Shock Video Shows White Girl Being Beaten by Black Women, Forced to Kiss Feet",infowars.com,0.0458475179096454,1,2,8,8,8,7.0,7.0,6.0,1,1,1
H0164,Long Island Marine Killed in Taliban Bombing in Afghanistan,nbcnewyork.com,0.831406590643075,1,2,8,8,8,6.0,7.0,7.0,1,1,1
H2732,John Deere makes insane claim that farmers don’t own their tractors in bizarre twisted view of ownership – NaturalNews.com,naturalnews.com,0.0,1,2,8,8,8,6.0,6.0,8.0,1,1,1
H3996,The Ghislaine Maxwell trial is about to begin. Here's what to watch for,npr.org,0.930525246755544,1,2,8,8,8,4.0,0.0,7.0,0,0,1
H0134,There Are No Natural Resources,aier.org,0.744867571982125,1,2,8,8,8,0.0,0.0,2.0,0,0,0
H3514,Immigration and the Constitution,reason.com,0.805456958103719,1,2,8,8,8,1.0,1.0,3.0,0,0,0
H3411,"State Department Reveals Disgusting Truth, “No Records” Available For Travel Logs",conservativedailypost.com,0.124791324034711,1,2,8,8,8,5.0,0.0,4.0,1,0,0
H2398,No Dancing Allowed: DC Mayor Under Fire for COVID Restriction,nbcwashington.com,0.787623172475012,1,2,8,8,8,5.0,2.0,6.0,1,0,1
H0676,Baphomet is more American than the 10 Commandments,patheos.com,0.786958288006023,1,2,8,8,8,0.0,0.0,3.0,0,0,0
H3748,Be Healthy And Youthful: Put An Ice Cube At This Point On Your Head,worldtruth.tv,0.017643643892146,1,3,12,12,12,0.0,0.0,8.0,0,0,1
H2663,VIDEO: Pedophiles Rule the World » Alex Jones' Infowars: There's a war on for your mind!,infowars.com,0.0458475179096454,1,3,12,12,12,7.0,4.0,7.0,1,0,1
H0419,Scientists Have Discovered A Multidimensional Universe Inside The Brain,awarenessact.com,0.0705539230341695,1,3,12,11,12,1.0,0.0,9.0,0,0,1
H0540,Rush Limbaugh Risks It All Expose Shocking Bombshell About Ilhan Omar,explainlife.com,0.0866873538647112,1,3,12,12,12,3.0,1.0,9.0,0,0,1
H3406,EXCLUSIVE: Waukesha Mass Murderer Was Released from DA John Chisholm's Milwaukee County Where Only 1/3 of All Criminal Referrals from Police Result in Charges,thegatewaypundit.com,0.109374585525566,1,3,12,12,12,9.0,3.0,11.0,1,0,1
H2035,Eric Holder Wants to Abolish the Electoral College,thedcpatriot.com,0.125553828241878,1,3,12,12,12,3.0,3.0,11.0,0,0,1
H0988,How to Help Prevent Age-Related Muscle Decline,mercola.com,0.174179298813923,1,3,12,12,12,0.0,0.0,8.0,0,0,1
H1706,America's Top CEOs Just Graded Trump's Performance As President.,occupydemocrats.com,0.17563289387131,1,3,12,12,12,1.0,1.0,11.0,0,0,1
H2656,Big Pharma Biden Reverses Trump Policy of Lowering Insulin and EpiPen Costs,100percentfedup.com,0.21938033253327,1,3,12,12,12,8.0,4.0,11.0,1,0,1
H0658,Trump Just Gave All Christians the Gift of a LIFETIME! No President Has EVER Done Anything Like This!! * LIBERTY WRITERS NEWS,libertywritersnews.com,0.243757234060269,1,3,12,12,12,1.0,1.0,6.0,0,0,0
H0668,Joe Biden Spouts Perpetual Lies,townhall.com,0.273514170924363,1,3,12,12,12,9.0,0.0,11.0,1,0,1
H1285,Far-Leftist Identified in Canadian Anti-Restriction Protest Hit and Run,breitbart.com,0.297175368438483,1,3,12,12,12,5.0,1.0,9.0,0,0,1
H3016,Portland Mayor Ted Wheeler pepper-sprays man who confronted him at pub: 'He was right in my face' and 'he was not wearing a face mask',theblaze.com,0.319102558515008,1,3,12,12,12,11.0,10.0,11.0,1,1,1
H0058,Trump scraps raises for federal workers so the rich can have tax cuts,shareblue.com,0.335857768068227,1,3,12,12,12,10.0,10.0,11.0,1,1,1
H0554,What McCain Got From Democrats To Tank The Obamacare Repeal,conservativepoliticus.com,0.361710853104495,1,3,12,12,12,6.0,2.0,7.0,0,0,1
H2775,'Bullied' child ballet star Jack Burns 'hanged himself',dailymail.co.uk,0.383860647514719,1,3,12,12,12,5.0,11.0,11.0,0,1,1
H3425,Walmart Customers Have Thoughts After Company Limits Number of Shoppers Inside Store | News Break,newsbreak.com,0.411188765089231,1,3,12,12,12,4.0,5.0,10.0,0,0,1
H1782,"This viral 'IQ' test has YouTubers in opposition to one another, so what's the answer? - NTD Inspired",ntd.tv,0.43614522152228,1,3,12,12,12,2.0,1.0,10.0,0,0,1
H1726,Trump supporter blames 'socialists' for MAGA monster truck ban -- then begs for a handout,rawstory.com,0.461914938868004,1,3,12,12,12,7.0,4.0,9.0,1,0,1
H3087,Bringing dogs to work can help any employee through a rough day,fox10phoenix.com,0.479659730503063,1,3,12,12,12,1.0,2.0,11.0,0,0,1
H0638,Racial Slur Written on Dorm Room Door of Black Students at Mass. University,theroot.com,0.508451103212391,1,3,12,12,12,4.0,10.0,11.0,0,1,1
H0884,Donald Trump Would Like to Momentarily Pause This Campaign to Tell You How Good His Brain Is,thedailybeast.com,0.5381943988207,1,3,12,12,12,3.0,0.0,11.0,0,0,1
H3467,Former Pro-Trump Ohio Farmer Says Trump Could Walk Across Water And He Still Wouldn't Vote For Him In 2020,comicsands.com,0.554823087534595,1,3,12,12,12,3.0,1.0,11.0,0,0,1
H3504,Police search for toddler last seen at park near downtown Orlando,wftv.com,0.589666275358842,1,3,12,12,12,1.0,5.0,11.0,0,0,1
H3718,Second Allegany County resident tests positive for COVID-19,times-news.com,0.601952330135495,1,3,12,12,12,1.0,4.0,11.0,0,0,1
H2582,Indiana town to be featured on Hallmark Channel Monday night,wthr.com,0.642944173256451,1,3,12,12,12,1.0,0.0,11.0,0,0,1
H1948,Border Patrol Discovers How Mexicans Are Getting Drugs Over Border,dennismichaellynch.com,0.660937641909948,1,3,12,12,12,4.0,1.0,11.0,0,0,1
H0809,Montgomery woman fatally hit by vehicle in south AL,wsfa.com,0.695773709992985,1,3,12,12,12,5.0,10.0,11.0,0,1,1
H2916,"Decatur Police seize plane, arrest pilot during drug investigation",waff.com,0.718416095760334,1,3,12,12,12,7.0,2.0,11.0,1,0,1
H0661,Chewbacca actor Peter Mayhew dies at 74,foxcarolina.com,0.734086944548371,1,3,12,12,12,0.0,5.0,11.0,0,0,1
H2834,"After 68 years, a Wyoming man killed in the Korean War finally comes home",billingsgazette.com,0.774382100928158,1,3,12,12,12,2.0,8.0,11.0,0,1,1
H3546,Despair Fatigue | David Graeber,thebaffler.com,0.791841960029964,1,3,12,12,12,1.0,1.0,4.0,0,0,0
H3015,Alex Trebek faced grim chances of surviving cancer. Now he says it’s in ‘near remission.’,washingtonpost.com,0.818780596798307,1,3,12,12,12,5.0,7.0,11.0,0,1,1
H2624,"Meet the modern-day Beth Harmon, a chess influencer who started training when she was 6 years old",insider.com,0.846631575693017,1,3,12,12,12,1.0,0.0,11.0,0,0,1
H2868,"Kellogg adds policy against animal testing ‘not required’ for safety, quality",mlive.com,0.869179293566977,1,3,12,12,12,3.0,6.0,8.0,0,0,1
H2944,Former Atlanta police officer who shot Rayshard Brooks files lawsuit over firing,thehill.com,0.898762408412433,1,3,12,12,12,9.0,10.0,11.0,1,1,1
H1970,"Veterans Day free food: Starbucks, Wendy's, Buffalo Wild Wings offering freebies for vets, military Wednesday",usatoday.com,0.901007708482031,1,3,12,12,12,1.0,1.0,11.0,0,0,1
H3845,Klamathon Fire Latest: I-5 Reopens; Expect Delays At OR/CA Border,patch.com,0.933491002134259,1,3,12,12,12,0.0,1.0,10.0,0,0,1
H3616,Danger zone: Indiana produces sixth most toxic chemicals in U.S.,indystar.com,0.957207994613488,1,3,12,12,12,10.0,3.0,12.0,1,0,1
H1089,Democrats make federal election standards a top priority,apnews.com,0.998049167729267,1,3,12,12,12,1.0,1.0,11.0,0,0,1
H3196,"Mom, Girlfriend Arrested on Murder Charges in Beating Death of Child",breitbart.com,0.297175368438483,1,3,12,12,12,11.0,11.0,11.0,1,1,1
H1090,Hubble Marks 30 Years in Space With Tapestry of Blazing Starbirth,nasa.gov,0.956315766887341,1,3,12,12,12,1.0,0.0,11.0,0,0,1
H2660,Hungary bans LGBTQ+ youth indoctrination — Nick Adams,nickadamsusa.com,0.579397674077873,1,3,12,12,12,7.0,8.0,12.0,1,1,1
H1225,Christianity Being Snuffed Out Across the Middle East - Geller Report,pamelageller.com,0.216405500798777,1,3,12,12,12,4.0,8.0,10.0,0,1,1
H1798,JUST IN: Trump Drops Blistering New Response to People Blaming Him for January 6 “Insurrection”,thebluestateconservative.com,0.306995654213368,1,3,12,12,12,4.0,4.0,10.0,0,0,1
H2025,Former USA Gymnastics Doctor Sentenced To 60 Years In Child Pornography Case,npr.org,0.930525246755544,1,3,12,12,12,11.0,5.0,11.0,1,0,1
H1662,From ward of state to Notre Dame: An Asbury Park triumph,app.com,0.816946216297037,1,3,12,12,12,0.0,1.0,7.0,0,0,1
H0660,WATCH: Feminist Pours Bleach On Over 60 Men's Crotches To Fight 'Manspreading',dailywire.com,0.357498144984751,1,3,12,12,12,11.0,11.0,10.0,1,1,1
H3538,Memorial Day weekend,navytimes.com,0.851887659585054,1,3,12,12,12,0.0,0.0,8.0,0,0,1
H3034,The Promise Of Transhumanism Appeals To Lost People Who Want To Achieve Eternal Life Apart From An Almighty God Who Created Them • Now The End Begins,nowtheendbegins.com,0.0731174714253107,1,3,12,12,12,1.0,4.0,6.0,0,0,0
H2176,"Skyrocketing cancer rates driven by processed food, warn researchers",naturalnews.com,0.0,1,4,11,11,11,7.0,3.0,11.0,1,0,1
H2019,Sweden Hit With Wave of Attempted Bombings » Alex Jones' Infowars: There's a war on for your mind!,infowars.com,0.0458475179096454,1,4,11,11,11,3.0,10.0,8.0,0,1,1
H2356,China Deploy Hundreds Of Warships In Face-Off With Trump,awarenessact.com,0.0705539230341695,1,4,11,11,11,10.0,6.0,11.0,1,1,1
H1037,"General Flynn: ""Trump Won The Popular Vote AND He Won The Electoral College!""",welovetrump.com,0.0871406069110147,1,4,11,11,11,0.0,0.0,11.0,0,0,1
H0491,Rudy Giuliani and K. T. McFarland Reveal the Sinister Reason Why China Claims the Coronavirus Came Out of a Wet Market (Video),thegatewaypundit.com,0.109374585525566,1,4,11,11,11,7.0,1.0,10.0,1,0,1
H1715,It’s Official: Minneapolis City Council Passes Resolution Declaring ‘Racism’ A Public Health Emergency,djhjmedia.com,0.129014666189983,1,4,11,11,11,2.0,3.0,10.0,0,0,1
H0100,Federal Court Orders Antifa Site To Release Information to DOJ,conservativefiringline.com,0.167362535880227,1,4,11,11,11,0.0,0.0,10.0,0,0,1
H0300,TOLD YOU! The FBI Redacted Documents to Cover for Comey Not for National Security,steadfastandloyal.com,0.199250892452131,1,4,11,11,11,9.0,4.0,10.0,1,0,1
H0687,Dems Have Hidden a 'Blatant Handout' to Labor Unions Inside Their $3.5 Trillion Spending Plan,westernjournal.com,0.212942660560995,1,4,11,11,11,6.0,2.0,10.0,1,0,1
H2547,ICE Should Deport George Soros as a Nazi Collaborator - Frontpagemag,frontpagemag.com,0.234772051555315,1,4,11,11,11,7.0,2.0,10.0,1,0,1
H2287,Nike Suffers Major Financial Hit After Pulling American Flag Sneaker For Kaepernick,thefederalistpapers.org,0.251152108890861,1,4,11,11,11,5.0,7.0,10.0,0,1,1
H2672,NBC's Chuck Todd Unhinged -- To GOP Sen. Johnson: Stop 'Trying to Make Donald Trump Feel Better!' | Breitbart,breitbart.com,0.297175368438483,1,4,11,11,11,3.0,4.0,9.0,0,0,1
H1066,"50% of Americans Say Biden Not ‘Physically, Mentally’ Fit for Presidency. - The National Pulse",thenationalpulse.com,0.309168146597413,1,4,11,11,11,2.0,6.0,11.0,0,1,1
H0811,Dr. Lyons-Weiler Invites Boston Herald to Retract Editorial as Hate Speech,jameslyonsweiler.com,0.348450714096366,1,4,11,11,11,4.0,0.0,10.0,0,0,1
H2010,Married Man Keeps Unopened Present From Ex-Girlfriend Under Tree For 47 Years,ladbible.com,0.364617475206097,1,4,11,11,11,1.0,0.0,11.0,0,0,1
H2591,Michael Rapaport films brazen Rite Aid thief on the Upper East Side,dailymail.co.uk,0.383860647514719,1,4,11,11,11,9.0,6.0,10.0,1,1,1
H0191,Shemar Moore On Why He Keeps His Black Father At A Distance [Video],zeppfeed.com,0.405947616340221,1,4,11,11,11,2.0,4.0,11.0,0,0,1
H2304,Census Bureau Data: 63% of non-citizens are on welfare,powerlineblog.com,0.440617250267606,1,4,11,11,11,2.0,2.0,11.0,0,0,1
H2574,‘It doesn’t look good for him’: Fox News analyst explains why Steve Bannon is ‘facing 20 years’ in jail,rawstory.com,0.461914938868004,1,4,11,11,11,5.0,4.0,9.0,0,0,1
H3218,"Roseanne Gets the Last Laugh: After ‘The Conners’ Is Beaten in Ratings by Everything, ABC Orders Only 1 More Episode",chicksonright.com,0.490047310819928,1,4,11,11,11,4.0,3.0,10.0,0,0,1
H1589,"Kids in Kansas are eating vaping cartridges, drinking liquid nicotine, poison control center says",fox13news.com,0.509941076749434,1,4,11,11,11,3.0,7.0,11.0,0,1,1
H3276,Jack Yoest: Democrats will pay for getting carried away by sugar high of impeachment,foxnews.com,0.534260962262195,1,4,11,11,11,5.0,2.0,9.0,0,0,1
H1174,Meet Jade Colin the Youngest Black Woman to Own a McDonald’s Franchise,theblackdetour.com,0.562018743210193,1,4,11,11,11,0.0,0.0,11.0,0,0,1
H3794,Twin WWII veterans celebrate 100th birthday together,fox6now.com,0.593319429205137,1,4,11,11,11,0.0,0.0,9.0,0,0,1
H0466,Body found in Pleasant Ridge pub cooler,wlwt.com,0.620578575168388,1,4,11,11,11,1.0,8.0,11.0,0,1,1
H2451,Dad says he fatally shot daughter while teaching gun safety | New York Post,nypost.com,0.638970275002357,1,4,11,11,11,7.0,10.0,11.0,1,1,1
H1526,"Three dead in Honolulu high-rise fire, mayor says",cnn.com,0.658031073873161,1,4,11,11,11,2.0,9.0,11.0,0,1,1
H1801,"Vintage photos: World War II ""victory gardens"" | TreeHugger",treehugger.com,0.69408275809965,1,4,11,11,11,0.0,0.0,7.0,0,0,1
H0911,"Steve Bannon Looks Super Uncomfortable With Muslims, and the Internet Is Eating It Up",observer.com,0.71120135693504,1,4,11,11,11,5.0,5.0,9.0,0,0,1
H2743,Virginia Beach city leaders talk about the success of Something In The Water,wavy.com,0.728818598953096,1,4,11,11,11,0.0,0.0,8.0,0,0,1
H3100,How to Take 4 Strategic Steps Outside of Your Comfort Zone,entrepreneur.com,0.774441836682524,1,4,11,11,11,0.0,0.0,11.0,0,0,1
H2164,Woman Films Hilarious Reaction to Hail,weather.com,0.787979994491179,1,4,11,11,11,0.0,0.0,9.0,0,0,1
H2432,The Second Coming of Nancy Pelosi,theatlantic.com,0.803526667450118,1,4,11,11,11,0.0,1.0,6.0,0,0,1
H3918,‘Lucifer’: Netflix Reveals Premiere Date For Second Half Of Season 5,deadline.com,0.835574663378622,1,4,11,11,11,0.0,0.0,11.0,0,0,1
H1389,Iran and Its Leaders Brace for Impact of New U.S. Sanctions,nytimes.com,0.858776290720608,1,4,11,11,11,8.0,8.0,11.0,1,1,1
H0955,Google Assistant’s latest feature delivers just the ‘good news’,techcrunch.com,0.885848003727468,1,4,11,11,11,1.0,0.0,10.0,0,0,1
H1908,Democrats will have only themselves to blame if they let Republicans make voting harder,usatoday.com,0.901007708482031,1,4,11,11,11,9.0,6.0,11.0,1,1,1
H0705,See Which Halloween Costume Is Most Popular In Illinois,patch.com,0.933491002134259,1,4,11,11,11,0.0,0.0,10.0,0,0,1
H0233,How soon might the next stimulus check get to you? Here are some potential IRS payment dates,cnet.com,0.951854977853014,1,4,11,11,11,0.0,0.0,11.0,0,0,1
H0224,Russia invades Ukraine,reuters.com,1.0,1,4,11,11,11,11.0,11.0,11.0,1,1,1
H0422,Historic discovery: Archaeologists find the 12th Dead Sea Scrolls cave,ancient-code.com,0.168596719693486,1,4,11,11,11,1.0,1.0,11.0,0,0,1
H1067,"Donald Trump fans the flames of new war in the Middle East, while his own cabinet tries to stop him",dailykos.com,0.413735620185017,1,4,11,11,11,10.0,7.0,11.0,1,1,1
H1885,FCA announces plan to invest $4.5 billion into Michigan and build Jeep plant in Detroit,fox5dc.com,0.562394649306125,1,4,11,11,11,0.0,0.0,10.0,0,0,1
H1973,What happened in days leading up to Worley & Obetz closure,wgal.com,0.65898792778267,1,4,11,11,11,0.0,1.0,5.0,0,0,0
H0644,Photo Of California Cheerleaders Using Black Doll Named ‘Kareem’ As Mascot Goes Viral - NewsBreak,newsbreak.com,0.411188765089231,1,4,11,11,11,4.0,1.0,10.0,0,0,1
H2644,50 Years Later: How NYC’s Stonewall Riots Sparked The Modern Gay Rights Movement,cbslocal.com,0.751190107612549,1,4,11,11,11,2.0,5.0,11.0,0,0,1
H3724,Filling a ‘missing gap’: Frederick Douglass and Harriet Tubman will get statues in Maryland State House,baltimoresun.com,0.751121186851294,1,4,11,11,11,0.0,1.0,11.0,0,0,1
H2194,Report: Yankees legend Derek Jeter is in talks to buy the Miami Marlins,cbssports.com,0.718640148890342,1,4,11,11,11,0.0,0.0,11.0,0,0,1
H2102,Prince's Death Is Reportedly Being Investigated As A Murder,worldtruth.tv,0.017643643892146,1,4,11,11,11,2.0,10.0,11.0,0,1,1
H0866,(Video) So Sad..Father Charged In 3-Year-Old Son’s Death - The Black Loop,theblackloop.com,0.485752746626203,1,4,11,11,11,9.0,11.0,11.0,1,1,1
H2263,Chinese Immigrant Sold Hot Dogs Made With Real Dog Meat,worldtruth.tv,0.017643643892146,1,5,11,11,11,11.0,8.0,11.0,1,1,1
H1299,"BBC Debuts British-Iraqi, Gay, Non-binary Muslim to Explain Quantum Physics & Gender Identity",infowars.com,0.0458475179096454,1,5,11,11,11,0.0,0.0,6.0,0,0,1
H0881,"Geoengineering Watch Global Alert News, October 6, 2018, #165",geoengineeringwatch.org,0.057482507650514,1,5,11,11,11,0.0,0.0,3.0,0,0,0
H3098,AOC Campaign Busted? $1M Slush Fund?,welovetrump.com,0.0871406069110147,1,5,11,11,11,5.0,2.0,6.0,0,0,1
H0016,"""There Is Nothing from the CDC I Can Trust!"" - Dr. Birx Tells Off CDC Director, Claims COVID-19 Mortality Rate Inflated By as Much as 25%!",thegatewaypundit.com,0.109374585525566,1,5,11,11,11,9.0,7.0,10.0,1,1,1
H1595,Google Approves App For Muslims to Report Those who Insult Islam and Commit Blasphemy - Think Americana,thinkamericana.com,0.125553828241878,1,5,11,11,11,6.0,8.0,9.0,1,1,1
H1048,Mike Lindell Responds To Bank Request To Close His Accounts,waynedupree.com,0.164954060882232,1,5,11,11,11,4.0,4.0,9.0,0,0,1
H1894,"Muslim Rapes 8-Year-Old Girl, 6 Years Later She Gives Him Gruesome Payback",madworldnews.com,0.198482287294659,1,5,11,11,11,11.0,11.0,11.0,1,1,1
H0287,Should Homeless Vets Receive Government Housing Before Refugees?,bluevisionpost.com,0.216405500798777,1,5,11,11,11,2.0,7.0,10.0,0,1,1
H0299,HE DID IT! The Senate Judiciary Committee Just Gave Neil Gorsuch His BIGGEST Win Yet! * LIBERTY WRITERS,libertywriters.com,0.243485698471787,1,5,11,11,11,0.0,0.0,4.0,0,0,0
H3350,Watch Trump Ramble Incoherently In Senseless Rant About...We Have No Idea,truthexam.com,0.255246480229909,1,5,11,11,11,4.0,2.0,5.0,0,0,0
H3575,Has Durham Proved That Trump Was Right All Along?,newsmax.com,0.287207804375952,1,5,11,11,11,2.0,2.0,5.0,0,0,0
H3811,Texas School Staff Use Sharpie On Student's Hair To Meet Dress Code,wokesloth.com,0.312700227196907,1,5,11,11,11,9.0,9.0,10.0,1,1,1
H3336,12 Natural Remedies For ADHD To Try Before Medication,mindbodygreen.com,0.334992264005596,1,5,11,11,11,2.0,1.0,10.0,0,0,1
H0531,Trump Thinks It’s Up To Him To Give Congress His Tax Returns. It’s Not.,politicususa.com,0.35845073650398,1,5,11,11,11,5.0,5.0,9.0,0,0,1
H1623,Three-year-old twins locked in wooden CAGE ‘so their parents could work',dailymail.co.uk,0.383860647514719,1,5,11,11,11,10.0,10.0,10.0,1,1,1
H1964,"Chauvin, Lane, Kueng, and Thao: The George Floyd Fall Guys | The American Spectator",spectator.org,0.41867309258613,1,5,11,11,11,4.0,8.0,5.0,0,1,0
H0580,Wheezing Pablo Sandoval Uses Entirety Of ‘Stairway To Heaven’ For Walk-Up Song,theonion.com,0.445775894839608,1,5,11,11,11,0.0,0.0,6.0,0,0,1
H0080,Does Nancy Pelosi's impeachment announcement pass constitutional muster? Levin discusses with former Whitewater prosecutor,conservativereview.com,0.458785298834695,1,5,11,11,11,2.0,2.0,9.0,0,0,1
H3441,"Florida's $2 billion Lake Okeechobee reservoir plan won't clean water enough, Everglades expert says | Florida Phoenix",floridaphoenix.com,0.491616630852329,1,5,11,11,11,0.0,3.0,9.0,0,0,1
H0923,Students sickened by pot-laced brownies at Woodward High School,local12.com,0.509941076749434,1,5,11,11,11,6.0,11.0,10.0,1,1,1
H2760,"Detroit Lions' Matthew Stafford, wife stun brothers with Christmas surprise",foxnews.com,0.534260962262195,1,5,11,11,11,0.0,0.0,9.0,0,0,1
H3716,The Number-One Disability Among Vets Isn’t PTSD—and It’s Getting Worse Every Year,newrepublic.com,0.557480440607854,1,5,11,11,11,0.0,5.0,8.0,0,0,1
H1825,Mustached comedian Rip Taylor has died at 84,wowktv.com,0.583131563726547,1,5,11,11,11,0.0,5.0,9.0,0,0,1
H3186,"Colombian Students Take Home Prize For Sustainable, Eco-Friendly 'Vegan Wool'",plantbasednews.org,0.609340999307784,1,5,11,11,11,1.0,1.0,10.0,0,0,1
H3287,Public defender fired after judge discovers she never passed bar exam,abajournal.com,0.64280305900301,1,5,11,11,11,10.0,6.0,10.0,1,1,1
H0377,Trump says coronavirus will 'disappear' eventually,cnn.com,0.658031073873161,1,5,11,11,11,4.0,3.0,10.0,0,0,1
H0029,Hook & Reel Will Open a Cajun Seafood Spot at Chippewa and Kingshighway,riverfronttimes.com,0.683964269300729,1,5,11,11,11,0.0,0.0,8.0,0,0,1
H0126,"Shots fired outside Park Duvalle church, wounding man before start of funeral for 84-year-old woman",wlky.com,0.70671685535604,1,5,11,11,11,7.0,9.0,10.0,1,1,1
H0653,Sanders leads fight against 'obscene' Trump plan to cut food stamp access,theguardian.com,0.74959222370997,1,5,11,11,11,10.0,7.0,11.0,1,1,1
H3548,"GM, Ford and Fiat Chrysler target May 18 U.S. restart date - WSJ",financialpost.com,0.756353350243437,1,5,11,11,11,1.0,1.0,4.0,0,0,0
H1568,Trump signs E.O.: 'Regulations will be cut',foxbusiness.com,0.794456492811081,1,5,11,11,11,5.0,1.0,8.0,0,0,1
H0827,Trump claims to have saved $1.5 billion on Air Force One. But something doesn’t add up,newsweek.com,0.81846380864247,1,5,11,11,11,8.0,3.0,9.0,1,0,1
H0165,Scientists discover the world's oldest colors,sciencedaily.com,0.845569362584322,1,5,11,11,11,1.0,1.0,11.0,0,0,1
H1953,Homewood-Flossmoor HS students walk out in outrage over blackface video,wgntv.com,0.854788060655499,1,5,11,11,11,5.0,6.0,8.0,0,1,1
H0553,Qatar's emir stands defiant in face of blockade,cbsnews.com,0.879618721504846,1,5,11,11,11,4.0,6.0,6.0,0,1,1
H2178,Dr. Fauci says COVID-19 vaccine might not get us the herd immunity we need,abc7chicago.com,0.905571729093681,1,5,11,11,11,3.0,2.0,9.0,0,0,1
H3793,10 states sue Biden administration over COVID vaccine mandate for health care workers,npr.org,0.930525246755544,1,5,11,11,11,10.0,10.0,10.0,1,1,1
H3450,"At two-story 16-Bit Bar + Arcade, players will 'level up' in more than one way",indystar.com,0.957207994613488,1,5,11,11,11,0.0,0.0,7.0,0,0,1
H0799,Canada's Trudeau wins 2nd term but loses majority,apnews.com,0.998049167729267,1,5,11,11,11,0.0,3.0,10.0,0,0,1
H2725,MSNBC's Tiffany Cross Slams 'Blackface Connoisseur' Megyn Kelly for Attacking Black Women,politicalflare.com,0.28886565387244,1,5,11,11,11,10.0,9.0,9.0,1,1,1
H2706,"5,000 cats, dogs, rabbits, guinea pigs found dead in boxes at Chinese shipping depot",wtol.com,0.666530729650961,1,5,11,11,11,7.0,10.0,8.0,1,1,1
H0701,Video: Judicial Watch seeks greater transparency in Mueller probe - Judicial Watch,judicialwatch.org,0.180416617224686,1,5,11,11,11,2.0,1.0,8.0,0,0,1
H1800,Plot To Stop Mail-In Voting Via Post Office Sabotage Uncovered & Announced,bipartisanreport.com,0.228380384066331,1,5,11,11,11,7.0,4.0,9.0,1,0,1
H0279,"Stephon Clark shot seven times, official autopsy finds",cnn.com,0.658031073873161,1,5,11,11,11,2.0,11.0,11.0,0,1,1
H2059,Trump Administration Policies May Benefit His Businesses - CREW,citizensforethics.org,0.84166654415002,1,5,11,11,11,5.0,3.0,8.0,0,0,1
H0920,"Robert Kraft, Tom Brady and Bill Belichick say they're 'united'",espn.com,0.85282809463095,1,5,11,11,11,0.0,1.0,5.0,0,0,0
H2428,Boy with rare blood disorder needs you to 'Be The Match',abc7.com,0.646796242304377,1,5,11,11,11,1.0,8.0,8.0,0,1,1
H3758,Jews in Winnipeg Arrested After Faking 'Antisemitic' Hate Crime Attacks | Christians for Truth,christiansfortruth.com,0.331299671860674,1,5,11,11,11,10.0,2.0,10.0,1,0,1
H1962,Not All Sleep is Equal When It Comes to Cleaning the Brain,technologynetworks.com,0.696441085914132,1,5,11,11,11,0.0,0.0,5.0,0,0,0
H3708,Why everyone could use a bit more flax in their diet,naturalnews.com,0.0,1,6,10,10,10,0.0,0.0,6.0,0,0,1
H2901,Gowdy Slams Clinton Minion Rosenstein Over Conflict of Interest in Russia Investigation » Alex Jones' Infowars: There's a war on for your mind!,infowars.com,0.0458475179096454,1,6,10,10,10,4.0,3.0,4.0,0,0,0
H2997,Obama/ Biden/ Clinton/ Pelosi White House Pedophile Ring Uncovered by Wikileaks | Politics | Before It's News,beforeitsnews.com,0.0560036536327054,1,6,10,10,10,7.0,3.0,7.0,1,0,1
H1010,"Democrats Pelted Little Girl with Eggs at Pro-Trump Rally in Biden's Hometown, Parents Allege",welovetrump.com,0.0871406069110147,1,6,10,10,10,10.0,10.0,9.0,1,1,1
H3241,"Update: ""Put Americans First Rally"" Sunday in St. Louis Sunday with Steve Bannon is Sold Out",thegatewaypundit.com,0.109374585525566,1,6,10,10,10,0.0,0.0,7.0,0,0,1
H0038,Breaking! Congress has drafted Articles of Impeachment against DOJ obstructionist Rod Rosenstein. Drain that swamp! ⋆ Powdered Wig Society,powderedwigsociety.com,0.125553828241878,1,6,10,10,10,9.0,6.0,7.0,1,1,1
H2608,Canada's Deputy PM: The Way to Get Your Bank Account Unfrozen Is to Stop Supporting Protesters,rumble.com,0.162505504571073,1,6,10,10,10,5.0,6.0,6.0,0,1,1
H1555,"IT’S OVER! After The Media LIED About Trump, Mike Huckabee Went on TV & Leaked Their Worst Nightmare",subjectpolitics.com,0.199693280103283,1,6,10,10,10,8.0,6.0,6.0,1,1,1
H1003,"Jim Kelly Returns Home After Surgery, Posts Faith-Filled Message to Fans",westernjournal.com,0.212942660560995,1,6,10,10,10,0.0,0.0,9.0,0,0,1
H3838,Jared Kushner Flipping On Donald Trump In Criminal Probe Described As Possibility By Former Lawyer,bipartisanreport.com,0.228380384066331,1,6,10,10,10,7.0,5.0,7.0,1,0,1
H3779,BUSTED! LA County Supervisor Caught Eating at Restaurant Just HOURS After Banning Dining in Los Angeles | Sean Hannity,hannity.com,0.26091281309063,1,6,10,10,10,6.0,3.0,7.0,1,0,1
H3658,AOC And Ayanna Pressley Just Helped Raise Over $17K In Bail Money For Josh Abrams And Antifa Despite Assaulting Police And Burning American Flags,tbdailynews.com,0.298966514107487,1,6,10,10,10,8.0,7.0,7.0,1,1,1
H2523,Behind the Syrian Network for Human Rights: How an opposition front group became Western media’s go-to monitor,thegrayzone.com,0.315806645609579,1,6,10,10,10,3.0,1.0,6.0,0,0,1
H2274,"Joel Ernesto Escobar, illegal immigrant murder suspect, released over PG County sanctuary policy",washingtontimes.com,0.345472108057381,1,6,10,10,10,7.0,4.0,9.0,1,0,1
H3302,Iowa State Rep. Flees Trump And Becomes A Democrat,politicususa.com,0.35845073650398,1,6,10,10,10,1.0,2.0,7.0,0,0,1
H2509,Cleveland Browns To Work Out Free-Agent Kicker Blair Walsh,dailysnark.com,0.397773157571401,1,6,10,10,10,1.0,2.0,6.0,0,0,1
H1211,Shannen Doherty Reveals She's in Remission: 'I Am Blessed',etonline.com,0.421196500633623,1,6,10,10,10,2.0,4.0,7.0,0,0,1
H3678,It's Not What You Think. It's How Bullets Are Recycled - NTD Inspired,ntd.tv,0.43614522152228,1,6,10,10,10,0.0,0.0,5.0,0,0,0
H0001,Oliver Stone: “Israel Had Far More Involvement In The US Election Than Russia.”,pagesix.com,0.457488327780295,1,6,10,10,10,3.0,2.0,9.0,0,0,1
H2065,Megachurch pastor and Democratic Senate candidate says abortion is “consistent” with Christianity,disrn.com,0.481134511542231,1,6,10,10,10,1.0,1.0,7.0,0,0,1
H3348,"""He picked the wrong house"": Bodybuilder, 82, fights break-in suspect",local12.com,0.509941076749434,1,6,10,10,10,10.0,10.0,10.0,1,1,1
H3705,NASA Releases First Ever Images Of Their Landing On Saturn Moon,providr.com,0.531619228013185,1,6,10,10,10,1.0,1.0,7.0,0,0,1
H0193,"18-year-old shot, killed after shots fired at home",wmcactionnews5.com,0.561517992738059,1,6,10,10,10,4.0,10.0,9.0,0,1,1
H1547,"Biden rings the alarm, sees Trumpism as a ‘threat to American democracy’",msnbc.com,0.588104595861507,1,6,10,10,10,9.0,8.0,10.0,1,1,1
H2138,Department of Justice: All missing  children are important! - Sign the Petition!,change.org,0.619205572780572,1,6,10,10,10,1.0,7.0,7.0,0,1,1
H3879,Shoplifters walk out of TJ Maxx in Granada Hills with armfuls of stolen merchandise: Bystander video,abc7.com,0.646796242304377,1,6,10,10,10,10.0,10.0,10.0,1,1,1
H2861,¿Hombre o Mujer? Modelo Andrógino Se hace pasar por a Ambos Para Desafiar Estereotipos Sexuales,boredpanda.com,0.651452433781418,1,6,10,10,10,0.0,1.0,0.0,0,0,0
H2737,16 Incredible Pictures That Show Just How Much NYC Has Changed - BuzzFeed News,buzzfeed.com,0.699413557211612,1,6,10,10,10,0.0,0.0,8.0,0,0,1
H2119,Horse Fire grows to 30 acres with evacuations in Happy Valley,krcrtv.com,0.70426106970898,1,6,10,10,10,5.0,7.0,9.0,0,1,1
H3305,Covid-19 survivors could lose health insurance if Trump wins bid to repeal Obamacare,theguardian.com,0.74959222370997,1,6,10,10,10,10.0,10.0,10.0,1,1,1
H0765,Dangerous levels of mercury found in shark fin sold in Hong Kong,scmp.com,0.76798721913536,1,6,10,10,10,3.0,5.0,8.0,0,0,1
H3207,Saudi Arabia's MBS: War with Iran would collapse global economy,aljazeera.com,0.779267503219657,1,6,10,10,10,4.0,4.0,8.0,0,0,1
H1423,How John Lewis Founded the Third American Republic,theatlantic.com,0.803526667450118,1,6,10,10,10,0.0,0.0,6.0,0,0,1
H3596,"If We Want to Address the Crisis of Veteran Suicide, We Must Acknowledge Its History",time.com,0.826340433814255,1,6,10,10,10,2.0,5.0,9.0,0,0,1
H0406,"Charlotte Russe closing all remaining stores, 'going out of business' sales begin",chron.com,0.863994233254233,1,6,10,10,10,1.0,2.0,9.0,0,0,1
H0460,What Is Ripple and Why Is It Beating Both Bitcoin and Litecoin?,fortune.com,0.876036142010989,1,6,10,10,10,3.0,3.0,7.0,0,0,1
H1692,Millions of jobless left frightened about their future as $600 federal payment expires Friday,abc7chicago.com,0.905571729093681,1,6,10,10,10,2.0,9.0,8.0,0,1,1
H1246,"Ledyard, CT Jobs",patch.com,0.933491002134259,1,6,10,10,10,0.0,0.0,1.0,0,0,0
H2256,Newly Published Portraits Document a Century of Gay Men's Relationships,smithsonianmag.com,0.971184072481041,1,6,10,10,10,0.0,1.0,9.0,0,0,1
H1816,The tax man may be coming for Uber and Lyft drivers,rollcall.com,0.982850843623789,1,6,10,10,10,9.0,9.0,9.0,1,1,1
H0192,Health care takes center stage in midterms fight -- and Republicans are on the defensive,cnn.com,0.658031073873161,1,6,10,10,10,2.0,4.0,9.0,0,0,1
H3673,"Joy Behar Calls Trump An ‘Idiot Liar’, Newt Gingrich Makes Her Regret It BIG TIME",politifeed.net,0.439179051681855,1,6,10,10,10,10.0,9.0,8.0,1,1,1
H2422,MEDICAL POLICE STATE: Dentists to start calling police on parents if they don't schedule dental appointments for their children,naturalnews.com,0.0,1,6,10,10,10,6.0,6.0,8.0,1,1,1
H1789,Israeli researchers develop 30-minute coronavirus test,ynetnews.com,0.799649853780606,1,6,10,10,10,0.0,0.0,9.0,0,0,1
H2785,4th Grader SAVAGES Teachers and School Board to Their Faces for Forcing Masks in School,rumble.com,0.162505504571073,1,6,10,10,10,8.0,6.0,7.0,1,1,1
H2612,"Drug smuggling tunnel to Mexico discovered in former KFC, authorities say",wlky.com,0.70671685535604,1,6,10,10,10,5.0,2.0,9.0,0,0,1
H1585,Megan Rapinoe says her national anthem protests are 'uniquely American' and all about 'standing up for yourself and other people',theblaze.com,0.319102558515008,1,6,10,10,10,1.0,1.0,8.0,0,0,1
H2935,Trump Is Reportedly Desperate For ‘A Lot Of Cash’ – Banks Are Preparing To Seize His Assets,deepleftfield.info,0.262107362277878,1,6,10,10,10,7.0,5.0,7.0,1,0,1
H1619,Couple finds more than 66 bottles of Prohibition-era whiskey hidden in the walls of their New York home,wmtw.com,0.438421574710806,1,6,10,10,10,1.0,2.0,9.0,0,0,1
H2554,You Can Get Custom Slippers Made to Look Exactly Like Your Pet,wnep.com,0.517449981400759,1,6,10,10,10,0.0,0.0,9.0,0,0,1
H3418,6 Warning Signs You Are About To Have A Stroke Soon | World Truth.TV,worldtruth.tv,0.017643643892146,1,7,11,11,11,2.0,2.0,10.0,0,0,1
H2191,Harvard Anti-Trumper Attacks Manafort Judge In WaPo Op-Ed,infowars.com,0.0458475179096454,1,7,11,11,11,9.0,8.0,9.0,1,1,1
H0792,The Reason Why The Great Tribulation Is Called The Time Of Jacob's Trouble Is A Perfect Picture Of Israel Today • Now The End Begins,nowtheendbegins.com,0.0731174714253107,1,7,11,11,11,1.0,1.0,5.0,0,0,0
H0179,FBI uncovers another Islamic terror training camp in Macon County Alabama - DC Dirty Laundry,dcdirtylaundry.com,0.0916982813557337,1,7,11,11,11,4.0,2.0,10.0,0,0,1
H1738,Maskless COVID Cultist Oprah Winfrey and Family Celebrate Christmas Feast In Mansion Alongside Masked Servants,thegatewaypundit.com,0.109374585525566,1,7,11,11,11,5.0,6.0,8.0,0,1,1
H1359,Vaccine Freedom Marches Across Italy Highlight Global Vaccination...,thevaccinereaction.org,0.143534855190357,1,7,11,11,11,1.0,1.0,9.0,0,0,1
H0887,"Trump Unleashes On McConnell, Blames Him For Senate Losses",rumble.com,0.162505504571073,1,7,11,11,11,9.0,10.0,10.0,1,1,1
H0349,Green & Tlaib The Only Two House Democrats To Show Up for 'Impeach Trump' Rally - David Harris Jr,davidharrisjr.com,0.189197213121713,1,7,11,11,11,1.0,1.0,8.0,0,0,1
H3674,There's Credible Evidence That Computerized Algorithms Have Been Used to Flip Votes For More Than 20 Years | Frank Speech the Home of Free Speech,frankspeech.com,0.200102313599961,1,7,11,11,11,4.0,4.0,8.0,0,0,1
H3068,George W Bush Officials Defect From GOP To Support Joe Biden,bipartisanreport.com,0.228380384066331,1,7,11,11,11,3.0,3.0,10.0,0,0,1
H1794,How Republicans Won Phase One Of Impeachment,thefederalist.com,0.257333312407563,1,7,11,11,11,1.0,0.0,9.0,0,0,1
H2205,CNN: Trump Considering Firing Rod Rosenstein,newsmax.com,0.287207804375952,1,7,11,11,11,7.0,7.0,10.0,1,1,1
H0843,LiveLeak.com - Saudi family hang Ethiopian maid from hook - brutally beat her,liveleak.com,0.318710662278338,1,7,11,11,11,11.0,11.0,11.0,1,1,1
H3303,Nancy Pelosi Made Millions in Big Tech Stocks That She Regulates - Greenwald,analyzingamerica.org,0.334544111691153,1,7,11,11,11,3.0,0.0,9.0,0,0,1
H2557,Trump Looks Doomed In Pennsylvania As Nearly 60% of Voters Support Impeaching Or Voting Him Out,politicususa.com,0.35845073650398,1,7,11,11,11,4.0,8.0,10.0,0,1,1
H3530,"Men, Never Let Her Go If A Woman Has These 14 Qualities, Say Scientists",runwonder.com,0.379147729999959,1,7,11,11,11,0.0,1.0,8.0,0,0,1
H3656,"RaeLynn’s Ready: 5 Years After ‘The Voice,’ Blake Shelton’s Protege is Finally Making Her Big Debut",etonline.com,0.421196500633623,1,7,11,11,11,0.0,0.0,9.0,0,0,1
H0790,2 men in custody in connection to Reynolds Co. triple shooting case,kfvs12.com,0.446555260566952,1,7,11,11,11,8.0,7.0,11.0,1,1,1
H3707,California prosecutor attacks Michelle Obama -- and wonders why someone hasn't shot Maxine Waters yet,rawstory.com,0.461914938868004,1,7,11,11,11,9.0,9.0,8.0,1,1,1
H1261,America Just Found Enough Oil in Texas To Make Saudi Arabia Completely Irrelevant,patrioticexpress.com,0.484027589199032,1,7,11,11,11,4.0,4.0,11.0,0,0,1
H2330,REPORT: DOJ announces arrest of Chinese citizen acting as spy within the U.S.,dmlnews.com,0.517274691748991,1,7,11,11,11,9.0,7.0,10.0,1,1,1
H3142,Do Not Try This at Home,investing.com,0.536243782811171,1,7,11,11,11,0.0,1.0,5.0,0,0,0
H2326,Maria Borges Is L'Oreal's Newest Face: 'I Believe in the Beauty of Diversity',essence.com,0.572715276426443,1,7,11,11,11,1.0,0.0,10.0,0,0,1
H3713,Game of Thrones Star Nikolaj Coster-Waldau Explains Jaime’s Baffling Choice,vanityfair.com,0.580064024893862,1,7,11,11,11,0.0,0.0,6.0,0,0,1
H0737,You Can Order a Live Christmas Tree on Amazon This Year (Video),travelandleisure.com,0.619858391185572,1,7,11,11,11,0.0,0.0,10.0,0,0,1
H3684,Man puts newborn in backpack & walks away from Louisiana hospital; police need your help,13wmaz.com,0.64280305900301,1,7,11,11,11,10.0,10.0,11.0,1,1,1
H2453,Warwick family searches for missing pet bird,turnto10.com,0.652207143871075,1,7,11,11,11,0.0,8.0,11.0,0,1,1
H2016,"CNN's Jeffrey Toobin: Trump's Firing Of FBI Director Comey Is ""A Grotesque Abuse Of Power""",mediamatters.org,0.690814796878352,1,7,11,11,11,9.0,8.0,11.0,1,1,1
H1435,Heads up! Cold Florida weather means iguanas falling from trees,news4jax.com,0.723936131198234,1,7,11,11,11,2.0,3.0,7.0,0,0,1
H0714,Rock climber makes historic ropeless ascent of California's El Capitan | US news | The Guardian,theguardian.com,0.74959222370997,1,7,11,11,11,0.0,0.0,10.0,0,0,1
H2634,Police Chief Resigns After Inciting Violence Against 'Marxist Bastard' Biden Voters,vice.com,0.754994791293065,1,7,11,11,11,8.0,9.0,9.0,1,1,1
H3071,Kudos to the Hospital That Fired a Religious HR Worker Who Refused a Flu Shot,patheos.com,0.786958288006023,1,7,11,11,11,6.0,6.0,10.0,1,1,1
H0603,Tax Breaks Have Been Helping White Nationalist Groups Raise Millions to Spread Their Racist Ideologies - Atlanta Black Star,atlantablackstar.com,0.81829978642398,1,7,11,11,11,8.0,2.0,9.0,1,0,1
H1050,'Sewing Machine' Surgery Helps Weight Loss Without Cutting - NBC News,nbcnews.com,0.843937401226111,1,7,11,11,11,0.0,0.0,7.0,0,0,1
H1687,How Disgust Explains Everything,nytimes.com,0.858776290720608,1,7,11,11,11,1.0,0.0,3.0,0,0,0
H0960,Chinese chemical firm eyes Westwego for industrial facility; public meeting scheduled,nola.com,0.887458312598086,1,7,11,11,11,0.0,0.0,7.0,0,0,1
H1520,The oldest genetic link between Asians and Native Americans was found in Siberia,sciencenews.org,0.900796075628909,1,7,11,11,11,1.0,0.0,10.0,0,0,1
H2401,'Passing' filmmaker Rebecca Hall shares the personal story behind her movie,npr.org,0.930525246755544,1,7,11,11,11,0.0,0.0,10.0,0,0,1
H2323,Summer Solstice in the Northern Hemisphere,nasa.gov,0.956315766887341,1,7,11,11,11,0.0,1.0,9.0,0,0,1
H3448,Germany preparing for change of control at Rosneft refinery -minister,reuters.com,1.0,1,7,11,11,11,0.0,0.0,8.0,0,0,1
H1480,A 10-year old rape victim in Ohio was just denied abortion,dailykos.com,0.413735620185017,1,7,11,11,11,4.0,10.0,11.0,0,1,1
H3617,"Sadly, the United States will not learn from Las Vegas carnage either",smh.com.au,0.766195271452241,1,7,11,11,11,2.0,2.0,5.0,0,0,0
H3776,Christian Prophet Predicts Trump Will Win,newsmax.com,0.287207804375952,1,7,11,11,11,1.0,1.0,9.0,0,0,1
H1648,"Chicago Illegals Band Together, Demand Their “Rights” Be Protected In New “One Chicago” Stand",conservativedailypost.com,0.124791324034711,1,7,11,11,11,2.0,7.0,8.0,0,1,1
H1146,Minneapolis agrees to pay $27m to George Floyd’s family,aljazeera.com,0.779267503219657,1,7,11,11,11,3.0,7.0,10.0,0,1,1
H0740,"The Original Words of Our Founding Documents are Racist, Says U.S. Senator Ed Markey | Todd Starnes",toddstarnes.com,0.38550572303315,1,7,11,11,11,6.0,3.0,10.0,1,0,1
H1837,'It's a parent's worst nightmare:' CA teen fights for his life after contracting COVID-19 twice,abc13.com,0.507026243676643,1,7,11,11,11,6.0,10.0,11.0,1,1,1
H1932,11 ingeniosos rompecabezas para entrenar tu cerebro\\n,brightside.me,0.263978635522076,1,7,11,11,11,0.0,0.0,1.0,0,0,0
H1866,Maryland native loses right eye in Las Vegas shooting,fox5atlanta.com,0.625115184961301,1,7,11,11,11,4.0,10.0,11.0,0,1,1
H1411,"Oceanside-Camp Pendleton Events Calendar for June 6, 2018 - Oceanside-Camp Pendleton, CA Patch",patch.com,0.933491002134259,1,7,11,11,11,0.0,0.0,4.0,0,0,0
H3862,Morgan Freeman Defends His Cannabis Use With An Epic Response | World Truth.TV,worldtruth.tv,0.017643643892146,1,8,11,11,11,1.0,2.0,10.0,0,0,1
H3328,Coming To The West? Saudi Girl Arrested For Wearing Skirt » Alex Jones' Infowars: There's a war on for your mind!,infowars.com,0.0458475179096454,1,8,11,11,11,3.0,9.0,8.0,0,1,1
H1805,Abbas And Turkey At Muslim Summit Say Trump's Jerusalem Decision Will Plunge The World Into A 'Fire With No End' • Now The End Begins,nowtheendbegins.com,0.0731174714253107,1,8,11,11,11,9.0,8.0,10.0,1,1,1
H1474,Waking up on climate change: Farm yields keep shattering records,cfact.org,0.0914843426995647,1,8,11,11,11,2.0,4.0,9.0,0,0,1
H2297,"""We'll Do It for Half"" - George Lopez Responds to Iranian Regime, Says He'll Take $40 Million for Assassinating President Trump",thegatewaypundit.com,0.109374585525566,1,8,11,11,11,10.0,9.0,10.0,1,1,1
H2742,The Biden Effect: Republicans Now Have Huge Leads in 6 Major Issues Heading into the Midterms | DJHJ Media,djhjmedia.com,0.129014666189983,1,8,11,11,11,4.0,4.0,8.0,0,0,1
H1446,President Trump Stops Rally to Honor a 100 Year Old Veteran - and the Crowd Goes Wild,rumble.com,0.162505504571073,1,8,11,11,11,2.0,2.0,9.0,0,0,1
H0426,FBI Fights to Keep Comey Memos Secret - David Harris Jr,davidharrisjr.com,0.189197213121713,1,8,11,11,11,6.0,2.0,9.0,1,0,1
H0659,Guess Who Got Caught Directly Funding Radical Islamic Terrorists With $800 Million A Year?!,myrightamerica.com,0.200657482540789,1,8,11,11,11,7.0,3.0,7.0,1,0,1
H3301,Germany: Man gets 6 months jail for posting on Facebook about Nazi/Muslim collaboration,jihadwatch.org,0.23030350568835,1,8,11,11,11,6.0,6.0,11.0,1,1,1
H2530,"After 11 Days, Rescuers Find Lost Toddler. Then They See Who Was Protecting Her Entire Time",awm.com,0.262107362277878,1,8,11,11,11,0.0,9.0,9.0,0,1,1
H0418,Pennsylvania Democrat Representative Conor Lamb Admits Economy Tanked While Biden Held Office - Trump Train News,trumptrainnews.com,0.297388124193019,1,8,11,11,11,5.0,3.0,10.0,0,0,1
H1366,Rosie O’Donnell offers $2 million each to GOP senators to vote against tax reform bill,theblaze.com,0.319102558515008,1,8,11,11,11,3.0,2.0,10.0,0,0,1
H3549,Here's Exactly What 2018 Has In Store For Your Zodiac Sign,mindbodygreen.com,0.334992264005596,1,8,11,11,11,1.0,1.0,9.0,0,0,1
H3588,Durham Proves Trump Won 2020 Election Fair And Square,lifezette.com,0.353302231013722,1,8,11,11,11,1.0,2.0,10.0,0,0,1
H1460,NYPD arrests vaccine protesters before woman is pushed onto the tracks,dailymail.co.uk,0.383860647514719,1,8,11,11,11,8.0,11.0,11.0,1,1,1
H2320,Covering up what happened on Jan. 6 is a central part of the Republican plan to win in 2022,dailykos.com,0.413735620185017,1,8,11,11,11,8.0,3.0,9.0,1,0,1
H2200,"Couple with twins is expecting again—then doctors reveal sonogram, and husband ‘faints’ - NTD Inspired",ntd.tv,0.43614522152228,1,8,11,11,11,1.0,3.0,11.0,0,0,1
H0350,"Ground Truth on Stopping Those Caravans – Facts, Law and History - AMAC - The Association of Mature American Citizens",amac.us,0.458652962199397,1,8,11,11,11,3.0,5.0,5.0,0,0,0
H0096,ISIS Was Not Ended By Trump Or Obama - But By Muslims,mintpressnews.com,0.494701551770883,1,8,11,11,11,6.0,3.0,9.0,1,0,1
H0420,These 7 Computer Games Will Teach Anyone About Physics,interestingengineering.com,0.512062357819041,1,8,11,11,11,0.0,0.0,9.0,0,0,1
H0459,"Texas girl, 9, who Trump said he'd pray for, is out of ICU after brain surgery, family says",foxnews.com,0.534260962262195,1,8,11,11,11,0.0,5.0,10.0,0,0,1
H0061,Susan J. Demas: Nice girls don’t say ‘vagina’ … or ‘motherfucker’ ⋆ Michigan Advance,michiganadvance.com,0.556729709769618,1,8,11,11,11,2.0,0.0,4.0,0,0,0
H0484,Burger King offering free kids meals amid coronavirus pandemic,kens5.com,0.594889248109946,1,8,11,11,11,2.0,1.0,10.0,0,0,1
H3484,Police Are Wrong Not Calling White Gunman A Terrorist,unilad.co.uk,0.615885219031243,1,8,11,11,11,9.0,2.0,9.0,1,0,1
H1496,"AMBER ALERT: 2-year-old missing, believed to be in grave danger",dothanfirst.com,0.632605246674597,1,8,11,11,11,1.0,9.0,10.0,0,1,1
H2480,"Another judge delivers blow to USPS, says changes put election mail 'at risk'",cnn.com,0.658031073873161,1,8,11,11,11,7.0,7.0,10.0,1,1,1
H2953,Colin Kaepernick Makes Rare Appearance at Awards Show,tmz.com,0.69853717450643,1,8,11,11,11,0.0,1.0,9.0,0,0,1
H2231,Shoppers call for boycotts of Home Depot over co-founder's support of Trump,kmph.com,0.723749742752839,1,8,11,11,11,8.0,7.0,10.0,1,1,1
H1170,"FBI: 84 children, as young as 3 months old, rescued in national human trafficking crackdown",foxcarolina.com,0.734086944548371,1,8,11,11,11,6.0,11.0,11.0,1,1,1
H3904,Father of 6 killed in car crash in NE Heights,kob.com,0.762377581102117,1,8,11,11,11,3.0,11.0,11.0,0,1,1
H1426,Caught in the cradle-to-prison pipeline - Dallas Examiner,dallasexaminer.com,0.797663210827396,1,8,11,11,11,1.0,2.0,6.0,0,0,1
H0626,"US Postal Service needs to fill 80 open positions in Utah, Idaho",kutv.com,0.823941624306187,1,8,11,11,11,0.0,2.0,9.0,0,0,1
H3915,Putin’s Syria Gambit Delivers Again After Trump Sidelines U.S.,bloomberg.com,0.840147313769099,1,8,11,11,11,6.0,4.0,8.0,1,0,1
H0593,Firefighter killed battling El Dorado Fire that erupted during gender-reveal party in Yucaipa,ktla.com,0.854788060655499,1,8,11,11,11,6.0,10.0,11.0,1,1,1
H2215,"UPDATE: Mentally-challenged woman missing from Carter County, Ky. found in Tenn.",wsaz.com,0.879015340541404,1,8,11,11,11,0.0,6.0,10.0,0,1,1
H2521,DeSantis signs sweeping gambling deal that may bring sports betting to Florida,sun-sentinel.com,0.912897060376715,1,8,11,11,11,0.0,0.0,10.0,0,0,1
H1260,See The Million-Dollar NJ Homes That Sold In August,patch.com,0.933491002134259,1,8,11,11,11,0.0,1.0,10.0,0,0,1
H1265,Millennia-Old Cookware May Be the Key to Recreating Ancient Cuisine,smithsonianmag.com,0.971184072481041,1,8,11,11,11,0.0,0.0,10.0,0,0,1
H3316,"Climate change action needs to go beyond Paris accord, Macron says",reuters.com,1.0,1,8,11,11,11,2.0,2.0,9.0,0,0,1
H3583,Juneteenth: Our Other Independence Day,smithsonianmag.com,0.971184072481041,1,8,11,11,11,0.0,0.0,9.0,0,0,1
H2188,Alex Jones Interviews Eric Bolling In The DMT Studio,infowars.com,0.0458475179096454,1,8,11,11,11,0.0,0.0,9.0,0,0,1
H1518,"Ken Osmond, Eddie Haskell on 'Leave It to Beaver,' dies",apnews.com,0.998049167729267,1,8,11,11,11,1.0,6.0,11.0,0,1,1
H3619,'Back on Track Indiana' Governor Holcomb announces state's next steps after stay at home order,wthitv.com,0.705646468793219,1,8,11,11,11,0.0,2.0,9.0,0,0,1
H2971,"Robert E. Lee High in Virginia Will Be Renamed for John Lewis, District Says",nytimes.com,0.858776290720608,1,8,11,11,11,2.0,3.0,9.0,0,0,1
H0915,Ted Cruz: Joe Biden Has Rushed to ‘Embrace’ Communist China,breitbart.com,0.297175368438483,1,8,11,11,11,6.0,3.0,10.0,1,0,1
H1316,How to Practice Ahimsa in Everyday Life,gaia.com,0.075993329502495,1,8,11,11,11,0.0,0.0,7.0,0,0,1
H1136,"Hyundai, Kia recall 1.2M cars for possible engine failure",fox10phoenix.com,0.479659730503063,1,8,11,11,11,3.0,4.0,10.0,0,0,1
H1843,"Alleged Target of Drone Strike That Killed American Teenager Is Alive, According to State Department",theintercept.com,0.607953026497043,1,8,11,11,11,5.0,11.0,10.0,0,1,1
H0722,"Black Americans Got POORER With Obama, RICHER With Trump…And That’s Why Democrats Scream He’s A Racist",en-volve.com,0.126883146357792,1,8,11,11,11,8.0,9.0,11.0,1,1,1
H1873,Vaccinated Children Have up to 500% more Disease Than Unvaccinated Children,worldtruth.tv,0.017643643892146,1,9,13,13,13,1.0,8.0,13.0,0,1,1
H3511,VIDEO: Colbert Discredited After Dems Admit Peegate Dossier Was a Fraud » Alex Jones' Infowars: There's a war on for your mind!,infowars.com,0.0458475179096454,1,9,13,13,13,6.0,6.0,8.0,0,0,1
H1099,Reasons why Big Pharma will never cure cancer,newstarget.com,0.0723314494829261,1,9,13,13,13,8.0,4.0,10.0,1,0,1
H1064,Supreme Court says Obama VIOLATED the Constitution,americanjournalreview.com,0.0878375859873984,1,9,13,13,13,12.0,6.0,13.0,1,0,1
H2252,Fast Food Owner BANNED From Kitchen After Camera Catches Him In The Act,conservativedailypost.com,0.124791324034711,1,9,13,13,13,7.0,5.0,9.0,1,0,1
H1175,Greta Thunberg Gets WRECKED After Getting Caught In A Lie - Think Americana,thinkamericana.com,0.125553828241878,1,9,13,13,13,6.0,4.0,12.0,0,0,1
H2857,The Usury Based System. Towards A Worldwide Financial Disaster? | Veterans Today,veteranstoday.com,0.171653494614812,1,9,13,13,13,5.0,5.0,5.0,0,0,0
H3490,Quaint U.S. town: Man named ‘Hussein’ tries to behead police officer with sword,wnd.com,0.192160019649149,1,9,13,13,13,13.0,13.0,12.0,1,1,1
H0385,FEEL GOOD STORY OF THE DAY: ISIS Master Bomb Maker Accidentally Blows Himself Up * 100PercentFedUp.com,100percentfedup.com,0.21938033253327,1,9,13,13,13,9.0,6.0,13.0,1,0,1
H3653,S.C. Democrats Throw Tantrum as Fetal Heartbeat Bill Passes State House [UPDATED],pjmedia.com,0.225278100615081,1,9,13,13,13,4.0,4.0,12.0,0,0,1
H0342,"Meet The School Principal Turning Around The Toughest Neighborhood In NYC, One Child At A Time",littlethings.com,0.254744161661547,1,9,13,13,13,1.0,3.0,13.0,0,0,1
H0864,MSNBC Host Says Democrats Aren’t Going To ‘Play Fair’ To Put Trump In Jail,thepoliticalinsider.com,0.275564764275463,1,9,13,13,13,11.0,11.0,12.0,1,1,1
H1903,Report: Top Biden official tells migrant caravan they won't get into US — at least not at first,theblaze.com,0.319102558515008,1,9,13,13,13,8.0,6.0,13.0,1,0,1
H0755,"Holy Basil: Benefits For Your Mood, Mind & Body",mindbodygreen.com,0.334992264005596,1,9,13,13,13,0.0,0.0,12.0,0,0,1
H3733,Biden Reportedly Plans To Nix Keystone XL Permit On Day One,dailywire.com,0.357498144984751,1,9,13,13,13,8.0,6.0,12.0,1,0,1
H3481,"Japan heatwave kills at least 65 people and leaves 22,647 hospitalised",dailymail.co.uk,0.383860647514719,1,9,13,13,13,10.0,12.0,13.0,1,1,1
H1729,"RNC is using a 'slush fund' to pay Trump's former bodyguard $15,000 per month for 'consulting'",dailykos.com,0.413735620185017,1,9,13,13,13,6.0,1.0,13.0,0,0,1
H2759,Phillip Morris Launches High-Performance Sport Cigarette For Abusive Olympic Parents,theonion.com,0.445775894839608,1,9,13,13,13,7.0,4.0,7.0,1,0,1
H1530,Chuck Schumer SCREAMS at Family Having Dinner then PURSUES them Outside...You WON'T Believe the Reason -,ladylibertysnews.com,0.472446906051984,1,9,13,13,13,12.0,12.0,11.0,1,1,1
H1748,Hold On To Your Trapper Keepers — Lisa Frank Makeup Is A Thing,scarymommy.com,0.475679657982067,1,9,13,13,13,0.0,0.0,6.0,0,0,0
H3370,Student found with loaded 9mm at ECHS,times-herald.com,0.512144769667757,1,9,13,13,13,8.0,2.0,13.0,1,0,1
H2531,"NYC health commissioner who said she doesn't give ""two rats' asses"" about NYPD officers abruptly resigns",lawenforcementtoday.com,0.540955577980124,1,9,13,13,13,7.0,7.0,13.0,1,1,1
H0172,Rare Super Blue Blood Moon Lunar Eclipse kicks off a new 6-month Chapter.,elephantjournal.com,0.57152549470152,1,9,13,13,13,0.0,0.0,10.0,0,0,1
H0076,FBI releases memo on 2017 interview with fmr. Trump aide Flynn,msnbc.com,0.588104595861507,1,9,13,13,13,2.0,2.0,10.0,0,0,1
H1675,Japan's 105-Year-Old Longevity Expert Shares 12 Secrets to Living a Long Life,mymodernmet.com,0.601952330135495,1,9,13,13,13,0.0,0.0,12.0,0,0,1
H1842,Lost contact found in woman's eyelid 28 years later,fox2detroit.com,0.643031541674892,1,9,13,13,13,1.0,5.0,11.0,0,0,1
H1347,Second round of pandemic EBT benefits coming to eligible Louisiana children,wafb.com,0.661368334637289,1,9,13,13,13,3.0,4.0,12.0,0,0,1
H2804,San Francisco police warn public of fraudulent CDC door-to-door visitors,kron4.com,0.676506619147883,1,9,13,13,13,12.0,10.0,13.0,1,1,1
H3006,Family of slain Duclay father has message for killer,news4jax.com,0.723936131198234,1,9,13,13,13,13.0,13.0,12.0,1,1,1
H1821,SpongeBob SquarePants creator Stephen Hillenburg dies at 57,theguardian.com,0.74959222370997,1,9,13,13,13,0.0,4.0,13.0,0,0,1
H1027,Pandemic Hits Small-Business Retirement Plans,aarp.org,0.773408289471493,1,9,13,13,13,6.0,11.0,11.0,0,1,1
H0352,Suspect in custody after Greenwood police standoff,indexjournal.com,0.780567817835412,1,9,13,13,13,9.0,1.0,13.0,1,0,1
H2045,"Obama throws touchdown pass, bangs out double at D.C. sports academy",nydailynews.com,0.807592058139583,1,9,13,13,13,1.0,1.0,9.0,0,0,1
H1770,Stacey Abrams’ Voter-Suppression Documentary ‘All In’ Will Be Free on YouTube,variety.com,0.830936725464152,1,9,13,13,13,1.0,3.0,12.0,0,0,1
H0810,"Alabama’s governor says masks remain required in public, breaking with other Republican governors.",nytimes.com,0.858776290720608,1,9,13,13,13,3.0,1.0,12.0,0,0,1
H0332,Researchers Just Created a New Form of Matter,futurism.com,0.88923906933246,1,9,13,13,13,0.0,1.0,12.0,0,0,1
H0183,'Simply unthinkable': Law officers call for halt to executions in Trump's final weeks,usatoday.com,0.901007708482031,1,9,13,13,13,5.0,7.0,10.0,0,1,1
H2336,Community Rallies Around Sick Cherokee Firefighter Explorer,patch.com,0.933491002134259,1,9,13,13,13,0.0,5.0,13.0,0,0,1
H0728,Ancient Comics Line This Roman-Era Tomb in Jordan,smithsonianmag.com,0.971184072481041,1,9,13,13,13,0.0,0.0,10.0,0,0,1
H2058,Communist-ruled Cuba hosts first transgender Mass,reuters.com,1.0,1,9,13,13,13,0.0,1.0,13.0,0,0,1
H1040,Morning Digest: GOP congressman bought a yacht on day he voted to give himself $2 million tax cut,dailykos.com,0.413735620185017,1,9,13,13,13,11.0,4.0,13.0,1,0,1
H0600,Soleimani Allegedly had Planned DC Terror Attack in 2011 - Gregg Jarrett,thegreggjarrett.com,0.438272583801517,1,9,13,13,13,12.0,10.0,12.0,1,1,1
H2369,Police hope tattoo leads to answers after second body part found in McKay Bay,fox13news.com,0.509941076749434,1,9,13,13,13,1.0,8.0,13.0,0,1,1
H2096,Video: Candidate For Sheriff In N.C. Suggests KILLING Americans To Take Their Guns » Alex Jones' Infowars: There's a war on for your mind!,infowars.com,0.0458475179096454,1,9,13,13,13,12.0,13.0,12.0,1,1,1
H2590,Pennsylvania Governor to Issue Stay-at-Home Order for Hard-Hit Counties in Philadelphia and Suburbs,nbcphiladelphia.com,0.883492022299128,1,9,13,13,13,1.0,6.0,10.0,0,0,1
H2458,Did Kim Kardashian have ribs removed for Met Gala 2019 look?,pagesix.com,0.457488327780295,1,9,13,13,13,1.0,0.0,13.0,0,0,1
H2505,FWPD: There are no checkpoints for stay-at-home order,fox4news.com,0.602914694779855,1,9,13,13,13,0.0,0.0,7.0,0,0,1
H3772,Susan Page didn't ask about Harris promoting a bail fund that helped release an accused sexual predator,theconservativeopinion.com,0.532204118690452,1,9,13,13,13,7.0,2.0,12.0,1,0,1
H3141,Top Senate Democrat Schumer: Whitaker should recuse himself from Russia probe,reuters.com,1.0,1,9,13,13,13,6.0,3.0,12.0,0,0,1
H3150,US and South Korea agree 'early' deployment of defence system to shoot down North Korean missiles,independent.co.uk,0.734076864473315,1,9,13,13,13,7.0,6.0,12.0,1,0,1
H3273,Top 10 ways to get deathly sick that no medical doctor will be able to solve,naturalnews.com,0.0,1,10,12,12,12,2.0,2.0,9.0,0,0,1
H0673,Trump's White House Purge to Begin Today? » Alex Jones' Infowars: There's a war on for your mind!,infowars.com,0.0458475179096454,1,10,12,12,12,3.0,3.0,7.0,0,0,1
H3923,2020 Will Be The First Halloween In Almost 2 Decades To Have A Full Moon,awarenessact.com,0.0705539230341695,1,10,12,12,12,1.0,1.0,10.0,0,0,1
H3736,"CONGRESSIONAL BLACK CAUCUS BLEW ALL OF THEIR MONEY ON CAVIAR, PRIVATE JETS, VACATIONS AND GANGSTA-STYLE PARTIES",americanjournalreview.com,0.0878375859873984,1,10,12,12,12,6.0,3.0,11.0,0,0,1
H0271,"""The Enemy is Within the House of Representatives"" - Pelosi Says Members of Congress Have Threatened Violence on Other Members of Congress (VIDEO)",thegatewaypundit.com,0.109374585525566,1,10,12,12,12,8.0,8.0,10.0,1,1,1
H1327,'American Sniper' Chris Kyle's Just Wife Issued Major Challenge to NFL - All NFL Players Should Read This,thinkamericana.com,0.125553828241878,1,10,12,12,12,2.0,1.0,5.0,0,0,0
H1274,Tell a Big Lie and Keep Repeating It,americanthinker.com,0.152499978555631,1,10,12,12,12,1.0,1.0,5.0,0,0,0
H1732,"President Trump Was Right: CDC Confirms 143 Babies Born Alive After Abortions, Left to Die",lifenews.com,0.192545226493423,1,10,12,12,12,4.0,10.0,11.0,0,1,1
H0954,You’ll Be PISSED When You See Who Just Called For Trump’s ASSASSINATION,angrypatriotmovement.com,0.207371119696342,1,10,12,12,12,1.0,6.0,5.0,0,0,0
H0389,Poll: Americans across party lines don't think they should lose their jobs over vaccination status - Right Side Broadcasting Network (RSBN),rsbnetwork.com,0.227252888499674,1,10,12,12,12,3.0,6.0,11.0,0,0,1
H3030,Kamala Harris Says Guilty Verdict For Derek Chauvin Isn't Enough,thefederalist.com,0.257333312407563,1,10,12,12,12,4.0,3.0,12.0,0,0,1
H1983,Army Veteran with AR-15 and Handgun Stands Guard Outside Indiana School,breitbart.com,0.297175368438483,1,10,12,12,12,1.0,1.0,9.0,0,0,1
H2978,Parents fed up with SJW politics campaign to oust Loudoun County school board members,theblaze.com,0.319102558515008,1,10,12,12,12,7.0,7.0,12.0,1,1,1
H1300,Nancy Pelosi warns Democrats pushing impeachment that they're adding to the 'hearsay' - Washington Times,washingtontimes.com,0.345472108057381,1,10,12,12,12,4.0,1.0,9.0,0,0,1
H2866,President Trump Raises $20 Million in First Ever Virtual Fundraiser,bongino.com,0.371435995037781,1,10,12,12,12,1.0,1.0,12.0,0,0,1
H3085,"Boy, 12, found dead weighing just 47 POUNDS after being imprisoned in feces-strewn dungeon",dailymail.co.uk,0.383860647514719,1,10,12,12,12,3.0,12.0,11.0,0,1,1
H3194,"All right, then, I'll go to hell.",dailykos.com,0.413735620185017,1,10,12,12,12,1.0,2.0,5.0,0,0,0
H3451,Soros’s Women’s March of Hate - Liberty Headlines,libertyheadlines.com,0.438762793330326,1,10,12,12,12,5.0,2.0,7.0,0,0,1
H2747,Warner Bros. CEO ensnared in alleged ‘sex for roles’ scandal,pagesix.com,0.457488327780295,1,10,12,12,12,9.0,5.0,11.0,1,0,1
H2927,"Linda Tripp Says Bill Clinton ‘Should Be Registered As Sex Offender,’ Rips Hillary: ‘Unwashed Deplorables’ • Conservative Politics Today",conservativept.com,0.48135626209817,1,10,12,12,12,9.0,7.0,11.0,1,1,1
H2771,Childish Gambino’s ‘This Is America’ Has Been Colonized,theroot.com,0.508451103212391,1,10,12,12,12,2.0,4.0,4.0,0,0,0
H0282,Trump makes no mention of DeSantis at Florida rally,foxnews.com,0.534260962262195,1,10,12,12,12,1.0,1.0,11.0,0,0,1
H0340,Multiple crashes involving more than ten vehicles snarl traffic near North Second and Spring Creek,wrex.com,0.567035271888366,1,10,12,12,12,2.0,5.0,12.0,0,0,1
H1107,Why Trump's sudden shift on Afghan refugees matters,msnbc.com,0.588104595861507,1,10,12,12,12,4.0,5.0,7.0,0,0,1
H0814,"Why Jemele Hill Is Rebuked, but Trump Gets to Be President",slate.com,0.612948190493504,1,10,12,12,12,3.0,5.0,7.0,0,0,1
H2533,AOC Is The First Member Of Congress To Address The Sexual Assault Allegations Against Joe Biden,refinery29.com,0.64613732751421,1,10,12,12,12,7.0,5.0,11.0,1,0,1
H1746,The Trump tax cut did bubkes for the working class,motherjones.com,0.660900904377969,1,10,12,12,12,6.0,6.0,11.0,0,0,1
H2459,"Mom photographs candid moment with sons, doesn't realize one has fish stuck in his mouth",fox26houston.com,0.675352572723559,1,10,12,12,12,2.0,6.0,11.0,0,0,1
H3738,"Kroger, more stores announce capacity limits, other changes",wsbtv.com,0.724212758167569,1,10,12,12,12,2.0,2.0,9.0,0,0,1
H0409,"How to get your kids to do more, so you can do less (and be happier)",today.com,0.734238148179424,1,10,12,12,12,2.0,2.0,7.0,0,0,1
H0882,Trump says he’ll act to ban TikTok in US as soon as Saturday,witn.com,0.752113421642437,1,10,12,12,12,8.0,8.0,12.0,1,1,1
H3341,Georgia's Marjorie Taylor Greene brings 'message of conservatism' to Connecticut,ctpost.com,0.799029996866919,1,10,12,12,12,2.0,2.0,9.0,0,0,1
H2566,"Room rentals, resort fees and furniture removal: How Trump’s company charged the U.S. government more than $900,000",washingtonpost.com,0.818780596798307,1,10,12,12,12,9.0,8.0,11.0,1,1,1
H2730,A Surprising Number of Americans Think Chocolate Milk Comes From Brown Cows | NBC New York,nbcnewyork.com,0.831406590643075,1,10,12,12,12,1.0,1.0,10.0,0,0,1
H2798,"Stimulus check update: Biden to unveil plan for $1,400 payments; unemployment extension",wpxi.com,0.854562721439862,1,10,12,12,12,1.0,2.0,11.0,0,0,1
H3029,Nightmarish 'Clown Motel' next to town cemetery up for sale,sfgate.com,0.88658952865011,1,10,12,12,12,1.0,1.0,11.0,0,0,1
H2353,Ruby Bridges was 6 when she walked into a segregated school. Now she teaches children to get past racial differences.,usatoday.com,0.901007708482031,1,10,12,12,12,1.0,3.0,10.0,0,0,1
H2532,"Developers love trendy new languages, but earn more with functional programming",arstechnica.com,0.946362498302995,1,10,12,12,12,1.0,1.0,8.0,0,0,1
H1373,New USPS price hikes and delays start tomorrow: What to know now,cnet.com,0.951854977853014,1,10,12,12,12,4.0,2.0,10.0,0,0,1
H3444,Venezuela cuts five zeros from currency as economic plan sows...,reuters.com,1.0,1,10,12,12,12,2.0,2.0,10.0,0,0,1
H3280,Former City of Atlanta Deputy Chief of Staff Arrested For Accepting Bribes - Breaking911,breaking911.com,0.307721359305851,1,10,12,12,12,10.0,3.0,11.0,1,0,1
H0517,Violence breaks out in Hong Kong as protesters challenge bill allowing criminal suspects to be tried in mainland China,foxnews.com,0.534260962262195,1,10,12,12,12,6.0,4.0,11.0,0,0,1
H2311,Heinrich slams president’s plan to limit asylum seekers,kob.com,0.762377581102117,1,10,12,12,12,7.0,9.0,11.0,1,1,1
H2595,White House official makes fun of ‘dying’ John McCain at meeting,nydailynews.com,0.807592058139583,1,10,12,12,12,9.0,9.0,12.0,1,1,1
H0295,The Free Black Women’s Library gives away books and black girl magic,splinternews.com,0.457115581198225,1,10,12,12,12,0.0,0.0,6.0,0,0,0
H0826,CNN: “Obama Was the Next Best Thing to Jesus”,americanjournalreview.com,0.0878375859873984,1,10,12,12,12,0.0,0.0,5.0,0,0,0
H0221,This Hidden Cocktail Lounge in Midtown Delivers Glitzy 1970s Vibes and Crafty Cocktails,eater.com,0.55039980061737,1,10,12,12,12,0.0,0.0,9.0,0,0,1
H3397,The Trumpire Strikes Back,dailycaller.com,0.469965661505635,1,10,12,12,12,5.0,2.0,3.0,0,0,0
H0543,The Pandemic Hasn’t Stopped Aggressive Medical-Debt Collection,truthout.org,0.448600038526601,1,10,12,12,12,8.0,4.0,11.0,1,0,1
H0514,"Men lynched on Frankfort bridge 110, 125 years ago remembered",wkyt.com,0.745250244624973,1,10,12,12,12,2.0,11.0,12.0,0,1,1
H1400,Skyrocketing statistics show vaccine EXEMPTIONS on the rise – the truth about vaccine dangers is spreading like wildfire,naturalnews.com,0.0,1,11,13,13,13,4.0,2.0,13.0,0,0,1
H3188,Germany to Censor Media in Upcoming Nazi-Style Purge » Alex Jones' Infowars: There's a war on for your mind!,infowars.com,0.0458475179096454,1,11,13,13,13,10.0,11.0,10.0,1,1,1
H2623,Narcissists Try To Convince You That Your Reactions Are The Problem Not Their Abuse,awarenessact.com,0.0705539230341695,1,11,13,13,13,12.0,9.0,12.0,1,1,1
H3004,"Adrenachrome ""Black Eye Club"" Finally Exposed In Detail...",welovetrump.com,0.0871406069110147,1,11,13,13,13,6.0,2.0,7.0,0,0,1
H3374,The Incredibly Dishonest and Misleading Rachel Maddow - A Collage of Creepy and Inaccurate Fake News Reports,thegatewaypundit.com,0.109374585525566,1,11,13,13,13,9.0,6.0,11.0,1,0,1
H3981,Chairman Devin Nunes: American People Will Be “Shocked” If Remaining Pages of Carter Page FISA Application are Unredacted…,theconservativetreehouse.com,0.135066562651449,1,11,13,13,13,3.0,4.0,11.0,0,0,1
H0273,Facebook Removes Anne Frank Center’s Post Promoting Holocaust Education,israelislamandendtimes.com,0.17132273362835,1,11,13,13,13,11.0,10.0,13.0,1,1,1
H2290,Measles virus wipes cancer tumor the size of a golf ball in 36 hours,getholistichealth.com,0.197927783468443,1,11,13,13,13,6.0,5.0,13.0,0,0,1
H3166,Whistleblower Exposes Kamala Harris in Illegal Wiretapping Operation Against Americans,joeforamerica.com,0.208987133170493,1,11,13,13,13,11.0,10.0,12.0,1,1,1
H3117,"Nigeria: Islamic jihadis have made 59,311 orphans and 59,213 widows in Borno state alone",jihadwatch.org,0.23030350568835,1,11,13,13,13,12.0,13.0,13.0,1,1,1
H3282,"As COVID Rages, Soros Says 'Revolutionary Moment' Is Now, Unclear What Will Happen to Capitalism",thefederalistpapers.org,0.251152108890861,1,11,13,13,13,3.0,3.0,9.0,0,0,1
H1491,Woketard Olivia Wilde's 'Don't Worry Darling' Blasted by Critics,breitbart.com,0.297175368438483,1,11,13,13,13,10.0,10.0,10.0,1,1,1
H2106,"Nancy’s, Not Trump’s Fault! Capitol Police Reveals Security Failures On Pelosi’s Watch – Finish The Race",finishtherace.com,0.324504287507122,1,11,13,13,13,8.0,8.0,11.0,1,1,1
H3814,Man Finds An Enormous Wolf Caught In A Trap. Watch Him Set The Big Beautiful Animal Free,nativestuff.us,0.328633442713656,1,11,13,13,13,4.0,11.0,13.0,0,1,1
H0557,AP Reporter Unloads On Biden Official: ‘All Of This Work Was Done In The Previous Administration’,dailywire.com,0.357498144984751,1,11,13,13,13,6.0,4.0,8.0,0,0,1
H0435,Shocking Photos From The Philippines Show Wedding Between 13-Year-Old Girl And 48-Year-Old Man,thinkinghumanity.com,0.379209471054479,1,11,13,13,13,12.0,12.0,13.0,1,1,1
H1406,Colin Kaepernick’s new Nike jersey sells out in minutes (photo) | News Break,newsbreak.com,0.411188765089231,1,11,13,13,13,0.0,0.0,13.0,0,0,1
H2350,"Man Stopped from Jumping off Bridge Turns His Life around, Is Baptized",christianheadlines.com,0.440617250267606,1,11,13,13,13,0.0,1.0,13.0,0,0,1
H0108,'They’re screwed': Legal experts erupt after NY AG hits Trump and his family with massive fraud lawsuit,rawstory.com,0.461914938868004,1,11,13,13,13,10.0,8.0,12.0,1,1,1
H3529,"JUST IN: Young Reporter Says Gov. Cuomo Made Her ‘Uncomfortable’ With Unwanted And Inappropriate Flirting, Special Access",chicksonright.com,0.490047310819928,1,11,13,13,13,13.0,13.0,13.0,1,1,1
H1632,"Tiffany Haddish, Aries Spears Accused Of Child Sexual Abuse",bet.com,0.512337095957491,1,11,13,13,13,10.0,7.0,12.0,1,1,1
H2008,Biden Adviser Compares Sanders at Debate to the 'Kind of Protester Who Often Shows Up at Campaign Events',commondreams.org,0.542461094772567,1,11,13,13,13,3.0,4.0,10.0,0,0,1
H2951,Patriots Fan Switches His Allegiance To The Chiefs After New England Gets Eliminated (VIDEO),totalprosports.com,0.564616923333448,1,11,13,13,13,2.0,2.0,13.0,0,0,1
H0908,Mom Who Got Kicked Off Flight Just Went On Vacation,mamasuncut.com,0.593319429205137,1,11,13,13,13,1.0,8.0,12.0,0,1,1
H0616,"Protesters brave heavy rain, thunderstorm to March for Justice in Frederick",fredericknewspost.com,0.602368649173253,1,11,13,13,13,0.0,3.0,12.0,0,0,1
H2515,"'Racism is evil.' Trump's second Charlottesville statement nails it. So, why was that so hard?",hermancain.com,0.634141830619293,1,11,13,13,13,3.0,2.0,9.0,0,0,1
H2598,Stranger gifts car to struggling student working two jobs,wxyz.com,0.655830966765023,1,11,13,13,13,0.0,2.0,13.0,0,0,1
H2637,O.J. Simpson Won't Go to L.A. Out of Fear of Running Into Real Killer,tmz.com,0.69853717450643,1,11,13,13,13,6.0,6.0,12.0,0,0,1
H2707,AMBER ALERT: Police searching for two abducted Texas children,bigcountryhomepage.com,0.701212083605117,1,11,13,13,13,2.0,13.0,13.0,0,1,1
H0047,"Amid measles outbreaks, Facebook considering how to reduce spread of anti-vaccine content",foxcarolina.com,0.734086944548371,1,11,13,13,13,5.0,4.0,13.0,0,0,1
H3657,Queen reportedly shut down Meghan and Harry's latest request for independence: They 'were told 'no'',aol.com,0.774220388842363,1,11,13,13,13,12.0,13.0,12.0,1,1,1
H0392,Second Amendment Sanctuaries Started in 1774 | Stephen P. Halbrook,independent.org,0.777473379039915,1,11,13,13,13,0.0,1.0,11.0,0,0,1
H0693,"On the far side of the Moon, China's lunar lander makes a game-changing discovery",inverse.com,0.81633964127538,1,11,13,13,13,0.0,0.0,11.0,0,0,1
H1626,"‘Do the Right Thing’ Is Streaming for Free Online, Spike Lee to Hold Live Discussion",variety.com,0.830936725464152,1,11,13,13,13,0.0,0.0,13.0,0,0,1
H2494,"OPINION: Atlanta is ‘a city under siege,’ pastor says. Amen, preach",ajc.com,0.871841207336381,1,11,13,13,13,2.0,8.0,10.0,0,1,1
H1036,Milspouse Tweet Prompts Disney to Send ‘Avengers: Endgame’ to Deployed Troops,military.com,0.879015340541404,1,11,13,13,13,1.0,2.0,12.0,0,0,1
H0707,Report: 'Judge Judy' ending 25-year run,9news.com,0.905833875771101,1,11,13,13,13,0.0,0.0,13.0,0,0,1
H1844,Operation Warp Speed's Logistics Chief Weighs In On Vaccine Progress,npr.org,0.930525246755544,1,11,13,13,13,0.0,0.0,11.0,0,0,1
H0617,How Tyrus Wong's Christmas Cards Captivated the American Public,smithsonianmag.com,0.971184072481041,1,11,13,13,13,0.0,0.0,11.0,0,0,1
H2250,"Toll expected to rise in blast that shook Beirut, killing 78 and injuring thousands",reuters.com,1.0,1,11,13,13,13,4.0,12.0,13.0,0,1,1
H0612,Trump Just Made Huge Labor Day Announcement That Has Millions Of Americans Really Excited!,rwnofficial.com,0.393157872437169,1,11,13,13,13,0.0,0.0,11.0,0,0,1
H0252,"Kennesaw State to pay cheerleader who kneeled during national anthem $145,000",11alive.com,0.771488593151581,1,11,13,13,13,7.0,9.0,13.0,1,1,1
H3900,"Milwaukee man accused of being a serial robber, hitting 6 businesses in 2 weeks",fox6now.com,0.593319429205137,1,11,13,13,13,12.0,11.0,13.0,1,1,1
H2023,Illinois' low credit rating at risk without budget action : S&P,reuters.com,1.0,1,11,13,13,13,1.0,2.0,12.0,0,0,1
H2207,Ami Horowitz SCHOOLS Don Lemon Over Muslim Migrant Crime Rate in Sweden,louderwithcrowder.com,0.311310547480834,1,11,13,13,13,5.0,4.0,13.0,0,0,1
H1913,Scientists Just Discovered a Brand-New Type of Galaxy,sciencealert.com,0.889522345717257,1,11,13,13,13,0.0,0.0,13.0,0,0,1
H0089,Joe Biden's eye fills up with blood during a CNN climate town hall,dailymail.co.uk,0.383860647514719,1,11,13,13,13,1.0,6.0,11.0,0,0,1
H0099,Man Is Charged Tax On Energy He Creates Himself From Solar Panels | WorldTruth.Tv,worldtruth.tv,0.017643643892146,1,11,13,13,13,3.0,11.0,13.0,0,1,1
H1164,Pregnant Mom with Cancer Who Was Told To Abort Baby Refuses To Give Up Fight for Son,westernjournal.com,0.212942660560995,1,11,13,13,13,5.0,12.0,13.0,0,1,1
H2057,"Santa ripped off beard, told children ‘get the f*** out’ during Christmas festival meltdown",kfor.com,0.854190994448626,1,11,13,13,13,13.0,13.0,13.0,1,1,1
H0856,Mainstream researchers finally admit vitamin C kills cancer – NaturalNews.com,naturalnews.com,0.0,1,12,11,11,11,6.0,2.0,9.0,1,0,1
H1343,China Joins U.N. Human Rights Group Despite Unleashing Deadly Pandemic On Humanity,infowars.com,0.0458475179096454,1,12,11,11,11,9.0,11.0,10.0,1,1,1
H3351,Protect Yourself From Negative Energy Using These 16 Tips!,awarenessact.com,0.0705539230341695,1,12,11,11,11,3.0,1.0,9.0,0,0,1
H1905,Biden Syracuse Roommate: Yes Joe Biden Is Sexually Attracted to Children - DC Dirty Laundry,dcdirtylaundry.com,0.0916982813557337,1,12,11,11,11,9.0,9.0,9.0,1,1,1
H2994,Private Gun Sales BANNED: Incoming Democrat Governor Makes “Commonsense” Promise,conservativedailypost.com,0.124791324034711,1,12,11,11,11,2.0,4.0,9.0,0,0,1
H3638,California’s New ‘Red Flag’ Gun Laws Deemed ‘Threat to Civil Liberties’ by ACLU | Unite America First,uniteamericafirst.com,0.129014666189983,1,12,11,11,11,7.0,6.0,8.0,1,1,1
H1580,Stop the Fear-Mongering! 12 Medical Scientists Speak Out on COVID19 Responses,vaccineimpact.com,0.151269473665017,1,12,11,11,11,1.0,2.0,9.0,0,0,1
H1102,9th Las Vegas Shooting Witness Found Dead Less Than 2 Months After Attack,yournewswire.com,0.175670672284646,1,12,11,11,11,1.0,9.0,9.0,0,1,1
H2795,75 Years Ago Nazi Germany Surrendered to WWII Gen. Dwight Eisenhower and the Allies,westernjournal.com,0.212942660560995,1,12,11,11,11,6.0,4.0,10.0,1,0,1
H3179,Prominent 'Gay Conversion Therapist' Comes Out as Gay After Divorcing His Wife,themindunleashed.com,0.226698341110061,1,12,11,11,11,4.0,6.0,11.0,0,1,1
H0803,Farmed Salmon is worse than McDonald’s. It's One Of The Most Toxic Foods You Can Put In Your Body According to Studies,healthyandnaturalworld.com,0.251393269353871,1,12,11,11,11,7.0,3.0,9.0,1,0,1
H2212,Tucker Carlson Just Lost It: Called Obama 'Greasy' and One of the 'Sleaziest and Dishonest Figures in Politicians in History',politicalflare.com,0.28886565387244,1,12,11,11,11,10.0,8.0,10.0,1,1,1
H2848,Karl Rove Compares Trump To Joseph Stalin,redbluedivide.com,0.304329837810418,1,12,11,11,11,5.0,3.0,9.0,0,0,1
H3401,Biological Male Wins Women's World Championship Cycling Event ⋆ Activist Mommy,activistmommy.com,0.336766508464226,1,12,11,11,11,5.0,4.0,10.0,0,0,1
H0477,Multiple Researchers At Chinese Lab In Wuhan Were Hospitalized With COVID-19-Like Symptoms In November 2019: U.S. Intelligence Report,dailywire.com,0.357498144984751,1,12,11,11,11,2.0,8.0,9.0,0,1,1
H3982,ISIS bride from Alabama pens letter begging to be allowed to return home,dailymail.co.uk,0.383860647514719,1,12,11,11,11,2.0,7.0,9.0,0,1,1
H2437,Kobe Bryant and Wife 'Had a Deal That They Would Never Fly on a Helicopter Together': Source | News Break,newsbreak.com,0.411188765089231,1,12,11,11,11,2.0,2.0,9.0,0,0,1
H2329,Wedding DJ Finally Gets The Chance To Listen To Some Black Eyed Peas On His Own Time,theonion.com,0.445775894839608,1,12,11,11,11,0.0,0.0,8.0,0,0,1
H1767,The Corporate Media's Shameful Ignoring of the Riots and Looting,dailysignal.com,0.472969940011651,1,12,11,11,11,8.0,1.0,10.0,1,0,1
H2635,Father of 3 beaten to death while putting up Christmas lights outside Chicago home,fox10phoenix.com,0.479659730503063,1,12,11,11,11,1.0,10.0,10.0,0,1,1
H1349,VIDEO: Chilling family videos emerge of murdered woman killed by husband,dmlnews.com,0.517274691748991,1,12,11,11,11,11.0,11.0,11.0,1,1,1
H1838,"Portsmouth detectives investigating triple shooting as double homicide, suicide",wtkr.com,0.540195469823282,1,12,11,11,11,1.0,3.0,11.0,0,0,1
H0563,"Gut bacteria may influence COVID-19 severity and immune response, study suggests",foxla.com,0.559234336331404,1,12,11,11,11,3.0,2.0,10.0,0,0,1
H1745,"Gohmert sounds the alarm: ‘Attempted coup’ culprits must be held accountable, or we won’t ‘last much longer’",bizpacreview.com,0.585959008142635,1,12,11,11,11,9.0,5.0,10.0,1,0,1
H3269,Sandra Bullock Describes What The Bird Box Monster Actually Looked Like,unilad.co.uk,0.615885219031243,1,12,11,11,11,2.0,2.0,9.0,0,0,1
H2271,A federal COVID-19 task force is being sent to Amarillo to help with the rise in cases,newschannel10.com,0.642734546051654,1,12,11,11,11,3.0,2.0,9.0,0,0,1
H2565,Dunleavy sends letter encouraging potential Pebble investor - Alaska Public Media,alaskapublic.org,0.654560634148503,1,12,11,11,11,2.0,1.0,8.0,0,0,1
H0056,Missing: Asia Collins,fox8.com,0.676772122938108,1,12,11,11,11,0.0,5.0,7.0,0,0,1
H2072,Bill requiring Florida school elective Bible course OK'd in House,local10.com,0.704671942120245,1,12,11,11,11,1.0,1.0,8.0,0,0,1
H2275,Don’t miss April’s ‘Pink Moon’ this Friday,wcnc.com,0.737566910383077,1,12,11,11,11,0.0,0.0,6.0,0,0,1
H2375,I Let My Instagram Followers Dictate My Life and Ended Up 250 Miles from Home,vice.com,0.754994791293065,1,12,11,11,11,6.0,6.0,10.0,1,1,1
H3114,Boston’s Museum of Fine Arts opening major Matisse exhibit,boston.com,0.799029996866919,1,12,11,11,11,0.0,0.0,9.0,0,0,1
H3522,"After years of fine-tuning my finances, here's my 3-step process to make retirement savings automatic",businessinsider.com,0.804965428527866,1,12,11,11,11,0.0,0.0,9.0,0,0,1
H0313,5 Tips For An Effective Instagram Story Takeover,forbes.com,0.829500343762818,1,12,11,11,11,0.0,0.0,8.0,0,0,1
H3868,Stephen A. calls Nets bringing back Kyrie 'shameful' - ESPN Video,espn.com,0.85282809463095,1,12,11,11,11,9.0,7.0,10.0,1,1,1
H1154,Not a Drill: Pizza Is a Healthier Breakfast Option Than Your Average Cereal,relevantmagazine.com,0.89439068993141,1,12,11,11,11,1.0,1.0,10.0,0,0,1
H0767,This could be the best roller coaster in Florida ⁠— and beyond,usatoday.com,0.901007708482031,1,12,11,11,11,0.0,0.0,9.0,0,0,1
H2592,"Local Governments In Poland Rescind Anti-LGBT Resolutions, Fearing Loss Of EU Funding",npr.org,0.930525246755544,1,12,11,11,11,7.0,5.0,10.0,1,0,1
H2546,Winston Churchill’s essay on alien life found : Nature News & Comment,nature.com,0.964534054690512,1,12,11,11,11,0.0,0.0,8.0,0,0,1
H1546,"New Mexico, Colorado wildfires force hundreds to evacuate",reuters.com,1.0,1,12,11,11,11,7.0,7.0,11.0,1,1,1
H3149,Permitting over-the-counter (OTC) use of hydroxychloroquine (HCQ) to protect against COVID-19 under an emergency EO. | We the People: Your Voice in Our Government,whitehouse.gov,0.705621297642405,1,12,11,11,11,0.0,0.0,9.0,0,0,1
H0110,Presenting the Feel-Good Video of the Summer: Miss Eaves's 'Thunder Thighs',jezebel.com,0.493729304201801,1,12,11,11,11,0.0,0.0,7.0,0,0,1
H3062,Comeback kids: Nokia goes low while BlackBerry aims high -- for now - CNET,cnet.com,0.951854977853014,1,12,11,11,11,1.0,1.0,8.0,0,0,1
H0021,Judge slaps down Dem gambit in Trump impeachment probe,foxnews.com,0.534260962262195,1,12,11,11,11,7.0,7.0,8.0,1,1,1
H3820,"‘Whether they accept it or not, it’s going to happen’ — Netanyahu lays out Palestinian submission to Trump plan – Mondoweiss",mondoweiss.net,0.278851150989863,1,12,11,11,11,6.0,7.0,10.0,1,1,1
H2343,Holcomb activates Indiana National Guard to assist with coronavirus response,nwitimes.com,0.925960447501987,1,12,11,11,11,2.0,1.0,10.0,0,0,1
H1590,"The Holy Roman Church -- The System Works, Because You Work",humansarefree.com,0.0572211982440859,1,12,11,11,11,0.0,0.0,7.0,0,0,1
H2712,GOP goes ‘nuclear’ to speed Trump nominees through Senate,washingtontimes.com,0.345472108057381,1,12,11,11,11,3.0,1.0,8.0,0,0,1
H2409,WWE wrestler Kane wins election for mayor,fox6now.com,0.593319429205137,1,12,11,11,11,0.0,0.0,11.0,0,0,1
H1806,"It Turns Out – People Who Talk To Themselves Aren’t Crazy, They’re Geniuses",anonhq.com,0.189886524894255,1,12,11,11,11,1.0,2.0,8.0,0,0,1
H1259,Project SCoPEx: Bill Gates Pursuing A Plan To Carry Out Planetary Genocide Under The Guise of Halting 'Climate Change',worldtruth.tv,0.017643643892146,1,13,12,12,12,10.0,7.0,8.0,1,1,1
H3714,'Ketchup on Canvas' Modern Art Sells For Nearly $50 Million Dollars » Alex Jones' Infowars: There's a war on for your mind!,infowars.com,0.0458475179096454,1,13,12,12,12,2.0,3.0,8.0,0,0,1
H1022,Shooters Seen By Vegas Airport Control Tower! FBI Fairy Tale Destroyed! | Alternative,beforeitsnews.com,0.0560036536327054,1,13,12,12,12,9.0,3.0,6.0,1,0,0
H0821,Watch Free - Disinformation Tactics,gaia.com,0.075993329502495,1,13,12,12,12,0.0,0.0,3.0,0,0,0
H1720,"They're Not Sending Their Best... House Democrat Accused of ""Throuple"" Relationship with Female Staffer and Ex-Husband - Then Reportedly Left Them for Another Campaign Worker",thegatewaypundit.com,0.109374585525566,1,13,12,12,12,10.0,8.0,10.0,1,1,1
H3842,Jen Psaki Tests Positive For COVID-19 Despite being Fully Vaccinated | DJHJ Media,djhjmedia.com,0.129014666189983,1,13,12,12,12,1.0,6.0,12.0,0,0,1
H1324,31 locations of Vimana components according to the Vymaanika-Shaastra,ancient-code.com,0.168596719693486,1,13,12,12,12,0.0,0.0,3.0,0,0,0
H3519,Estimates Show US Is on Track to Encounter 2 Million Migrants on Southern Border in 2021,davidharrisjr.com,0.189197213121713,1,13,12,12,12,4.0,4.0,10.0,0,0,1
H1853,Angry Liberal Professor: “Black People are SCREWED Because White People are in Charge”,defiantamerica.com,0.217994897222802,1,13,12,12,12,9.0,11.0,9.0,1,1,1
H2845,"Andrew Cuomo Explains Placing Wuhan Patients in Nursing Home Deaths by Saying 'Old People Die, That Is Going to Happen'",redstate.com,0.245895808935139,1,13,12,12,12,9.0,9.0,10.0,1,1,1
H0527,"Democrats Unveil New Stimulus Bill That Would Bankrupt America, Literally – Sons of 1776",sonsof1776.com,0.272072244555301,1,13,12,12,12,11.0,11.0,11.0,1,1,1
H1452,Biden Pledges $100 Billion To Fight 'Systemic Racism' and Will Have YOU Pay For It,trendingpolitics.com,0.287311270378793,1,13,12,12,12,8.0,8.0,10.0,1,1,1
H0992,Criminal probe widens into DA who charged officers in Rayshard Brooks death — now involves the Brooks case,theblaze.com,0.319102558515008,1,13,12,12,12,10.0,9.0,7.0,1,1,1
H0478,Michigan Republicans file articles of impeachment against Gretchen Whitmer,washingtontimes.com,0.345472108057381,1,13,12,12,12,10.0,7.0,10.0,1,1,1
H0974,Trump Sent His Economic Team Out To Defend His Executive Orders And It Was A Total Disaster,politicususa.com,0.35845073650398,1,13,12,12,12,5.0,1.0,12.0,0,0,1
H2945,Is The Universe Trying To Tell You Something? | Energy Therapy,energytherapy.biz,0.395556997622667,1,13,12,12,12,0.0,0.0,6.0,0,0,0
H1549,"Zeldin, Republican Candidate for New York Governor, Is Attacked at Event - NewsBreak",newsbreak.com,0.411188765089231,1,13,12,12,12,1.0,11.0,11.0,0,1,1
H2992,'Pathological': Trump slaps wind and solar industry with $50 million in old rent bills while pushing Big Oil bailouts,alternet.org,0.42818441506045,1,13,12,12,12,11.0,10.0,12.0,1,1,1
H2461,"Federal Judge Flips Trump Order, Reinstates Obama’s WOTUS Rule",dailycaller.com,0.469965661505635,1,13,12,12,12,4.0,3.0,8.0,0,0,1
H3532,Teamster Insurgents Could Win Their Union Election,inthesetimes.com,0.498925393419515,1,13,12,12,12,2.0,1.0,8.0,0,0,1
H3252,"Family Files $10 Million Lawsuit Against City of Phoenix After Police Allegedly Assault, Threaten to Shoot Family",theroot.com,0.508451103212391,1,13,12,12,12,12.0,12.0,11.0,1,1,1
H0505,Michigan Democrat who recovered from coronavirus: Everyone needs to get behind the president,foxnews.com,0.534260962262195,1,13,12,12,12,3.0,4.0,9.0,0,0,1
H2487,Gov. Abbott orders DPS to shut down driver's license offices,kwtx.com,0.570986312367086,1,13,12,12,12,7.0,5.0,11.0,1,0,1
H2714,Don't fall for 'Secret Sister' scam on Facebook,wjbf.com,0.575169476761627,1,13,12,12,12,8.0,5.0,9.0,1,0,1
H3477,This Little Girl Is Being Called the 'Deer Whisperer After Lost Newborn Fawn Approached Her,shared.com,0.602914694779855,1,13,12,12,12,0.0,3.0,11.0,0,0,1
H1691,Young kids found locked in SUV outside MGM; mother arrested,fox2detroit.com,0.643031541674892,1,13,12,12,12,12.0,12.0,12.0,1,1,1
H2374,Ocasio-Cortez calls out Manchin for referring to her as 'young lady',cnn.com,0.658031073873161,1,13,12,12,12,7.0,7.0,11.0,1,1,1
H2958,Tom Petty Taken Off Life Support Following Hospitalization: Report,billboard.com,0.676096071646937,1,13,12,12,12,0.0,6.0,12.0,0,0,1
H1815,Phelps County Sheriff’s Office searching for missing woman,ky3.com,0.721400590316343,1,13,12,12,12,0.0,11.0,12.0,0,1,1
H0902,'Huge dog people': brewery puts images of pups in need of homes on beer cans,theguardian.com,0.74959222370997,1,13,12,12,12,0.0,4.0,9.0,0,0,1
H2418,The 2020 Chevy Blazer Is So Disappointing It Hurts a Bit,jalopnik.com,0.750225662871116,1,13,12,12,12,1.0,0.0,9.0,0,0,1
H2071,Wilmington's Rodney Square to get $6 million to $8 million facelift,delawareonline.com,0.786132856347471,1,13,12,12,12,0.0,0.0,9.0,0,0,1
H3965,Suspected vandal bites off and swallows cop’s middle fingertip,nydailynews.com,0.807592058139583,1,13,12,12,12,12.0,12.0,11.0,1,1,1
H2395,Community Choice Is Driving California's Precocious Energy Revolution,forbes.com,0.829500343762818,1,13,12,12,12,1.0,0.0,8.0,0,0,1
H0062,Politicians Don't Trust Facebook—Unless They're Campaigning,wired.com,0.852038156276351,1,13,12,12,12,5.0,1.0,11.0,0,0,1
H3449,UAW official warns 'we can't assume' electric vehicles will bring good jobs,detroitnews.com,0.880281192242957,1,13,12,12,12,1.0,0.0,10.0,0,0,1
H0181,People in water at Myrtle Beach unaware of sharks lurking inches away,ketv.com,0.905571729093681,1,13,12,12,12,9.0,6.0,10.0,1,0,1
H0957,"Woman driving Corvette strikes woman standing by truck in Downtown Detroit hit-and-run, police say",clickondetroit.com,0.92604876697167,1,13,12,12,12,12.0,11.0,11.0,1,1,1
H3844,US officials call for pause on Johnson & Johnson vaccine rollout due to clotting problems,cnet.com,0.951854977853014,1,13,12,12,12,5.0,3.0,12.0,0,0,1
H2985,"Asian shares propped up by hopes for Sino-US trade deal, cautious Fed",reuters.com,1.0,1,13,12,12,12,0.0,0.0,5.0,0,0,0
H2055,'Devastated:' Many Grieve After NJ Officer Killed In Car Chase,patch.com,0.933491002134259,1,13,12,12,12,2.0,12.0,12.0,0,1,1
H0238,Pentagon Spox Fires Back At Dana Perino Over Question About ‘Woke’ Military: ‘Ridiculous’,dailywire.com,0.357498144984751,1,13,12,12,12,8.0,6.0,10.0,1,0,1
H1264,Hillary Weighs In On Kavanaugh Accusation; Bill Clinton Accuser Responds,dailywire.com,0.357498144984751,1,13,12,12,12,5.0,6.0,8.0,0,0,1
H3635,"Majority of American Voters View Biden Administration As Illegitimate - 74% of Republicans, 30% of Democrats and 51% of Independents - The Last Refuge",theconservativetreehouse.com,0.135066562651449,1,13,12,12,12,5.0,5.0,11.0,0,0,1
H3664,Hidden Ways Your Pet Can Suffer From Your Stress,mercola.com,0.174179298813923,1,13,12,12,12,7.0,8.0,12.0,1,1,1
H1158,Venezuela Housing Mission Delivers Nearly 2 Million Homes to Needy Families,telesurtv.net,0.216512694557044,1,13,12,12,12,0.0,3.0,11.0,0,0,1
H0266,Dean Cain: Celebs calling to defund police exposing their own hypocrisy,foxnews.com,0.534260962262195,1,13,12,12,12,7.0,3.0,11.0,1,0,1
H1429,Minnesota sees 2nd death from COVID-19 as hospitalizations continue to spike,fox9.com,0.498615762653852,1,13,12,12,12,9.0,7.0,11.0,1,1,1
H0609,Ted Cruz Fires Back At Jim Carrey With FIRE AND FURY For Sick Painting Attacking Covington Kids,ilovemyfreedom.org,0.167993938241521,1,13,12,12,12,10.0,11.0,10.0,1,1,1
H2449,"Here’s The Real Reason Dirty Cop Mueller Was Tapped to Take Down Trump, President Of The United States – Lawsuit Alleges Mueller’s Role In 9/11 Cover Up[Opinion]",illicitinfo.com,0.18930777672952,1,13,12,12,12,11.0,9.0,9.0,1,1,1
H1579,"First They Gave Us COVID-19, Now Chinese Drones Are Surveilling Americans In 22 States With Captured Data Likely Send Back To China",worldtruth.tv,0.017643643892146,1,14,9,9,9,9.0,9.0,9.0,1,1,1
H3702,"Kennedy, De Niro to Hold Major Vaccine Safety Press Conference » Alex Jones' Infowars: There's a war on for your mind!",infowars.com,0.0458475179096454,1,14,9,9,9,2.0,1.0,8.0,0,0,1
H1527,Vitamin C can help reduce toxic levels of lead in the blood,newstarget.com,0.0723314494829261,1,14,9,9,9,1.0,1.0,9.0,0,0,1
H1671,Trump Wisconsin Rally Likely TOPPED Attendance Record Set By Elton John in 2003!,welovetrump.com,0.0871406069110147,1,14,9,9,9,1.0,1.0,9.0,0,0,1
H1055,"Dem NY Gov. Andrew Cuomo Sexually Harassed Multiple Women, Violated Federal and State Law: AG Letitia James (VIDEO)",thegatewaypundit.com,0.109374585525566,1,14,9,9,9,8.0,8.0,9.0,1,1,1
H0005,"Do You Have These 13 Traits? If So, You're Far Smarter Than You Think.",ewao.com,0.131186638839105,1,14,9,9,9,0.0,2.0,8.0,0,0,1
H1541,Video: Trey Gowdy Just Spoke Out With HUGE Announcement On Comey’s FBI Job!,ilovemyfreedom.org,0.167993938241521,1,14,9,9,9,1.0,2.0,7.0,0,0,1
H0277,"“Wipe the Soviet Union Off the Map”, 204 Atomic Bombs against Major Cities, US Nuclear Attack against USSR Planned Prior to End of World War II | Global Research - Centre for Research on Globalization",globalresearch.ca,0.176169765597604,1,14,9,9,9,6.0,5.0,6.0,1,1,1
H1971,"ATLANTA JUDGE Punished for Telling the Truth About Radical Antifa Protesters ""Tearing Down Monuments"" * 100percentfedUp.com",100percentfedup.com,0.21938033253327,1,14,9,9,9,8.0,7.0,9.0,1,1,1
H0978,"Football Refs See Players Take Knee During Anthem, Set Internet On Fire With Protest Of Their Own",libertywriters.com,0.243485698471787,1,14,9,9,9,2.0,2.0,9.0,0,0,1
H3105,"In The Dead Of Night, Baltimore Democrats Order Removal As Conservatives Sleep",teddystick.com,0.272072244555301,1,14,9,9,9,5.0,5.0,6.0,1,1,1
H3579,Russian strategic bombers escorted by US F-22 over neutral Arctic waters – MoD,rt.com,0.293277424671587,1,14,9,9,9,3.0,2.0,9.0,0,0,1
H1607,A nurse in the US contracts Coronavirus a week after getting vaccine,endtimeheadlines.org,0.315216786291459,1,14,9,9,9,5.0,7.0,8.0,1,1,1
H3389,"Zuckerberg Loses $71 Billion in Net Worth, Biggest Lost of Wealth Than Any Other Billionaire",analyzingamerica.org,0.334544111691153,1,14,9,9,9,1.0,6.0,9.0,0,1,1
H3180,Donald Trump caught bragging that he helped cover up murder of American journalist Jamal Khashoggi - Palmer Report,palmerreport.com,0.360703012753001,1,14,9,9,9,8.0,8.0,9.0,1,1,1
H3847,Three-eyed 'dinosaur shrimp' emerge in Arizona after years of dormancy,dailymail.co.uk,0.383860647514719,1,14,9,9,9,0.0,0.0,9.0,0,0,1
H1864,These abortion bans sound like they come from a dystopian nightmare—but they’re very real,dailykos.com,0.413735620185017,1,14,9,9,9,2.0,2.0,8.0,0,0,1
H3986,"Chihuahua won’t stop shaking at shelter, but everything changes when WW2 vet holds her - NTD Inspired",ntd.tv,0.43614522152228,1,14,9,9,9,1.0,3.0,9.0,0,0,1
H3028,Donald Trump fires back at Chief Justice John Roberts: You do have ‘Obama judges’ and judiciary is not ‘independent’,rawstory.com,0.461914938868004,1,14,9,9,9,5.0,4.0,8.0,1,0,1
H1779,Idaho Man Targeted Kids At A 3-Year-Old’s Birthday Party As He Stabbed 6 Children,theblackloop.com,0.485752746626203,1,14,9,9,9,9.0,9.0,9.0,1,1,1
H3356,‘Something truly special’: National anthem rendition goes viral after fans in sold-out stadium join in,washingtonexaminer.com,0.508074929491517,1,14,9,9,9,0.0,0.0,8.0,0,0,1
H2776,10 potent home remedies for falling asleep fast,remedydaily.com,0.5487994563954,1,14,9,9,9,0.0,0.0,8.0,0,0,1
H0241,Two Huge Great White Sharks Are Swimming Near South Florida Right Now,narcity.com,0.55039980061737,1,14,9,9,9,1.0,0.0,9.0,0,0,1
H3333,Smoke Signals: When Jimmy Carter Hosted Willie Nelson | RealClearPolitics,realclearpolitics.com,0.596552926855128,1,14,9,9,9,0.0,1.0,4.0,0,0,0
H1418,Trump’s Campaign Is Responsible For 15% Of All Outstanding Debt Owed To El Paso,mavenroundtable.io,0.619866921433735,1,14,9,9,9,8.0,7.0,9.0,1,1,1
H1558,Drama as Ugandan man finds out his newlywed wife is a man - Face2Face Africa,face2faceafrica.com,0.646796242304377,1,14,9,9,9,8.0,7.0,9.0,1,1,1
H3237,Armstrong Energy becomes first coal bankruptcy of Trump era,cnn.com,0.658031073873161,1,14,9,9,9,6.0,7.0,9.0,1,1,1
H0594,15 Deleted Scenes And Alternate Endings That Might Change How You See Your Favorite Movies,buzzfeed.com,0.699413557211612,1,14,9,9,9,1.0,2.0,9.0,0,0,1
H0157,LeBron James wears Beto O'Rourke for Senate hat to Lakers' game in San Antonio,cbssports.com,0.718640148890342,1,14,9,9,9,1.0,1.0,9.0,0,0,1
H2778,You can attend Super Bowl LV as a 'Fan In The Stand Cutout',abcactionnews.com,0.736018435351385,1,14,9,9,9,0.0,0.0,9.0,0,0,1
H0791,Child With Rare Form Of Liver Cancer Becomes Honorary Fort Worth Police Officer,cbslocal.com,0.751190107612549,1,14,9,9,9,3.0,5.0,9.0,0,1,1
H0049,Schoolgirls beaten in India for confronting sexual harassers,aljazeera.com,0.779267503219657,1,14,9,9,9,9.0,9.0,9.0,1,1,1
H3731,Victims' names released in fatal Quincy crash,khqa.com,0.801926844590666,1,14,9,9,9,0.0,6.0,9.0,0,1,1
H3991,U.S. House Passes Stopgap Funding Measure to Keep Government Open,bloomberg.com,0.840147313769099,1,14,9,9,9,1.0,1.0,9.0,0,0,1
H3025,Hoppz Cropz Free Marijuana Case: 175 Charges Dismissed So Far,westword.com,0.861881719955617,1,14,9,9,9,1.0,1.0,8.0,0,0,1
H2826,Man charged with murder in fatal shooting of 7-year-old girl in McDonald's drive-thru,cbsnews.com,0.879618721504846,1,14,9,9,9,9.0,9.0,9.0,1,1,1
H1367,"24 Hour Fitness files for bankruptcy, closes 134 locations",9news.com,0.905833875771101,1,14,9,9,9,2.0,1.0,9.0,0,0,1
H3922,From Bluegrass To Newgrass: The Story Of Sam Bush,npr.org,0.930525246755544,1,14,9,9,9,0.0,0.0,8.0,0,0,1
H3003,10 cool facts about the Army astronaut at the International Space Station,stripes.com,0.970705909096091,1,14,9,9,9,0.0,1.0,7.0,0,0,1
H0800,"U.N. launches investigation into whether Israel, Hamas committed crimes",reuters.com,1.0,1,14,9,9,9,3.0,1.0,9.0,0,0,1
H3230,Portland protester seriously injured by federal officers back in hospital,katu.com,0.799546470406205,1,14,9,9,9,9.0,9.0,9.0,1,1,1
H3961,"“Migrants” Now Renting Children To Stay in U.S., Knowing “Families” Get To Stay",thenewamerican.com,0.410760615388774,1,14,9,9,9,7.0,8.0,8.0,1,1,1
H2151,Georgia Judge Signals He Will Allow Review of Ballots in Fulton County,westernjournal.com,0.212942660560995,1,14,9,9,9,1.0,1.0,8.0,0,0,1
H3890,BUSTED: Trump Team EMBROILED In New SCANDAL - What They Did Will Make You SICK [DETAILS],realtimepolitics.com,0.431190730681202,1,14,9,9,9,7.0,1.0,7.0,1,0,1
H3893,Franklin Graham: Pray To Jesus That A Gay Man Doesn't Win Kim Davis' Job As A Kentucky County Clerk - Joe.My.God.,joemygod.com,0.691306609447258,1,14,9,9,9,6.0,4.0,8.0,1,0,1
H2682,"Target raises minimum wage to $15 per hour, with $200 bonus for frontline workers",wchstv.com,0.808470147513018,1,14,9,9,9,1.0,1.0,8.0,0,0,1
H0398,Obama Just Revealed His Plan To Respond To Trump's DACA Decision,occupydemocrats.com,0.17563289387131,1,14,9,9,9,3.0,3.0,9.0,0,0,1
H3144,"Trump Tweets Racist Meme About 2020 Opponent, Americans Rip Him Apart · DC Tribune",dctribune.org,0.384747319165608,1,14,9,9,9,9.0,7.0,9.0,1,1,1
H2912,"Canada: Jihadi tells court, ""Damn your legislation, go to hell. Hey you infidels, I do not worship what you worship.""",jihadwatch.org,0.23030350568835,1,14,9,9,9,6.0,3.0,9.0,1,0,1
H2567,'WE PRAYED FOR THIS DAY': Governor Kristi Noem Announces 'Abortions Have Stopped in South Dakota',hannity.com,0.26091281309063,1,14,9,9,9,1.0,2.0,8.0,0,0,1
H0433,Monsanto wants to replace the bees they are killing with genetically engineered flying ants,naturalnews.com,0.0,1,15,10,10,10,7.0,10.0,8.0,1,1,1
H2828,Researchers: Hidden Signals in TV Ads Direct Smartphones to Spy on Owners » Alex Jones' Infowars: There's a war on for your mind!,infowars.com,0.0458475179096454,1,15,10,10,10,4.0,5.0,8.0,0,0,1
H3167,Are You Suffering from Chemtrail Flu?,awarenessact.com,0.0705539230341695,1,15,10,10,10,4.0,3.0,5.0,0,0,0
H2943,BREAKING REPORT: Is This Why They Don't Want You To Know About Ivermectin?,welovetrump.com,0.0871406069110147,1,15,10,10,10,2.0,3.0,5.0,0,0,0
H1493,Dr Sucharit Bhakdi: Organs Of Dead Vaccinated Proves Auto Immune Attack - 22/12/2021,bitchute.com,0.124014428918512,1,15,10,10,10,4.0,4.0,7.0,0,0,1
H2042,Why are Americans So Sick?,thevaccinereaction.org,0.143534855190357,1,15,10,10,10,1.0,6.0,5.0,0,1,0
H1073,Confidential report unearths Tariq Ramadan’s sexual assaults of underage girls - Geller Report,gellerreport.com,0.155474348242861,1,15,10,10,10,8.0,8.0,9.0,1,1,1
H2946,"Toxic, Metallic Compounds Found in All COVID Vaccine Samples Analyzed by German Scientists",childrenshealthdefense.org,0.176169765597604,1,15,10,10,10,4.0,4.0,7.0,0,0,1
H1150,"Swalwell Tries Slandering Trump on 1st Amend., Crenshaw Shuts Him Down with History Lesson on Dems, Obama",westernjournal.com,0.212942660560995,1,15,10,10,10,5.0,5.0,8.0,0,0,1
H0854,"SWEDEN ON BRINK OF CIVIL WAR: Police begging for help, legal system collapsing – BARE NAKED ISLAM",barenakedislam.com,0.236041659046435,1,15,10,10,10,1.0,6.0,6.0,0,1,1
H2607,"Rob Reiner Shows Why His Nickname Is 'Meathead' After He Blames President Trump For Coronavirus Deaths, He Will Regret It Big Time",rightwingtribune.com,0.259999476847222,1,15,10,10,10,6.0,7.0,8.0,1,1,1
H0683,How Robert Mueller Sabotaged Counterterror Training in 2012,freedomoutpost.com,0.279844604398071,1,15,10,10,10,6.0,5.0,8.0,1,0,1
H1540,Jemele Hill leads chorus of liberal black voices mocking Democrats over their kneeling political stunt,theblaze.com,0.319102558515008,1,15,10,10,10,4.0,4.0,8.0,0,0,1
H0786,Mnuchin caught covering up GOP tax scam info that proves it’s a lie,shareblue.com,0.335857768068227,1,15,10,10,10,8.0,3.0,7.0,1,0,1
H1420,WHOOPS: Maxine Waters Hit With FEC Complaint Over Fundraising Letters,dailywire.com,0.357498144984751,1,15,10,10,10,4.0,2.0,8.0,0,0,1
H1698,Couple live with their pet RACCOON after rescuing her as a baby,dailymail.co.uk,0.383860647514719,1,15,10,10,10,0.0,3.0,10.0,0,0,1
H2267,Waterbury Fire Department battles four-story blaze | News Break,newsbreak.com,0.411188765089231,1,15,10,10,10,2.0,4.0,8.0,0,0,1
H3382,Socialism Knocking on America's Door: Warren Wants to Break Up Companies - Sara A. Carter,saraacarter.com,0.436144337268981,1,15,10,10,10,6.0,5.0,6.0,1,0,1
H0766,Puerto Rico’s Colonial Legacy and Its Continuing Economic Troubles,counterpunch.org,0.464496009471983,1,15,10,10,10,1.0,4.0,9.0,0,0,1
H2217,"There Is a Nationwide Day of Action Against Muslims on June 10th, and We Need to Stop It | Anti-Fascist News",antifascistnews.net,0.481134511542231,1,15,10,10,10,2.0,8.0,10.0,0,1,1
H0565,"Trump Brags He 'Read so Much About D-Day,' and Twitter Tore Him to Bits",pride.com,0.521089939566674,1,15,10,10,10,6.0,5.0,9.0,1,0,1
H2909,'Chaos and confusion' at the White House has staffers considering jumping ship: Bruce,foxnews.com,0.534260962262195,1,15,10,10,10,3.0,6.0,8.0,0,1,1
H0124,Beloved Cape Cod restaurant transformed for ‘American Horror Story’ shoot,whdh.com,0.571076616273191,1,15,10,10,10,2.0,3.0,8.0,0,0,1
H1026,Crowd Recites Lord’s Prayer at Football Game After Group Complains About Loudspeaker Prayer,christiannews.net,0.594963841169782,1,15,10,10,10,2.0,4.0,7.0,0,0,1
H3631,Investigation of Company Linked to James Biden Complicating Efforts to Retrieve Ventilators,americarisingpac.org,0.613601275347775,1,15,10,10,10,5.0,3.0,7.0,0,0,1
H0633,"Girl, 2, accidentally shot by father cleaning gun in Apple Valley",abc7.com,0.646796242304377,1,15,10,10,10,4.0,7.0,8.0,0,1,1
H0890,Edwin Luna responde qué pasaría si Kimberly Flores se acuesta con otro,telemundo.com,0.673588160025729,1,15,10,10,10,1.0,2.0,3.0,0,0,0
H3728,2 dolphins found dead in Florida were stabbed or shot; reward offered,wkrg.com,0.676506619147883,1,15,10,10,10,2.0,9.0,8.0,0,1,1
H3192,"Family members say deputies shot in “ambush attack” in need of prayers, continued support",wistv.com,0.706938186219174,1,15,10,10,10,5.0,9.0,8.0,0,1,1
H2979,Trump-Russia investigation reignites as Senate asks aides to hand over notes | US news | The Guardian,theguardian.com,0.74959222370997,1,15,10,10,10,4.0,3.0,7.0,0,0,1
H3832,Drake Celebrates “God’s Plan” Scholarship Recipient Getting Her Master’s Degree,complex.com,0.753641011616367,1,15,10,10,10,0.0,1.0,6.0,0,0,1
H0972,Rachael Rollins would be ‘honored’ to face arrest over ICE resistance,bostonherald.com,0.797928569694443,1,15,10,10,10,6.0,6.0,9.0,1,1,1
H0048,Sports Illustrated Swimsuit Issue features first-ever model in burkini and hijab,nydailynews.com,0.807592058139583,1,15,10,10,10,0.0,1.0,9.0,0,0,1
H0454,"‘Shadow and Bone’ Is a Major Hit for Netflix, but It Almost Didn’t Happen",variety.com,0.830936725464152,1,15,10,10,10,1.0,1.0,7.0,0,0,1
H1360,A highly contagious virus is killing rabbits in multiple states,wgntv.com,0.854788060655499,1,15,10,10,10,8.0,9.0,10.0,1,1,1
H2357,What public libraries will lose without net neutrality,theverge.com,0.882320056922523,1,15,10,10,10,4.0,5.0,8.0,0,0,1
H1121,Boeing T-X first official EMD flight test was 'superb',wearethemighty.com,0.905571729093681,1,15,10,10,10,1.0,0.0,8.0,0,0,1
H0948,Most dangerous storms expected during Monday afternoon commute,nwitimes.com,0.925960447501987,1,15,10,10,10,4.0,1.0,8.0,0,0,1
H3655,How ecstasy and psilocybin are shaking up psychiatry,nature.com,0.964534054690512,1,15,10,10,10,3.0,3.0,5.0,0,0,0
H3937,OPEC+ rebuffs U.S. calls for speedier oil output increases,reuters.com,1.0,1,15,10,10,10,3.0,3.0,8.0,0,0,1
H0045,"Ron Paul Revolution falls victim to frustration, Donald Trump",washingtontimes.com,0.345472108057381,1,15,10,10,10,5.0,7.0,7.0,0,1,1
H0319,That time when the Missouri gave full honors to a kamikaze pilot,wearethemighty.com,0.905571729093681,1,15,10,10,10,0.0,2.0,7.0,0,0,1
H0886,Border Hypocrisy: Where Is The Outrage For America’s Kids?,infowars.com,0.0458475179096454,1,15,10,10,10,4.0,6.0,5.0,0,1,0
H3284,SHARIA PATROLS VIENNA: Brutal Muslim migrant gang that broke girl's jaw accused of REGULAR 'Sharia patrol' attacks - The Geller Report,pamelageller.com,0.216405500798777,1,15,10,10,10,8.0,9.0,9.0,1,1,1
H1711,Blockbuster Lawsuit Exposes 'Confidential' Memo Showing Biden's Big Tech Collusion to Halt 'Covid Misinformation',beckernews.com,0.358021336855794,1,15,10,10,10,7.0,1.0,5.0,1,0,0
H1436,"Asked about his unpopular record on race, Trump points to wrong metric",msnbc.com,0.588104595861507,1,15,10,10,10,5.0,3.0,8.0,0,0,1
H3391,"This Weekend The Three Nations Of China, Russia And Iran Will Hold Joint Naval Drills As Middle East Tensions Over Tehran Nuclear Capabilities Rising • Now The End Begins",nowtheendbegins.com,0.0731174714253107,1,15,10,10,10,3.0,0.0,7.0,0,0,1
H1634,China Begs for Fairness in Face of New Trump Directive,westernjournal.com,0.212942660560995,1,15,10,10,10,6.0,6.0,9.0,1,1,1
H0715,California Is The First State To Ban Pet Stores From Selling Animals From Breeding Mills,littlethings.com,0.254744161661547,1,15,10,10,10,6.0,7.0,9.0,1,1,1
H3703,14-Year-Old Sex Trafficking Victim Was Forced to Have Sex Thousands of Times and Multiple Abortions,lifenews.com,0.192545226493423,1,15,10,10,10,2.0,9.0,10.0,0,1,1
H1453,Lemongrass tea can prevent memory decline,naturalnews.com,0.0,1,16,11,11,11,0.0,3.0,11.0,0,0,1
H1362,"Bumblin’ Biden Again Declares He’s Running For Senate, Tells Voters To Register At Nonexistent Website",infowars.com,0.0458475179096454,1,16,11,11,11,2.0,4.0,8.0,0,0,1
H2855,12 Things Good Men Do That Narcissists Can’t Ever Offer You,awarenessact.com,0.0705539230341695,1,16,11,11,11,5.0,3.0,11.0,0,0,1
H3381,House Judiciary Democrats Vote to Support Non-Citizens Voting in Our Elections,welovetrump.com,0.0871406069110147,1,16,11,11,11,4.0,4.0,11.0,0,0,1
H0615,Breaking: VA Dems Sneak Through Bill Undoing Confederate Monument Protections,conservativedailypost.com,0.124791324034711,1,16,11,11,11,7.0,4.0,9.0,1,0,1
H0818,Speaker Pelosi Rolls Out Plan-D: “Bribery”…,theconservativetreehouse.com,0.135066562651449,1,16,11,11,11,7.0,2.0,6.0,1,0,1
H0797,"Watermelon effectively hydrates, detoxifies, and cleanses the entire body",healthy-holistic-living.com,0.171653494614812,1,16,11,11,11,2.0,2.0,11.0,0,0,1
H0160,Apocalypse not! Proof that climate predictions are always wrong - WND,wnd.com,0.192160019649149,1,16,11,11,11,6.0,3.0,10.0,1,0,1
H0413,Camera Catches Moment Dad Confronts Alleged Pervert Taking Pictures up Daughter's Skirt,westernjournal.com,0.212942660560995,1,16,11,11,11,10.0,10.0,11.0,1,1,1
H1708,US Government Declaring All Out War On Tiny House Living,collectivelyconscious.net,0.246325520945605,1,16,11,11,11,9.0,7.0,9.0,1,1,1
H2383,Congress Republicans Just Gave Trump An Election Demand - They Want Barr To Spearhead A 2020 Special Counsel Investigation,patriotjournal.org,0.262624980707126,1,16,11,11,11,3.0,3.0,9.0,0,0,1
H0982,"New analysis suggests Guccifer 2.0 files copied locally, not hacked by Russia",rt.com,0.293277424671587,1,16,11,11,11,2.0,3.0,9.0,0,0,1
H2116,New York's abortion law helped out a man accused of murdering his pregnant girlfriend,theblaze.com,0.319102558515008,1,16,11,11,11,6.0,9.0,10.0,1,1,1
H0235,Butter is better! Nutrition experts have likely over-emphasized the benefits of using vegetable oils instead of butter.,washingtontimes.com,0.345472108057381,1,16,11,11,11,7.0,5.0,11.0,1,0,1
H3337,New York District Attorney just signaled that Donald Trump’s kids are about to go down,palmerreport.com,0.360703012753001,1,16,11,11,11,9.0,10.0,10.0,1,1,1
H0206,Steelers Players Celebrate Touchdown By Playing Hide & Seek In the End Zone (VIDEO),dailysnark.com,0.397773157571401,1,16,11,11,11,1.0,0.0,8.0,0,0,1
H0487,Brexit Is Finally Here! The UK Finally Leaves the European Union,thenewamerican.com,0.410760615388774,1,16,11,11,11,1.0,2.0,9.0,0,0,1
H2593,"Video Footage of Franken's Accuser Sexually Harassing Robin Williams Emerges, Proves She's a GIANT Fraud! [Watch Here]",realtimepolitics.com,0.431190730681202,1,16,11,11,11,10.0,10.0,9.0,1,1,1
H3129,Juan Williams announces he is leaving ‘The Five’,dailycaller.com,0.469965661505635,1,16,11,11,11,2.0,2.0,10.0,0,0,1
H3685,"Meet The Youngest District Judge In Pennsylvania, Age 27",theblackloop.com,0.485752746626203,1,16,11,11,11,0.0,0.0,10.0,0,0,1
H2741,Mt. Juliet Police searching for missing 14-year-old,wsmv.com,0.509083333052541,1,16,11,11,11,3.0,8.0,11.0,0,1,1
H0867,Google Earth Now Has Virtual Tours Of 31 National Parks To Help Beat Those Isolation Blues,vt.co,0.534931170205694,1,16,11,11,11,2.0,3.0,10.0,0,0,1
H1865,Republicans Pave The Way To Drug Test Poor And Jobless,huffpost.com,0.568450135334297,1,16,11,11,11,6.0,8.0,10.0,1,1,1
H1917,41 Little Things On Amazon That Are Really Good At Saving You Money,elitedaily.com,0.587726321647061,1,16,11,11,11,0.0,2.0,10.0,0,0,1
H0036,Can you spare a minute to help Jessica Devine?,change.org,0.619205572780572,1,16,11,11,11,0.0,2.0,7.0,0,0,1
H3219,Gov. Whitmer calls on Trump to issue federal mandate on face masks,fox2detroit.com,0.643031541674892,1,16,11,11,11,3.0,3.0,11.0,0,0,1
H0761,Tinder and Bumble remove George Zimmerman from their platforms,cnn.com,0.658031073873161,1,16,11,11,11,3.0,3.0,11.0,0,0,1
H1280,"Report: Shooting involving three victims, including child, closes I-10 in New Orleans",wbrz.com,0.680434697850024,1,16,11,11,11,8.0,10.0,11.0,1,1,1
H2693,High Blood Pressure or Hypertension,heart.org,0.714836304307581,1,16,11,11,11,3.0,2.0,9.0,0,0,1
H1312,"National Weather Service: Jefferson, Lewis, Oswego counties could see 3-4 feet of snow",watertowndailytimes.com,0.736666769893892,1,16,11,11,11,2.0,4.0,11.0,0,0,1
H0711,Lake Forest Residents Voice Concerns Over 5G Towers,cbslocal.com,0.751190107612549,1,16,11,11,11,5.0,6.0,10.0,0,1,1
H0944,Man faces charges in attempt to kidnap 2 infants from Glasgow day care center,delawareonline.com,0.786132856347471,1,16,11,11,11,10.0,10.0,11.0,1,1,1
H1484,Marjorie Taylor Greene liked Facebook post supporting use of assault rifle to ‘clean house’ in Congress,nydailynews.com,0.807592058139583,1,16,11,11,11,5.0,5.0,10.0,0,0,1
H1550,"Could Medicare for All save Hahnemann and its more than 2,500 jobs? | Will Bunch",inquirer.com,0.84166654415002,1,16,11,11,11,2.0,5.0,8.0,0,0,1
H3777,Aixa Vázquez a un año de la muerte de Keylla Hernández: “Se siente su ausencia”,elnuevodia.com,0.863075188175384,1,16,11,11,11,1.0,2.0,3.0,0,0,0
H3557,Trump surprises White House tour group next to portrait of Hillary Clinton,thehill.com,0.898762408412433,1,16,11,11,11,1.0,1.0,7.0,0,0,1
H1091,"Police subdue naked man, accidentally light him on fire",usatoday.com,0.901007708482031,1,16,11,11,11,7.0,10.0,11.0,1,1,1
H2435,Higher Sugar Intake Linked to Depression in Men,medscape.com,0.934094911736869,1,16,11,11,11,6.0,8.0,11.0,1,1,1
H0967,Inside the World’s Largest Outhouse Race,smithsonianmag.com,0.971184072481041,1,16,11,11,11,0.0,0.0,7.0,0,0,1
H2632,Top NSA official says telephone surveillance should have been disclosed,reuters.com,1.0,1,16,11,11,11,4.0,3.0,9.0,0,0,1
H2708,Animal Foundation offering free adoptions for dogs over 30 pounds,fox5vegas.com,0.740820857143454,1,16,11,11,11,2.0,3.0,11.0,0,0,1
H0088,"Bob Ehrlich: The Tide Is Turning Against the Left, And Texas Is Leading the Charge",westernjournal.com,0.212942660560995,1,16,11,11,11,4.0,2.0,11.0,0,0,1
H2508,Mumps-like Parotitis Strikes Crew of U.S. Navy Ship,thevaccinereaction.org,0.143534855190357,1,16,11,11,11,8.0,10.0,9.0,1,1,1
H0555,Billy Graham explains what all cults have in common - and it's scary,christiantoday.com,0.482444145205158,1,16,11,11,11,6.0,4.0,10.0,1,0,1
H3472,Super-Pregnant Mom Busts A Move During 30-Hr Labor & Even Her Nurses Join In! - The Buddy,thebuddy.me,0.662318476272384,1,16,11,11,11,1.0,1.0,10.0,0,0,1
H1428,Carson Wentz finds Zach Ertz for touchdown as Eagles tie game,247sports.com,0.546185208330786,1,16,11,11,11,1.0,1.0,7.0,0,0,1
H0075,"​PS5 Release Date Could Be 2019, According To Sony Analysts",ladbible.com,0.364617475206097,1,16,11,11,11,1.0,1.0,9.0,0,0,1
H0268,Numerators and Denominators in the Coronavirus Saga,americanthinker.com,0.152499978555631,1,16,11,11,11,3.0,0.0,6.0,0,0,1
H1900,Marriage license clerk doesn't believe New Mexico is really a state,news4jax.com,0.723936131198234,1,16,11,11,11,5.0,5.0,9.0,0,0,1
H0163,Myrtle Beach sees first sea turtle nest of 2020,wbtw.com,0.601952330135495,1,16,11,11,11,1.0,2.0,10.0,0,0,1
H3321,"Dehydrated children: Kids are drinking about one quarter of the water they should be, according to new study",naturalnews.com,0.0,1,17,14,14,14,1.0,9.0,14.0,0,1,1
H1668,'Rich Dad Poor Dad' Author Admits CIA Recruited Him To Smuggle Drugs » Alex Jones' Infowars: There's a war on for your mind!,infowars.com,0.0458475179096454,1,17,14,14,14,9.0,6.0,9.0,1,0,1
H3417,Who Is Lucifer? The Absolutely Horrifying Truth (Video) | Paranormal,beforeitsnews.com,0.0560036536327054,1,17,14,14,14,4.0,0.0,8.0,0,0,1
H2109,9/11 Grand Jury Filing ‘Names Names’ of Who May Have Blown Up Towers - DC Dirty Laundry,dcdirtylaundry.com,0.0916982813557337,1,17,14,14,14,5.0,5.0,11.0,0,0,1
H0387,FOX NEWS Escorts Shepard Smith Out of the Building Like a Common Criminal – True Pundit,truepundit.com,0.107268313594115,1,17,14,14,14,10.0,9.0,10.0,1,1,1
H2938,BREAKING: Michigan Attorney Drops Bombshell Dominion Fraud | Populist Press 2021 ©,populist.press,0.125553828241878,1,17,14,14,14,5.0,3.0,6.0,0,0,0
H0709,Happy 10 Year Anniversary of the Moment That Sparked the Trump Presidency,rumble.com,0.162505504571073,1,17,14,14,14,0.0,0.0,7.0,0,0,0
H3244,Christian Comedian Chonda Pierce: Kathy Griffin's Career Was Over When She Cursed Jesus,hellochristian.com,0.185584781299087,1,17,14,14,14,9.0,7.0,12.0,1,0,1
H3304,Trump Wins Against The Mass Media - What Was Announced Moments Ago Will Have Them Destroyed,usanewsflash.com,0.216405500798777,1,17,14,14,14,10.0,9.0,8.0,1,1,1
H2221,"Kimberly Guilfoyle Launches Plan To Shut Down Joy Behar and Whoopi Goldberg, Announces New Show To Keep Them In Check",uslibertywire.com,0.245932858692394,1,17,14,14,14,9.0,8.0,12.0,1,1,1
H2948,Girl went missing walking her dog 5 days ago - police just issued a tragic update,theepochtimes.com,0.262887244589731,1,17,14,14,14,0.0,10.0,13.0,0,1,1
H3307,Black ‘Extremist’ Group Appears at Texas Border Bridge Camp with Food for Migrants,breitbart.com,0.297175368438483,1,17,14,14,14,2.0,2.0,12.0,0,0,1
H2782,"FEC complaints target Maxine Waters campaign, $750,000 paid to daughter - The American Mirror",theamericanmirror.com,0.300720765172522,1,17,14,14,14,8.0,5.0,10.0,1,0,1
H2989,Obama thanks Muslims for ‘building the very fabric of our nation’,washingtontimes.com,0.345472108057381,1,17,14,14,14,0.0,1.0,10.0,0,0,1
H1206,Report: Sheriff Israel Chauffeured By Armed Bodyguards For Fear Of 'Threats',dailywire.com,0.357498144984751,1,17,14,14,14,2.0,10.0,10.0,0,1,1
H1221,Call for Mother's Day to be renamed because trans men give birth,dailymail.co.uk,0.383860647514719,1,17,14,14,14,2.0,3.0,12.0,0,0,1
H2172,The Shocking New Way Coronavirus Can Break Through Your Face Mask | News Break,newsbreak.com,0.411188765089231,1,17,14,14,14,9.0,7.0,11.0,1,0,1
H0816,‘Game Of Thrones’ Fans Annoyed By Obvious Product Placement For Valyrian Steel,theonion.com,0.445775894839608,1,17,14,14,14,5.0,8.0,11.0,0,1,1
H2166,Top Alabama cop said Nancy Pelosi should be targeted by a ‘roadside bomb’ for tearing up Trump’s speech,rawstory.com,0.461914938868004,1,17,14,14,14,11.0,11.0,11.0,1,1,1
H3660,A Democratic Socialist Will Soon Be Sworn in as Judge in Las Vegas,jacobinmag.com,0.48750281128974,1,17,14,14,14,0.0,0.0,13.0,0,0,1
H3948,Young Father Killed While Headed To Son’s Graduation [Video],rickeysmileymorningshow.com,0.504003266753693,1,17,14,14,14,2.0,14.0,13.0,0,1,1
H1070,"Hillary Clinton says US in middle of 'war on truth, facts and reason'",foxnews.com,0.534260962262195,1,17,14,14,14,3.0,2.0,10.0,0,0,1
H3049,Melania Pauses Anti-Bullying Initiative To Say Her Husband Is Allowed To Mock Women’s IQ And Looks | Addicting Info | The Knowledge You Crave,addictinginfo.com,0.574067929122148,1,17,14,14,14,11.0,10.0,11.0,1,1,1
H2987,Former President Obama's terrorist pal mentioned in JFK assassination files (it ain't good),bizpacreview.com,0.585959008142635,1,17,14,14,14,10.0,4.0,9.0,1,0,1
H2822,Wildlife rehab group says golfers beat opossum blind on Hilton Head course in S.C.,wjhl.com,0.623381208979617,1,17,14,14,14,13.0,13.0,13.0,1,1,1
H2585,Friend of Demarcus Little charged with hiding Anitra Gunn's death,13wmaz.com,0.64280305900301,1,17,14,14,14,14.0,13.0,12.0,1,1,1
H2860,"HICKORY STOLEN BANK INFO: Police: Woman wore wigs, changed clothes while using stolen card information at ATMs",wsoctv.com,0.656298072696851,1,17,14,14,14,14.0,10.0,12.0,1,1,1
H1633,Changing Weather Conditions Both Help and Harm Miles Firefighters,kdrv.com,0.683964269300729,1,17,14,14,14,5.0,11.0,13.0,0,1,1
H3296,State Police working 3-vehicle crash in Cottonport; 5 fatalities,kalb.com,0.704083211754441,1,17,14,14,14,1.0,11.0,13.0,0,1,1
H1998,"At least 1 injured in Interstate 75 crash in Madison County, lanes reopened",wkyt.com,0.745250244624973,1,17,14,14,14,2.0,10.0,13.0,0,1,1
H3399,"Vice President’s Brother, an Indiana Congressman, Spent More Than $45,000 at Trump International Hotel",lawandcrime.com,0.773374564060556,1,17,14,14,14,1.0,0.0,10.0,0,0,1
H1295,Sierra Leone's president declares rape a national emergency,aljazeera.com,0.779267503219657,1,17,14,14,14,4.0,5.0,14.0,0,0,1
H2000,Rodan + Fields Appoints Steve Dee As Chief Information Officer | Markets Insider,businessinsider.com,0.804965428527866,1,17,14,14,14,0.0,2.0,13.0,0,0,1
H2674,Trump’s Tweet About Greta Thunberg Is An Insult To The Disability Community,forbes.com,0.829500343762818,1,17,14,14,14,12.0,12.0,12.0,1,1,1
H3162,"How Black Citizenship Was Won, and Lost",nytimes.com,0.858776290720608,1,17,14,14,14,0.0,6.0,10.0,0,0,1
H2499,"The Momo problem: When unconfirmed stories about scary 'challenges' go viral, create panic",wmur.com,0.877291605300351,1,17,14,14,14,2.0,2.0,8.0,0,0,1
H2968,Bull sharks and bottlenose dolphins are moving north as the ocean warms,sciencenews.org,0.900796075628909,1,17,14,14,14,2.0,3.0,11.0,0,0,1
H3894,Credit Rating Agency Issues Warning On Climate Change To Cities,npr.org,0.930525246755544,1,17,14,14,14,7.0,7.0,11.0,0,0,1
H0166,NASA's Juno Spacecraft Has a Close Encounter with Jupiter,nasa.gov,0.956315766887341,1,17,14,14,14,0.0,0.0,13.0,0,0,1
H2444,Pelosi calls for prosecution of any Congress members who might have helped pro-Trump siege,reuters.com,1.0,1,17,14,14,14,8.0,4.0,11.0,1,0,1
H2908,CBD Chocolates Are Here to Kick Your Anxiety's Ass (in the Healthiest Way),popsugar.com,0.624068248073698,1,17,14,14,14,7.0,6.0,11.0,0,0,1
H0196,"BREAKING: Man Threatened To Chop Up Rand Paul And His Family With An Ax, Senator Says",dailywire.com,0.357498144984751,1,17,14,14,14,14.0,14.0,14.0,1,1,1
H0133,PG&E admits it may have ignited Kincade Fire,kron4.com,0.676506619147883,1,17,14,14,14,12.0,6.0,12.0,1,0,1
H0269,Trump Is SURGING In Popularity And The Media Is Left Wondering Why,en-volve.com,0.126883146357792,1,17,14,14,14,1.0,1.0,11.0,0,0,1
H2552,How to be an extra in the new 'Joker' blockbuster movie filming in N.J.,nj.com,0.885093462419298,1,17,14,14,14,0.0,0.0,13.0,0,0,1
H1020,Report: Nashville one of 11 cities warned by White House to take “aggressive action” against COVID-19 | WKRN News 2,wkrn.com,0.767484212606095,1,17,14,14,14,7.0,4.0,12.0,0,0,1
H0574,Civil servant who watched porn at work is blamed for infecting a U.S. government network with malware,techcrunch.com,0.885848003727468,1,17,14,14,14,12.0,13.0,13.0,1,1,1
H2832,Americans Are Fed Up - 72% Are Concerned with Violence in Major Cities - 62% Say It Affects Their Vote,thegatewaypundit.com,0.109374585525566,1,17,14,14,14,4.0,8.0,13.0,0,1,1
H1139,"Gutless Republicans Endorse Insurrection, Acquit Trump at Impeachment Trial",rollingstone.com,0.561288346769726,1,17,14,14,14,9.0,4.0,12.0,1,0,1
H0581,Court ruling involving Victoria’s Secret pioneer could spill more Jeffrey Epstein dirt,miamiherald.com,0.804965428527866,1,17,14,14,14,9.0,5.0,12.0,1,0,1
H2770,Why Are MEN Becoming So EFFEMINATE? | World Truth.TV,worldtruth.tv,0.017643643892146,1,18,13,13,13,3.0,7.0,10.0,0,1,1
H3133,It's Official! Infowars Receives White House Press Credentials » Alex Jones' Infowars: There's a war on for your mind!,infowars.com,0.0458475179096454,1,18,13,13,13,4.0,3.0,8.0,0,0,1
H0970,This is How the Ruling Elite Control Mankind So Easily | Humans Are Free,humansarefree.com,0.0572211982440859,1,18,13,13,13,12.0,12.0,9.0,1,1,1
H0493,**BOMBSHELL** Judge Reveals Deceased Judge Scalia Wiretap Details; STILL No Coverage,americanjournalreview.com,0.0878375859873984,1,18,13,13,13,1.0,6.0,8.0,0,0,1
H1846,Who Was the First One to Use the '17 Intelligence Agencies' Lie?  Hillary Clinton of Course During a Presidential Debate,thegatewaypundit.com,0.109374585525566,1,18,13,13,13,8.0,4.0,10.0,1,0,1
H0550,These 11 Principles Allowed Bruce Lee To Achieve All His Life Goals By The Time Of His Death At 32,ewao.com,0.131186638839105,1,18,13,13,13,2.0,5.0,11.0,0,0,1
H3111,The Plan to Save the World - Part 2,rumble.com,0.162505504571073,1,18,13,13,13,0.0,4.0,4.0,0,0,0
H3602,"Joy Spews Delusion On Live TV Demanding 'Hillary Won,' Audience Gives Her 'Nasty Surprise'",madworldnews.com,0.198482287294659,1,18,13,13,13,9.0,5.0,8.0,1,0,1
H2902,MLK's Niece Flips the Script on Accusations Trump Is Racist: 'Absolutely Not',westernjournal.com,0.212942660560995,1,18,13,13,13,4.0,5.0,11.0,0,0,1
H3263,BREAKING News Out Of Texas School... YES!,americasfreedomfighters.com,0.236491354728934,1,18,13,13,13,0.0,0.0,3.0,0,0,0
H2345,JUST IN: IRAN RESPONDS,thefederalistpapers.org,0.251152108890861,1,18,13,13,13,0.0,0.0,4.0,0,0,0
H1935,James Cromwell: Hollywood Stars Must Get 'More Political' to Save Humanity,breitbart.com,0.297175368438483,1,18,13,13,13,1.0,6.0,11.0,0,0,1
H1130,Is the COVID-19 Outbreak the 'Revenge of the Pangolin'? | PETA,peta.org,0.30518114825239,1,18,13,13,13,5.0,4.0,11.0,0,0,1
H0054,The NRA couldn’t stop shooting itself in the foot in 2018,shareblue.com,0.335857768068227,1,18,13,13,13,5.0,5.0,7.0,0,0,1
H2339,'The Regret Is Immediate': Abortion Pill Reversal Hotline Gets Record Number of Calls During Pandemic,cbn.com,0.366255771907572,1,18,13,13,13,4.0,4.0,11.0,0,0,1
H0937,Australian girl sent home from Bali for tiny tear in passport,dailymail.co.uk,0.383860647514719,1,18,13,13,13,7.0,12.0,12.0,1,1,1
H3312,WATCH: View Host Says This is ‘Saddest Day in White House History'. Agree?,learnprogress.org,0.416289930871137,1,18,13,13,13,0.0,2.0,4.0,0,0,0
H3054,Lemon Water Detox : What Are The Benefits Of Lemon Water For Your Skin & Body,powerofpositivity.com,0.431690576697883,1,18,13,13,13,0.0,0.0,11.0,0,0,1
H2281,"North Korea Official Tells Media: “No CNN or NBC reporters…In this van, no fake news”",washingtondailywire.com,0.467183530375482,1,18,13,13,13,6.0,6.0,10.0,0,0,1
H1955,Bojangles Coming to Panama City,mypanhandle.com,0.499990288898758,1,18,13,13,13,0.0,0.0,10.0,0,0,1
H0429,Youth Pastor Arrested After Sexually Assaulting 13-Year-Old In The Bathroom During Service,rickeysmileymorningshow.com,0.504003266753693,1,18,13,13,13,12.0,12.0,12.0,1,1,1
H2513,Trump thanks John Kelly aide who denied hearing president call fallen Marines losers,foxnews.com,0.534260962262195,1,18,13,13,13,6.0,8.0,11.0,0,1,1
H0092,Memphis RB Darrell Henderson will enter NFL Draft,wmcactionnews5.com,0.561517992738059,1,18,13,13,13,0.0,0.0,11.0,0,0,1
H3717,California Net Neutrality Bill: 'Gold Standard' for the Nation,therealnews.com,0.580992218469679,1,18,13,13,13,0.0,0.0,10.0,0,0,1
H2129,Study Finds Thousands Of Iowans Are Drinking Contaminated Well Water,iowapublicradio.org,0.617782217161343,1,18,13,13,13,4.0,11.0,11.0,0,1,1
H0839,1 dead after big rig driver crashes on 10 Freeway in Ontario; downed power lines shut down all lanes,abc7.com,0.646796242304377,1,18,13,13,13,7.0,10.0,11.0,1,1,1
H2541,Blinken to State Dept. staff: 'It's a new day for America; it's a new day for the world',cnn.com,0.658031073873161,1,18,13,13,13,0.0,1.0,7.0,0,0,1
H2132,2-year-old saves family from house fire after COVID-19 prevented parents from smelling smoke,abc15.com,0.692391064855794,1,18,13,13,13,4.0,8.0,12.0,0,1,1
H2443,Sir Ian McKellen backs bid to buy JRR Tolkien house,bbc.co.uk,0.718306150148359,1,18,13,13,13,0.0,0.0,12.0,0,0,1
H0098,Erica Garner suffering from 'major brain damage' after cardiac arrest,theguardian.com,0.74959222370997,1,18,13,13,13,4.0,11.0,12.0,0,1,1
H1292,Bill Gates: U.S. coronavirus response 'shocking' and ‘among the worst in the world’,aol.com,0.774220388842363,1,18,13,13,13,5.0,3.0,12.0,0,0,1
H0850,"Federal cyanide trap injures eastern Idaho boy, kills dog",seattletimes.com,0.799029996866919,1,18,13,13,13,10.0,12.0,12.0,1,1,1
H3354,Senate Republicans block bill to require disclosure of ‘dark money’ donors,washingtonpost.com,0.818780596798307,1,18,13,13,13,10.0,4.0,10.0,1,0,1
H1408,Supreme Court Justice Ruth Bader Ginsburg hospitalized with infection,nbcnews.com,0.843937401226111,1,18,13,13,13,3.0,9.0,12.0,0,1,1
H0378,Encuentran enorme bomba de la Segunda Guerra Mundial,elnuevodia.com,0.863075188175384,1,18,13,13,13,0.0,0.0,3.0,0,0,0
H2009,"Physics is a luxury for smart people who are no longer chased by dinosaurs, says Lawrence Krauss",bigthink.com,0.882699685968066,1,18,13,13,13,3.0,1.0,7.0,0,0,1
H3812,Trump endorses Roy Moore for Alabama Senate seat despite sex assault allegations,usatoday.com,0.901007708482031,1,18,13,13,13,10.0,5.0,11.0,1,0,1
H2430,17-Foot Snowman Created By Mokena Family,patch.com,0.933491002134259,1,18,13,13,13,0.0,0.0,11.0,0,0,1
H0692,The Shape of Watering Plants in Space,nasa.gov,0.956315766887341,1,18,13,13,13,0.0,0.0,5.0,0,0,0
H3456,Netanyahu opponents reach coalition deal to oust Israeli PM,apnews.com,0.998049167729267,1,18,13,13,13,6.0,5.0,11.0,0,0,1
H3515,Trump Announces Plan to Refuse Congressional Oversight of Corporate Bailout,truthout.org,0.448600038526601,1,18,13,13,13,9.0,4.0,7.0,1,0,1
H2774,BREAKING: Man drives van into London crowd; shouts 6 CHILLING words,allenbwest.com,0.647719306914773,1,18,13,13,13,12.0,11.0,12.0,1,1,1
H3419,Chelsea Manning to lose transgender benefits with dishonorable discharge,usatoday.com,0.901007708482031,1,18,13,13,13,3.0,8.0,12.0,0,1,1
H3581,Ex-Bill Clinton Spokesman: We’ve Never Had a President ‘Incapable of Telling the Truth’,infowars.com,0.0458475179096454,1,18,13,13,13,6.0,2.0,10.0,0,0,1
H1171,GOP Congressman Announces Abrupt Resignation - Blue Waves Keeps Going,bipartisanreport.com,0.228380384066331,1,18,13,13,13,2.0,2.0,9.0,0,0,1
H1044,"The Indian Ocean island That is Home to a Community Who Have Lived There For 60,000 Years – Anonymous",anonews.co,0.496133485628681,1,18,13,13,13,0.0,0.0,8.0,0,0,1
H1125,Fry Eggs Without Flipping Them Using This Quick And Easy Breakfast Hack,littlethings.com,0.254744161661547,1,18,13,13,13,0.0,1.0,11.0,0,0,1
H0232,Satellite Observes Power Outages in New Orleans,nasa.gov,0.956315766887341,1,18,13,13,13,1.0,5.0,12.0,0,0,1
H0130,Bishops Rebuke Catholic Sen. Tim Kaine for Voting for Infanticide: “Appalling” Lack of “Basic Human Decency”,lifenews.com,0.192545226493423,1,18,13,13,13,10.0,9.0,11.0,1,1,1
H2342,"Family Matters Reunion — Jaleel White Pays Homage To Late Michelle 'Myra' Thomas, R.I.P.",theblackloop.com,0.485752746626203,1,18,13,13,13,1.0,3.0,10.0,0,0,1
H2075,International tribunal finds Monsanto guilty of crimes against humanity – NaturalNews.com,naturalnews.com,0.0,1,19,12,12,12,11.0,10.0,12.0,1,1,1
H0186,Apple FaceTime Controversy: We First Warned About Tech Spying Over a Decade Ago,infowars.com,0.0458475179096454,1,19,12,12,12,9.0,5.0,10.0,1,0,1
H3053,John Podesta's Father Was Dr. Josef Mengele | Alternative,beforeitsnews.com,0.0560036536327054,1,19,12,12,12,3.0,0.0,8.0,0,0,1
H2400,Jim Jordan Just Confirmed James Comey’s Worst Nightmare….He’s Going To Jail For A Long Time,americanjournalreview.com,0.0878375859873984,1,19,12,12,12,8.0,3.0,8.0,1,0,1
H2223,"""This Is Evil!"" - Antifa Terrorists Now Targeting Compassionate Citizens who Donated to Andy Ngo's GoFundMe Campaign",thegatewaypundit.com,0.109374585525566,1,19,12,12,12,11.0,11.0,11.0,1,1,1
H3752,The Classist Cruelty Of Neoliberal Democrats,newslogue.com,0.131168589928795,1,19,12,12,12,7.0,1.0,6.0,1,0,0
H0618,How China Controls Your COVID Life,mercola.com,0.174179298813923,1,19,12,12,12,9.0,9.0,11.0,1,1,1
H1578,Makers of Hit Movies “God’s Not Dead” and “I Can Only Imagine” Make New Pro-Life Movie “Unplanned”,lifenews.com,0.192545226493423,1,19,12,12,12,2.0,2.0,10.0,0,0,1
H3699,"Adult Actress: I Was Assaulted on Set, Stormy Daniels Did Nothing",westernjournal.com,0.212942660560995,1,19,12,12,12,8.0,11.0,12.0,1,1,1
H2754,"BREAKING: Trump Sends Dow Above 20,000 For The First Time Ever!",vesselnews.io,0.246325520945605,1,19,12,12,12,2.0,1.0,11.0,0,0,1
H1369,Fauci: 'Too Soon to Tell' If Americans Can Get Together for Christmas,theepochtimes.com,0.262887244589731,1,19,12,12,12,3.0,3.0,10.0,0,0,1
H3290,Emotionally Connected Partners Could Stay Together Forever,iheartintelligence.com,0.299613120366154,1,19,12,12,12,1.0,1.0,12.0,0,0,1
H2476,"'Dear White People' showrunner quits Netflix to protest Dave Chappelle's transgender jokes, but it's backfiring badly online",theblaze.com,0.319102558515008,1,19,12,12,12,8.0,8.0,9.0,1,1,1
H0145,'The Holy Grail for Physicists': First Evidence Universe is a Hologram Uncovered,sputniknews.com,0.346103349035805,1,19,12,12,12,1.0,0.0,11.0,0,0,1
H0020,Haiti: Black Despots and White Rulers | Black Agenda Report,blackagendareport.com,0.361401678732144,1,19,12,12,12,4.0,4.0,4.0,0,0,0
H1118,"Biden Tells Pro-Gun Detroit Auto Worker: ""You're Full of S***""",toddstarnes.com,0.38550572303315,1,19,12,12,12,8.0,8.0,9.0,1,1,1
H1205,"Kim Kardashian announces she will return to more traditional values, to dress more conservatively",ntd.com,0.409683969103314,1,19,12,12,12,0.0,0.0,12.0,0,0,1
H2405,Debate Raging As To Whether Michael Jordan Or LeBron James Biggest Asshole To Ever Play Basketball,theonion.com,0.445775894839608,1,19,12,12,12,7.0,6.0,10.0,1,0,1
H1958,Support Pours in for Navy Captain Who Was Fired for Raising the Alarm After Virus Outbreak on Air Craft Carrier,secondnexus.com,0.460612497703407,1,19,12,12,12,4.0,10.0,11.0,0,1,1
H0068,"Fort Meade man arrested after 'homemade' videos showed him sexually abusing children, officials say",fox10phoenix.com,0.479659730503063,1,19,12,12,12,11.0,11.0,12.0,1,1,1
H1476,Stress in the Workplace: Managing Job and Workplace Stress,helpguide.org,0.502587689715472,1,19,12,12,12,3.0,3.0,11.0,0,0,1
H1571,"CROSSING THE AISLE: Joe Manchin endorses Republican in hot-button primary race, comment on Build Back Better",foxnews.com,0.534260962262195,1,19,12,12,12,2.0,2.0,10.0,0,0,1
H1007,The Fight To Stop Fossil Fuel Financing Is Poised To Get Some Powerful New Allies,huffpost.com,0.568450135334297,1,19,12,12,12,4.0,1.0,10.0,0,0,1
H0924,Eagles Open as Underdogs Against Vikings in NFC Championship Game,12up.com,0.594889248109946,1,19,12,12,12,1.0,1.0,12.0,0,0,1
H2135,Guy Seamlessly Photoshops Himself into His Old Childhood Photos,mymodernmet.com,0.601952330135495,1,19,12,12,12,1.0,1.0,12.0,0,0,1
H2227,Why young black people like me are feeling let down by Kamala Harris,nypost.com,0.638970275002357,1,19,12,12,12,9.0,10.0,12.0,1,1,1
H0941,Chris Evans blasts group planning 'Straight Pride' parade,cnn.com,0.658031073873161,1,19,12,12,12,10.0,9.0,12.0,1,1,1
H3572,Charles Barkley Tells Shaq To Keep His Fat Ass Away From His House (VIDEO),tmz.com,0.69853717450643,1,19,12,12,12,9.0,9.0,9.0,1,1,1
H3359,"Virginia Pro-2nd Amendment Protest Was Peaceful, Despite Hysterical Predictions by Democrats and Media",legalinsurrection.com,0.712225444544104,1,19,12,12,12,7.0,5.0,11.0,1,0,1
H2220,Artificial intelligence can’t save us from human stupidity | Editorial,theguardian.com,0.74959222370997,1,19,12,12,12,2.0,3.0,11.0,0,0,1
H3153,How to Start a Business: a Step-by-Step Guide to Growing Your Big Idea Into a Successful Company,entrepreneur.com,0.774441836682524,1,19,12,12,12,0.0,1.0,12.0,0,0,1
H0750,The Impact Time Had On the Beloved 'The Addams Family' Cast,amomama.com,0.786039751122183,1,19,12,12,12,5.0,5.0,9.0,0,0,1
H2797,"11-year-old boy missing, endangered in South Salt Lake",kutv.com,0.823941624306187,1,19,12,12,12,1.0,11.0,11.0,0,1,1
H1239,How Cisco's Former CEO Turned A Secret 'Disability' Into His Greatest Strength,forbes.com,0.829500343762818,1,19,12,12,12,1.0,2.0,11.0,0,0,1
H0837,Applebee's serving $1 Long Island iced teas in December,abc7ny.com,0.853910268587598,1,19,12,12,12,1.0,1.0,12.0,0,0,1
H0452,Pompeii's destruction date could be wrong,bbc.com,0.881685504350007,1,19,12,12,12,2.0,3.0,7.0,0,0,1
H1803,BUSINESS BEAT: Quicksilver taking over Max & Erma's space at Pullman Square,herald-dispatch.com,0.905833875771101,1,19,12,12,12,2.0,2.0,10.0,0,0,1
H3452,Grieving From A Distance: Remembering A Dad Lost To COVID-19,npr.org,0.930525246755544,1,19,12,12,12,6.0,10.0,11.0,0,1,1
H2249,AT&T's DirecTV reportedly considering merger with Dish satellite,cnet.com,0.951854977853014,1,19,12,12,12,1.0,1.0,11.0,0,0,1
H1657,Comcast offers to buy Fox media assets for $65 billion in cash,reuters.com,1.0,1,19,12,12,12,0.0,0.0,12.0,0,0,1
H1523,WATCH: Trump Judicial Pick Breaks Down in Tears at Hearing Defending Baseless Attack - Gregg Jarrett,thegreggjarrett.com,0.438272583801517,1,19,12,12,12,4.0,7.0,9.0,0,1,1
H3815,Toddler injected with 37 vaccines before the age of two left paralyzed and wheelchair-bound for life,naturalnews.com,0.0,1,19,12,12,12,7.0,11.0,11.0,1,1,1
H0935,"YouTube jumps in with Big Pharma, banning video channels that dare discuss natural cannabis medicine",naturalnews.com,0.0,1,19,12,12,12,8.0,8.0,12.0,1,1,1
H2555,NUTJOB NANCY THREATENS “Next Democrat President” Could Declare Gun Control A National Emergency [VIDEO] * 100PercentFedUp.com,100percentfedup.com,0.21938033253327,1,19,12,12,12,9.0,7.0,9.0,1,1,1
H2905,Mattapoisett Police Chief Placed On Leave After OUI Charges,patch.com,0.933491002134259,1,19,12,12,12,8.0,3.0,11.0,1,0,1
H2667,Feds force $1.1 million fine from farmer prosecuted for plowing own land,wnd.com,0.192160019649149,1,19,12,12,12,10.0,9.0,12.0,1,1,1
H2412,Conservative Host Of “The View” Exposes “Behind The Scenes” Truth After Hillary Interview,conservativedailypost.com,0.124791324034711,1,19,12,12,12,5.0,1.0,11.0,0,0,1
H2568,Zapatistas launch anti-Trump coffee to help support immigrants,greenleft.org.au,0.562778065851031,1,19,12,12,12,10.0,11.0,12.0,1,1,1
H1344,NYPD officer knocked unconscious by falling tree branch,nydailynews.com,0.807592058139583,1,19,12,12,12,3.0,9.0,11.0,0,1,1
H3876,WATCH: Martin Tower implosion,wfmz.com,0.83220231348612,1,19,12,12,12,0.0,1.0,9.0,0,0,1
H1235,"BOMBSHELL: Fewer than 600 people ""officially"" tested for coronavirus in the entire United States; massive cover-up under way as 47 U.S. states have tested ZERO people",naturalnews.com,0.0,1,20,11,11,11,5.0,4.0,10.0,0,0,1
H3628,Crash! Hillary Clinton’s Black Ambulance Wrecks On Way To Fundraiser,infowars.com,0.0458475179096454,1,20,11,11,11,3.0,9.0,10.0,0,1,1
H2291,Officials: Fukushima Has Now Contaminated 1/3 Of The Worlds Oceans – Awareness Act,awarenessact.com,0.0705539230341695,1,20,11,11,11,10.0,9.0,10.0,1,1,1
H1996,Pennsylvania: Dairy Farmer Told To Dump His Milk – He Decided To Bottle It Himself & Sold Out In Hours - DC Dirty Laundry,dcdirtylaundry.com,0.0916982813557337,1,20,11,11,11,3.0,7.0,10.0,0,1,1
H3231,CEOs of Three Major Oil Companies Refuse to Participate in Democrats' Sham Hearings in US House,thegatewaypundit.com,0.109374585525566,1,20,11,11,11,8.0,7.0,10.0,1,1,1
H2257,"Rosie’s Busted In Campaign Finance Scheme, Claims ‘Insanity’ Hoping To Skip Prison",breakingnewshouse.com,0.14918697926684,1,20,11,11,11,11.0,1.0,8.0,1,0,1
H0834,OBAMA JUDGE INVENTS SANCTUARY COURTHOUSES,canadafreepress.com,0.164843497274426,1,20,11,11,11,1.0,1.0,10.0,0,0,1
H0573,Demand Public Health Agencies and Lawmakers Stop COVID Vaccine Mandates,childrenshealthdefense.org,0.176169765597604,1,20,11,11,11,5.0,0.0,9.0,0,0,1
H0589,Brokenhearted Vet Shares About Pets Final Moments Before Being Put Down: 'I Want You All to Know',westernjournal.com,0.212942660560995,1,20,11,11,11,0.0,5.0,11.0,0,0,1
H0101,The Ancient White Giants Who Ruled North America Are Described By the Native Americans,ufoholic.com,0.246325520945605,1,20,11,11,11,5.0,4.0,9.0,0,0,1
H2836,"After Rat Lawyer Betrays Trump, Donald Unleashes The Hammer Of Justice",patriotjournal.org,0.262624980707126,1,20,11,11,11,11.0,11.0,9.0,1,1,1
H2858,Jury Awards $21 Million to Hotel Dishwasher Forced to Work Sundays,breitbart.com,0.297175368438483,1,20,11,11,11,6.0,10.0,11.0,1,1,1
H3026,Democrat Senator ANGERED That Criminals Are Being Deported For Being ‘Criminals’,theblacksphere.net,0.302142512370181,1,20,11,11,11,3.0,4.0,11.0,0,0,1
H1686,Trump to raise taxes on 68.8 million to give more money to his billionaire kids and Cabinet,shareblue.com,0.335857768068227,1,20,11,11,11,9.0,4.0,11.0,1,0,1
H0395,Trump Gets Trashed On CNN For Putting His Name On Obama's Successful Economy,politicususa.com,0.35845073650398,1,20,11,11,11,9.0,9.0,10.0,1,1,1
H2284,PIERS MORGAN: If a Muslim terrorist had attacked Vegas we'd have new laws,dailymail.co.uk,0.383860647514719,1,20,11,11,11,10.0,9.0,11.0,1,1,1
H3458,Here are dozens of the most hilarious images from the British resistance during Trump's London visit,dailykos.com,0.413735620185017,1,20,11,11,11,2.0,2.0,11.0,0,0,1
H0712,"222 pounds of marijuana, 3 guns found during traffic stops in Mo.",kfvs12.com,0.446555260566952,1,20,11,11,11,2.0,0.0,11.0,0,0,1
H3421,Sean Spicer DEFENDED Hitler. Germany’s Merkel Just Gave The Most PERFECT Response (DETAILS) – Blue Tribune,bluetribune.com,0.466686717994521,1,20,11,11,11,6.0,2.0,10.0,1,0,1
H2619,"Baseball legend Alex Rodriquez, former Walmart CEO negotiating to buy Minnesota Timberwolves",fox9.com,0.498615762653852,1,20,11,11,11,1.0,1.0,11.0,0,0,1
H1537,Make Sure to Celebrate Juneteenth This Month,marieclaire.com,0.518656385101639,1,20,11,11,11,0.0,2.0,10.0,0,0,1
H0774,"Democratic Socialists Just Had Their Biennial Convention and Proposed Abolishing Police, Prisons, and Other Things",ijr.com,0.53513443385593,1,20,11,11,11,6.0,6.0,10.0,1,1,1
H1401,Robin Williams' Widow Susan Says Doctors Ordered Them to Sleep Separately Prior to His Death,people.com,0.55408411231176,1,20,11,11,11,5.0,7.0,10.0,0,1,1
H0289,13-Year-Old Fatally Stabs Mom After Fight About Video Games,mamasuncut.com,0.593319429205137,1,20,11,11,11,11.0,10.0,11.0,1,1,1
H2177,Trump Gave An Inappropriate Speech To Boy Scouts. John Legend’s Response Is Epic,washingtonjournal.com,0.611971156775346,1,20,11,11,11,7.0,8.0,10.0,1,1,1
H2463,Sen. Paul On Trump Investigation: ‘Was President Obama Involved?’,mrctv.org,0.648421744984982,1,20,11,11,11,6.0,5.0,10.0,1,0,1
H0738,Parents share kids witnessing Kamala Harris’ historic win as vice president,goodmorningamerica.com,0.657261177553656,1,20,11,11,11,0.0,0.0,11.0,0,0,1
H3626,Everyone Has A House That Matches Their Personality — Here's Yours,buzzfeed.com,0.699413557211612,1,20,11,11,11,0.0,0.0,10.0,0,0,1
H3063,Mississippi Medical Marijuana Ballot Measure Nears Signature Target | Marijuana Moment,marijuanamoment.net,0.724571588272375,1,20,11,11,11,1.0,1.0,8.0,0,0,1
H2218,Company Makes Custom Wooden Bed Frames With A Built-In Dog Bed,diply.com,0.748107719155852,1,20,11,11,11,0.0,0.0,10.0,0,0,1
H2237,"Hamburger, hot dog buns sold at stores like Walmart, Aldi recalled over choking hazard",fox59.com,0.762765344566223,1,20,11,11,11,6.0,5.0,11.0,1,0,1
H0582,Minnesota is rolling out new driver’s licenses and IDs. Here’s what they will look like,twincities.com,0.799029996866919,1,20,11,11,11,1.0,1.0,11.0,0,0,1
H2949,Thousands of chicks arrive dead to Maine farmers due to USPS delays,nydailynews.com,0.807592058139583,1,20,11,11,11,10.0,11.0,11.0,1,1,1
H3966,Missing teen last seen in West Iredell,statesville.com,0.839743578127871,1,20,11,11,11,0.0,6.0,10.0,0,1,1
H2120,"Coronavirus Vaccine Is 90 Percent Effective in Large Trial, Pfizer Says",scientificamerican.com,0.861601738612092,1,20,11,11,11,0.0,0.0,11.0,0,0,1
H2410,George Norcross’ influence: How companies and allies of the Democratic powerbroker got $1.1 billion in tax breaks,nj.com,0.885093462419298,1,20,11,11,11,8.0,2.0,10.0,1,0,1
H2482,Sweet tribute: Daughter of fallen Swansea firefighter photographed in father’s gear,kmov.com,0.907222206976868,1,20,11,11,11,0.0,6.0,11.0,0,1,1
H0109,Handwashing to Prevent Pandemic,sciencebasedmedicine.org,0.935582630250769,1,20,11,11,11,3.0,0.0,10.0,0,0,1
H1284,"Two Americans killed, one wounded fighting ISIS in Afghanistan - Military Times",militarytimes.com,0.951497998550873,1,20,11,11,11,9.0,11.0,11.0,1,1,1
H1791,Apple to fix FaceTime bug that allows eavesdropping,apnews.com,0.998049167729267,1,20,11,11,11,5.0,2.0,11.0,0,0,1
H3700,Stranger Yells at Dad for Carrying 6-Year-Old—Dad’s Response Leaves Both Men in Tears,faithit.com,0.285129543322062,1,20,11,11,11,7.0,8.0,11.0,1,1,1
H2066,Prince Harry interrupted by a bumblebee during speech about his father,dailymail.co.uk,0.383860647514719,1,20,11,11,11,5.0,6.0,11.0,0,1,1
H3460,Texas toddler stabbed to death 'by his father' identified,dailymail.co.uk,0.383860647514719,1,20,11,11,11,11.0,11.0,11.0,1,1,1
H1247,Gov. Jay Inslee offers pardons for thousands with misdemeanor pot convictions,seattletimes.com,0.799029996866919,1,20,11,11,11,2.0,3.0,10.0,0,0,1
H2386,Wholesale prices decline 0.5 percent as inflation eases in July,thehill.com,0.898762408412433,1,20,11,11,11,1.0,0.0,10.0,0,0,1
H1929,Urban Meyer crucified by media after embarrassing loss,247sports.com,0.546185208330786,1,20,11,11,11,9.0,9.0,9.0,1,1,1
H3969,Damning Evidence: Recently Found Hunter Biden Email Further Implicates Joe Biden In Chinese Dealings,welovetrump.com,0.0871406069110147,1,20,11,11,11,8.0,1.0,11.0,1,0,1
H2606,Here Are The 5 Biggest Problems With Season 7 Of 'Game Of Thrones',forbes.com,0.829500343762818,1,20,11,11,11,4.0,3.0,11.0,0,0,1
H2773,New Zealand: Citizens Receiving Home Visits From ‘Political Police’,infowars.com,0.0458475179096454,1,20,11,11,11,8.0,8.0,10.0,1,1,1
H3988,‘Committee to Draft Michelle Obama’ as Vice President Has Registered With FEC,thegatewaypundit.com,0.109374585525566,1,20,11,11,11,1.0,1.0,10.0,0,0,1
H1335,Rothschilds Murdered At Least Seven US Presidents,worldtruth.tv,0.017643643892146,1,21,13,13,13,13.0,11.0,13.0,1,1,1
H2630,Mass Public Temper Tantrum Caught on Camera » Alex Jones' Infowars: There's a war on for your mind!,infowars.com,0.0458475179096454,1,21,13,13,13,1.0,4.0,9.0,0,0,1
H3297,Psychologists Warn To Never Use These 8 Phrases When Talking To Your Children,awarenessact.com,0.0705539230341695,1,21,13,13,13,2.0,2.0,12.0,0,0,1
H0131,DHS Secretary Makes SHOCKING Announcement About Obama.,worldnewspolitics.com,0.0901558716143552,1,21,13,13,13,4.0,5.0,9.0,0,0,1
H3848,BREAKING: Driver Runs Over Police Officer in Philly During Black Lives Matter Riot (VIDEO),thegatewaypundit.com,0.109374585525566,1,21,13,13,13,12.0,12.0,13.0,1,1,1
H3871,"Trump On Sunday Morning Talk, 'I am 125% Committed to Fighting, but I need Brave People to Help Save America Elections' | DJHJ Media",djhjmedia.com,0.129014666189983,1,21,13,13,13,3.0,3.0,11.0,0,0,1
H3246,"Stop Technocracy: Americans Must Rebel Against Lockdowns, Mandated Masks, Forced Vaccinations",technocracy.news,0.151020321006386,1,21,13,13,13,5.0,7.0,12.0,0,1,1
H2416,"After Being Pardoned, Roger Stone Vows To Sue Rep. Jeffries, 'The Dirty Cops' & More: ""See You Guys In Court""",thefreedomtimes.com,0.199250892452131,1,21,13,13,13,8.0,9.0,11.0,1,1,1
H2602,House Republicans Sue Nancy Pelosi Over Proxy Voting,westernjournal.com,0.212942660560995,1,21,13,13,13,9.0,9.0,12.0,1,1,1
H0851,Swedish state TV cuts word “Islam” from coverage of girl who left Islam and fled Saudi Arabia in fear for her life,jihadwatch.org,0.23030350568835,1,21,13,13,13,9.0,11.0,12.0,1,1,1
H2452,Soros Partners With Mastercard To Hand Out Money To Migrants,zerohedge.com,0.272420899604219,1,21,13,13,13,3.0,3.0,12.0,0,0,1
H0716,Cher: 'Sometimes I’m SO Disappointed In America',breitbart.com,0.297175368438483,1,21,13,13,13,2.0,2.0,10.0,0,0,1
H3005,"Bill Gates says we won't be back to 'normal' until 2022, issues dire omen for bars and restaurants",theblaze.com,0.319102558515008,1,21,13,13,13,6.0,9.0,11.0,0,1,1
H1940,Michigan Gov. Gretchen Whitmer to extend stay-at-home order,washingtontimes.com,0.345472108057381,1,21,13,13,13,3.0,1.0,13.0,0,0,1
H2544,Trump Organization Wins Lucrative Contract To Rebuild Syrian Airport,breakingburgh.com,0.37339810115619,1,21,13,13,13,3.0,1.0,11.0,0,0,1
H0187,"Thug Gives Taunting Smirk To Victims In Court, So Tough Judge Drops HAMMER Down Hard With Sentence ⋆ US Herald",usherald.com,0.382008270355183,1,21,13,13,13,10.0,10.0,12.0,1,1,1
H1638,Senate tax cuts bill: Higher insurance premiums cancel out cuts,dailykos.com,0.413735620185017,1,21,13,13,13,3.0,2.0,12.0,0,0,1
H3920,Dutch Kids Aren't Stressed Out: What Americans Can Learn From How the Netherlands Raises Children | Alternet,alternet.org,0.42818441506045,1,21,13,13,13,1.0,3.0,10.0,0,0,1
H0463,The 12-Step Method of Regime Change,counterpunch.org,0.464496009471983,1,21,13,13,13,1.0,1.0,8.0,0,0,1
H0490,Bud Light giving ALL of California free beers if Mexico beats Brazil & advances to quarterfinals,fox10phoenix.com,0.479659730503063,1,21,13,13,13,2.0,2.0,13.0,0,0,1
H1754,Toyota Power Plant Will Create Hydrogen From Cattle Waste,greenmatters.com,0.50196160640282,1,21,13,13,13,0.0,0.0,13.0,0,0,1
H1911,The Bullshit You Have to Believe to Be a Republican in 2019,thedailybeast.com,0.5381943988207,1,21,13,13,13,1.0,3.0,10.0,0,0,1
H3746,Florida Man Stabbed Nephew For Hogging Bathroom: Police,huffpost.com,0.568450135334297,1,21,13,13,13,12.0,13.0,12.0,1,1,1
H3849,"IT'S CONFIRMED: Secondborns get less attention, care from mothers than older sibling",meaww.com,0.586683206276508,1,21,13,13,13,7.0,7.0,13.0,1,1,1
H2638,"Taking a Vacation Is Good For Heart Health, Study Suggests",travelandleisure.com,0.619858391185572,1,21,13,13,13,0.0,0.0,12.0,0,0,1
H3665,Teen accused of shooting father in head in Brazoria County,khou.com,0.64280305900301,1,21,13,13,13,10.0,11.0,12.0,1,1,1
H3076,Senators to Trump administration: your use of private prisons looks like a reward to campaign donors,vox.com,0.653743407913008,1,21,13,13,13,6.0,5.0,11.0,0,0,1
H3494,The Game Disses Eminem & 50 Cent on 'The Black Slim Shady' Song,tmz.com,0.69853717450643,1,21,13,13,13,11.0,11.0,12.0,1,1,1
H1397,"Hardworking Hawaii: Natsunoya Tea House nears 100 years in business, provides take-out to survive",khon2.com,0.716046902597474,1,21,13,13,13,1.0,3.0,12.0,0,0,1
H2306,"NY hiring 1,000 contact tracers to track COVID-19 spread",pix11.com,0.739336993642173,1,21,13,13,13,1.0,0.0,11.0,0,0,1
H0614,"TruNews Founder Says Gisele Bundchen Is A Witch, Tom Brady’s Soul Is Doomed Forever",cbslocal.com,0.751190107612549,1,21,13,13,13,8.0,10.0,10.0,1,1,1
H1414,Federal Vaccine Mandates Pose a Constitutional Triple Threat,cato.org,0.785135155015332,1,21,13,13,13,8.0,6.0,10.0,1,0,1
H3090,It’s Not Just Fires. Your Phone Is Also Destroying The Amazon.,buzzfeednews.com,0.800096669487342,1,21,13,13,13,11.0,12.0,13.0,1,1,1
H0027,Netflix’s ‘The Sandman’ Debuts Stunning First Look at Dream in Opening Scene From Neil Gaiman Adaptation,variety.com,0.830936725464152,1,21,13,13,13,0.0,1.0,12.0,0,0,1
H2359,2 killed in horrific I-94 head-on crash identified,mlive.com,0.869179293566977,1,21,13,13,13,4.0,7.0,13.0,0,1,1
H2525,Nevada governor apologizes for state's forced removal of Native children,axios.com,0.897141919676178,1,21,13,13,13,11.0,12.0,13.0,1,1,1
H3921,RSL player Kyle Beckerman and a Diné photographer help Navajo Nation homes in Utah get electricity for the first time,sltrib.com,0.910621073372594,1,21,13,13,13,0.0,1.0,13.0,0,0,1
H0699,"A Relaxing Dog, Summer Rainbow And Sharing Snacks: IL In Photos",patch.com,0.933491002134259,1,21,13,13,13,1.0,1.0,7.0,0,0,1
H1855,What Drove Sigmund Freud to Write a Scandalous Biography of Woodrow Wilson?,smithsonianmag.com,0.971184072481041,1,21,13,13,13,7.0,7.0,12.0,1,1,1
H2964,"Boy, three, playing with stove caused deadly New York fire,...",reuters.com,1.0,1,21,13,13,13,6.0,4.0,11.0,0,0,1
H2536,"New Wossman High School principal named, MCSB addresses hacking concerns",thenewsstar.com,0.653952504987378,1,21,13,13,13,2.0,3.0,9.0,0,0,1
H0647,U.S. court backs transgender student at center of bathroom dispute,reuters.com,1.0,1,21,13,13,13,3.0,6.0,13.0,0,0,1
H1641,Chuck Schumer Resigns From The Senate In Disgrace,newsfeedhunter.com,0.171798372546088,1,21,13,13,13,4.0,1.0,10.0,0,0,1
H1074,"Just In: Wallace Disgraced By Bias As Trump Forced To Answer Fake Claims, Listen To Biden Lies",conservativedailypost.com,0.124791324034711,1,21,13,13,13,10.0,10.0,9.0,1,1,1
H1077,'Worst mice plague I've ever seen': Millions of rodents descend on eastern Australia,nbcnews.com,0.843937401226111,1,21,13,13,13,11.0,11.0,13.0,1,1,1
H0710,"Tomb of Romulus, King Raised by a Wolf, Possibly Found in Roman Forum!",ancient-origins.net,0.312475129451709,1,21,13,13,13,0.0,0.0,9.0,0,0,1
H0278,9-year-old OKC girl back home after being shot in Texas road rage incident,kfor.com,0.854190994448626,1,21,13,13,13,7.0,13.0,13.0,1,1,1
H0836,"Philippines' military chief says 47 killed in plane crash, 49 injured",reuters.com,1.0,1,21,13,13,13,0.0,8.0,12.0,0,1,1
H2846,Detroit Entrepreneur Marlowe Stoudamire Dies After Having COVID-19 - Black Enterprise,blackenterprise.com,0.732989007998228,1,21,13,13,13,6.0,8.0,12.0,0,1,1
H1315,Teacher dies from flu after deciding medicine was too expensive,fox35orlando.com,0.854788060655499,1,21,13,13,13,5.0,10.0,12.0,0,1,1
H2995,The True Reason behind the 40 Hour Work Week and Why We Are Economic Slaves,worldtruth.tv,0.017643643892146,1,22,12,12,12,4.0,8.0,10.0,0,1,1
H3955,"FLASHBACK: Tim Kaine, Loretta Lynch Called For Blood & Death In Streets » Alex Jones' Infowars: There's a war on for your mind!",infowars.com,0.0458475179096454,1,22,12,12,12,9.0,3.0,7.0,1,0,1
H2936,"Beyond the X-Files: Aliens, Underground Bases for the 'Elite' and the New World Order",humansarefree.com,0.0572211982440859,1,22,12,12,12,5.0,2.0,10.0,0,0,1
H3512,"He threatened Soros, Clinton, and Obama-now he's dead. - DC Dirty Laundry",dcdirtylaundry.com,0.0916982813557337,1,22,12,12,12,6.0,10.0,7.0,0,1,1
H0684,"O'Keefe to Release ""Bombshell Insider Footage From Within Silicon Valley"" Next Week",thegatewaypundit.com,0.109374585525566,1,22,12,12,12,2.0,2.0,9.0,0,0,1
H0475,Laura Ingraham Says Biden a ‘Doddering Fool’ Who Won’t Stop Mobs Rioting On the Street If Elected,djhjmedia.com,0.129014666189983,1,22,12,12,12,8.0,5.0,11.0,1,0,1
H0535,"Elon Musk Comes Out Against Vax Mandates As ""Not Something We Should Do""",rumble.com,0.162505504571073,1,22,12,12,12,7.0,3.0,12.0,1,0,1
H2669,Ocasio-Cortez Reveals Plans to Implement Change Without Congress Approval - David Harris Jr,davidharrisjr.com,0.189197213121713,1,22,12,12,12,5.0,2.0,12.0,0,0,1
H0042,Would You Support The Death Penalty For Illegal Immigrants Who Rape American Children?,ushealthyadvisor.com,0.216405500798777,1,22,12,12,12,10.0,11.0,11.0,1,1,1
H1348,"Columbia University Professor: ""Sweden in a demographic experiment of historical dimensions” - Voice of Europe",voiceofeurope.com,0.24527651362289,1,22,12,12,12,0.0,1.0,7.0,0,0,1
H2875,"As We Hold Them Accountable, Police Across the US are Quitting in Record Numbers",thefreethoughtproject.com,0.269746385034388,1,22,12,12,12,6.0,5.0,10.0,0,0,1
H3881,Pelosi Suffers 10-Second Mental Lapse On-Camera During Press Conference,cnsnews.com,0.278393927329055,1,22,12,12,12,1.0,6.0,10.0,0,0,1
H0046,Kaitlin Bennett Announces Open Carry Walk at University of Cincinnati,libertyhangout.org,0.310304421079677,1,22,12,12,12,1.0,1.0,10.0,0,0,1
H1354,Women's March to assemble at NRA HQ to protest its 'direct endorsement of violence against women',twitchy.com,0.348691813768861,1,22,12,12,12,9.0,9.0,10.0,1,1,1
H0939,‘Utterly Breathtaking’: Yahoo News Reporter Compares Covering Trump To Fighting D-Day,dailywire.com,0.357498144984751,1,22,12,12,12,6.0,3.0,8.0,0,0,1
H1184,Redheads could finally be getting their own ginger emoji after outcry over ginger equality,dailymail.co.uk,0.383860647514719,1,22,12,12,12,0.0,8.0,12.0,0,1,1
H2076,Cat Mom Adopts Litter Of Abandoned Puppies And Raises Them,innerstrength.zone,0.406359057594179,1,22,12,12,12,0.0,7.0,12.0,0,1,1
H3083,Real Estate Agents Trying To Gentrify Run-Down Earth By Renaming It West Saturn,theonion.com,0.445775894839608,1,22,12,12,12,9.0,5.0,7.0,1,0,1
H1658,Levin: The media must stop speculating. This bomb threat is 'deadly serious',conservativereview.com,0.458785298834695,1,22,12,12,12,8.0,0.0,11.0,1,0,1
H3420,Biracial boy nearly hanged by teens,fox10phoenix.com,0.479659730503063,1,22,12,12,12,12.0,11.0,12.0,1,1,1
H0769,Search parties looking for 16-year-old girl reported missing from McCrory,thv11.com,0.512062357819041,1,22,12,12,12,0.0,10.0,12.0,0,1,1
H1621,Voting Rights Advocates Celebrate 'Huge Win for Democracy' as NC State Court Strikes Down GOP's Gerrymandered District Map,commondreams.org,0.542461094772567,1,22,12,12,12,9.0,8.0,11.0,1,1,1
H3249,Maryland school bars high school student from walking at graduation,fox5dc.com,0.562394649306125,1,22,12,12,12,11.0,11.0,10.0,1,1,1
H2786,BREAKING: DeMarcus Lawrence Reportedly Agrees to Huge 5-Year Extension With Cowboys,12up.com,0.594889248109946,1,22,12,12,12,0.0,0.0,12.0,0,0,1
H1309,Sign the Petition,change.org,0.619205572780572,1,22,12,12,12,0.0,0.0,5.0,0,0,0
H3227,Alliance peacefully protests,the-review.com,0.6436516218707,1,22,12,12,12,0.0,2.0,5.0,0,0,0
H0494,Columbine is no longer one of the 10 deadliest shootings in modern US history,cnn.com,0.658031073873161,1,22,12,12,12,1.0,4.0,12.0,0,0,1
H2801,Disney Star Cameron Boyce Suffered from Epilepsy,tmz.com,0.69853717450643,1,22,12,12,12,3.0,9.0,11.0,0,1,1
H0664,"Rand Paul: We should repeal Obamacare like Republicans promised, not just “fix” it",rare.us,0.703323645335147,1,22,12,12,12,4.0,2.0,12.0,0,0,1
H2246,We Learn From The Hard Stuff,diply.com,0.748107719155852,1,22,12,12,12,2.0,1.0,4.0,0,0,0
H1507,Rock Valley College Play of the Week,wifr.com,0.754581334671547,1,22,12,12,12,0.0,0.0,11.0,0,0,1
H0885,Windows 95 is 22 years old today - let's hope it doesn't turn 23,thenextweb.com,0.797512665485726,1,22,12,12,12,3.0,0.0,11.0,0,0,1
H2841,"Elon Musk said he sourced 1,255 ventilators from China and shipped them to Los Angeles as US worries about a shortage in the face of coronavirus",businessinsider.com,0.804965428527866,1,22,12,12,12,4.0,4.0,12.0,0,0,1
H3505,21 photos that will make you want to travel to Alaska,insider.com,0.846631575693017,1,22,12,12,12,0.0,0.0,12.0,0,0,1
H3172,Mass protests could undo hard-won progress in pandemic,politico.com,0.862520735542115,1,22,12,12,12,8.0,5.0,11.0,1,0,1
H0345,"Democrats balk at $1,200 rebate checks in stimulus plan",thehill.com,0.898762408412433,1,22,12,12,12,7.0,1.0,12.0,1,0,1
H1241,Chemists have created and imaged a new form of carbon,sciencenews.org,0.900796075628909,1,22,12,12,12,0.0,0.0,11.0,0,0,1
H1799,"To Produce Citizenship Data, Homeland Security To Share Records With Census",npr.org,0.930525246755544,1,22,12,12,12,1.0,0.0,9.0,0,0,1
H3910,Column: Rams' Cory Littleton's rare journey from Skyline Pop Warner to Mount Miguel to NFL success,sandiegouniontribune.com,0.961102639657948,1,22,12,12,12,0.0,0.0,11.0,0,0,1
H1802,Supreme Court poised to give Trump victory on census citizenship...,reuters.com,1.0,1,22,12,12,12,3.0,1.0,11.0,0,0,1
H0152,National service needs to be a national priority,thehill.com,0.898762408412433,1,22,12,12,12,0.0,2.0,10.0,0,0,1
H3774,Media Compilation: 20 Minutes of Lying Hacks Telling the American Public the Hunter Biden Laptop Is Russian Disinformation -- NEVER Trust the Fake News Media!,thegatewaypundit.com,0.109374585525566,1,22,12,12,12,10.0,8.0,9.0,1,1,1
H3818,"Former Chiefs quarterback Alex Smith grateful for his health, rooting for KC in battle of former teams",fox4kc.com,0.518656385101639,1,22,12,12,12,0.0,1.0,12.0,0,0,1
H0964,FACT CHECK: Trump Asked a Reporter If She Was Working For China... She Is.,thenationalpulse.com,0.309168146597413,1,22,12,12,12,8.0,4.0,11.0,1,0,1
H2438,"Wall Street clobbered as crude plummets, virus crisis deepens",reuters.com,1.0,1,22,12,12,12,5.0,11.0,11.0,0,1,1
H1666,Evidence Suggests the Moon Isn’t What We Think – Someone Might Have Put It There,humansarefree.com,0.0572211982440859,1,22,12,12,12,1.0,0.0,10.0,0,0,1
H0702,Meghan Or Kate: Who Looked Better Post-Labor?,fabiosa.com,0.0905862324182262,1,22,12,12,12,0.0,4.0,12.0,0,0,1
H1166,American Cities Are Being Occupied & Foreign UN-Backed Troops Are In America! Civil War II Has Begun!!! | The Common Sense Show,thecommonsenseshow.com,0.125581250305294,1,22,12,12,12,7.0,8.0,7.0,1,1,1
H1388,"Bishop Harry Jackson Jr., An Evangelical Adviser To Donald Trump, Dead At 66",bet.com,0.512337095957491,1,22,12,12,12,1.0,7.0,12.0,0,1,1
H2298,REP Chip ROY: Do Not Fear the Power of the Federal Government,rumble.com,0.162505504571073,1,22,12,12,12,7.0,0.0,8.0,1,0,1
H1330,Why is the U.S. government importing thousands of migrants from Ebola-stricken nations and distributing them across U.S. cities?,naturalnews.com,0.0,1,23,12,12,12,9.0,6.0,11.0,1,0,1
H1525,CNN’s Brian Stelter Blocks Media Analyst After Hilarious Video Mocking Him,infowars.com,0.0458475179096454,1,23,12,12,12,10.0,10.0,11.0,1,1,1
H0627,The Whitewashing Of Evil Continues As Financial Times Names Former Nazi George Soros As Their 'Person Of The Year' On Wednesday • Now The End Begins,nowtheendbegins.com,0.0731174714253107,1,23,12,12,12,10.0,3.0,9.0,1,0,1
H1456,Modern birds with dinosaurs,creation.com,0.0914843426995647,1,23,12,12,12,1.0,1.0,4.0,0,0,0
H3136,PURE EVIL: Dems and Far Left Media Dox HIGH SCHOOL BOY in MAGA Hat for Standing Silent as Native American Approaches Him and Beats Drum in his Face!,thegatewaypundit.com,0.109374585525566,1,23,12,12,12,9.0,8.0,10.0,1,1,1
H1336,Trump's GOP is Populist and Here to Stay: Vernon Jones Joins Officially Joins Republican Party | DJHJ Media,djhjmedia.com,0.129014666189983,1,23,12,12,12,2.0,1.0,8.0,0,0,1
H0630,NATO and COVID-19: a Parasitical Disease in Europe,strategic-culture.org,0.17412688626831,1,23,12,12,12,8.0,6.0,11.0,1,0,1
H3414,Congressman urges Barr to file criminal charges against Facebook CEO,wnd.com,0.192160019649149,1,23,12,12,12,11.0,5.0,11.0,1,0,1
H0628,"House Dems Call for Hearings on Mail Delays, Stoke Fears of Conspiracy",westernjournal.com,0.212942660560995,1,23,11,11,11,2.0,1.0,8.0,0,0,1
H2122,"Iran Demands US Chess Champ Wear Hijab at World Competition, Look How She Responds…",americasfreedomfighters.com,0.236491354728934,1,23,11,11,11,8.0,7.0,10.0,1,1,1
H0176,Catholic Church Found Guilty In 400 Child Sex Abuse Cases Files For Bankruptcy,nnettle.com,0.254047748368408,1,23,12,12,12,12.0,11.0,12.0,1,1,1
H1126,No more dissident voices: Succumb to Facebook & Twitter’s demands or get banned (or both),rt.com,0.293277424671587,1,23,12,12,12,8.0,6.0,9.0,1,0,1
H0916,"The ancient fairy tale of Cupid and Psyche, where love endures against all odds",ancient-origins.net,0.312475129451709,1,23,12,12,12,0.0,0.0,8.0,0,0,1
H2333,DISGRACE: Jeff Flake Joins Over Two-Dozen Former GOP Members In Launching ‘Republicans For Biden’ [Opinion],analyzingamerica.org,0.334544111691153,1,23,12,12,12,4.0,2.0,9.0,0,0,1
H1713,Treating Reflux in Babies with Diet | NutritionFacts.org,nutritionfacts.org,0.352453818106435,1,23,12,12,12,3.0,4.0,11.0,0,0,1
H3041,How Much Do Taxpayers Pay For Police Misconduct? - Filming Cops,filmingcops.com,0.379613218541432,1,23,12,12,12,8.0,7.0,11.0,1,1,1
H2616,"Sign the petition: Homeless people need stable housing and resources, not federal camps",dailykos.com,0.413735620185017,1,23,12,12,12,6.0,9.0,12.0,0,1,1
H3891,Noam Chomsky: Biden’s Middle East Trip Contains Echoes of Trump’s Policies,truthout.org,0.448600038526601,1,23,12,12,12,3.0,2.0,12.0,0,0,1
H3110,Paraplegic Man Sues Michael Avenatti For Allegedly Siphoning Off $4 Million Settlement,dailycaller.com,0.469965661505635,1,23,11,11,11,11.0,10.0,11.0,1,1,1
H0144,VIDEO : Environmentalists Leave Behind 1000 TONS of TRASH at Dakota Pipeline Protest,truthfeed.com,0.493357374774002,1,23,12,12,12,12.0,8.0,12.0,1,1,1
H0831,Largest pro-Second Amendment bill in Iowa history effective July 1,wqad.com,0.506802426448936,1,23,12,12,12,0.0,0.0,11.0,0,0,1
H3161,BBC expone las mentiras sobre Trump en el discurso Biden,panampost.com,0.547895472290259,1,23,12,11,12,3.0,4.0,5.0,0,0,0
H3346,"Boston Celtics Are Now Putting Out Bad Press, Smearing Kyrie Irving's Character & It's Pathetic",totalprosports.com,0.564616923333448,1,23,12,12,12,12.0,11.0,12.0,1,1,1
H2601,Indian tribe approves resolution to remove Native American mascots from PN-G & all schools,kfdm.com,0.591987551494479,1,23,12,12,12,1.0,5.0,11.0,0,0,1
H0697,"After Menashi Vote, Trump Is Poised to Flip a Key Court",slate.com,0.612948190493504,1,23,12,12,12,3.0,2.0,9.0,0,0,1
H1851,Arizona photographer finds saguaro with 78 arms,kgun9.com,0.641552220634921,1,23,12,12,12,2.0,2.0,10.0,0,0,1
H1804,Bernstein slams Trump as 'rageaholic President' - CNN Video,cnn.com,0.658031073873161,1,23,12,12,12,9.0,3.0,12.0,1,0,1
H1519,Mr. Olympia Shawn Rhoden Turns Himself In In Utah Rape Case,tmz.com,0.69853717450643,1,23,12,12,12,12.0,4.0,12.0,1,0,1
H3204,"Man in his 20s killed in apparent shark attack, police say",wsbtv.com,0.724212758167569,1,23,12,12,12,11.0,11.0,12.0,1,1,1
H1769,6 apple varieties recalled for possible listeria contamination,wkyt.com,0.745250244624973,1,23,12,12,12,4.0,5.0,10.0,0,0,1
H0245,"Body Of Missing 15-Year-Old W. Va. Girl Found, Mother's Boyfriend Arrested",cbslocal.com,0.751190107612549,1,23,11,11,11,10.0,10.0,11.0,1,1,1
H0003,Family of missing native woman demands answers in Wapato,seattletimes.com,0.799029996866919,1,23,12,12,12,3.0,10.0,11.0,0,1,1
H1548,30 damaging habits you should break before you turn 30,businessinsider.com,0.804965428527866,1,23,12,12,12,3.0,3.0,11.0,0,0,1
H1608,"In pandemic times, Black maternal health is more important than ever",nbcnews.com,0.843937401226111,1,23,12,12,12,1.0,5.0,10.0,0,0,1
H2767,How Nicole Kidman Puts Women First in Hollywood,nytimes.com,0.858776290720608,1,23,12,12,12,2.0,4.0,11.0,0,0,1
H3905,Waze adds Apple CarPlay support just days after Google Maps,theverge.com,0.882320056922523,1,23,12,12,12,1.0,1.0,11.0,0,0,1
H1933,Detective: GPS bracelet helped solve 2018 Peoria murder,pjstar.com,0.905571729093681,1,23,12,12,12,2.0,6.0,12.0,0,0,1
H1928,194 Best Employers In California: New Forbes List,patch.com,0.933491002134259,1,23,12,12,12,0.0,0.0,9.0,0,0,1
H3694,"Yes, Airplane really is the best movie ever made",cnet.com,0.951854977853014,1,23,12,12,12,1.0,1.0,11.0,0,0,1
H3254,Gabon lawmakers vote to decriminalise homosexuality,reuters.com,1.0,1,23,12,12,12,4.0,3.0,10.0,0,0,1
H2315,"Cousins Cosmo DiNardo, Sean Kratz arraigned - no bail - in Bucks slayings",philly.com,0.715289837052258,1,23,12,12,12,12.0,8.0,12.0,1,1,1
H3338,"13-year-old student graduates from community college, earns 4 associate’s degrees",wfla.com,0.629958582225415,1,23,12,12,12,1.0,1.0,10.0,0,0,1
H2688,American Dream Miami wins county commission approval,therealdeal.com,0.625115184961301,1,23,12,12,12,1.0,1.0,11.0,0,0,1
H1577,Trump Opens A Can Of Whoop Ass On DC Establishment After Leaker Kate Walsh Is Exposed,worldnewspolitics.com,0.0901558716143552,1,23,12,12,12,10.0,7.0,10.0,1,1,1
H0513,Judicial Watch: Justice Department Blacks Out Talking Points on Lynch-Clinton Tarmac Meeting - Judicial Watch,judicialwatch.org,0.180416617224686,1,23,11,12,12,4.0,3.0,10.0,0,0,1
H3225,CNN: Packed BLM protests are much safer from COVID than packed Trump rallies,theblaze.com,0.319102558515008,1,23,12,12,12,5.0,4.0,10.0,0,0,1
H1039,Why We Must Be Bold on Welfare Reform,dailysignal.com,0.472969940011651,1,23,12,12,12,1.0,2.0,8.0,0,0,1
H2391,"With election rigging via mail-in ballots, the real purpose of the COVID bioweapon now becomes clear",distributednews.com,0.143117224167942,1,23,12,12,12,6.0,3.0,8.0,0,0,1
H1538,Lawyer Who Defended Pedophiles Found Guilty of Raping Children,humansarefree.com,0.0572211982440859,1,23,12,12,12,11.0,11.0,12.0,1,1,1
H0346,Endangered Person Advisory issued for missing Florissant man who made suicidal statements,kmov.com,0.907222206976868,1,23,12,12,12,2.0,8.0,11.0,0,1,1
H2851,8 Herbs That Naturally Kill Internal Parasites | World Truth.TV,worldtruth.tv,0.017643643892146,1,24,11,11,11,4.0,5.0,11.0,0,0,1
H1831,BuzzFeed Ran Defense For Vile People Who Celebrated Notre Dame Fire,infowars.com,0.0458475179096454,1,24,11,11,11,8.0,3.0,11.0,1,0,1
H1245,"Geoengineering Watch Global Alert News, May 4, 2019, #195",geoengineeringwatch.org,0.057482507650514,1,24,11,11,11,0.0,1.0,7.0,0,0,1
H2269,"Muslims Kidnap Children, Cut Them To Pieces And Place The Body Parts In Front Of Their Parent’s Home",shoebat.com,0.0886084846223804,1,24,11,11,11,11.0,11.0,11.0,1,1,1
H0981,Prosecutor Who Petitioned to Put Paul Manafort in Prison Attended Hillary Clinton's Election Night Party,thegatewaypundit.com,0.109374585525566,1,24,11,11,11,9.0,6.0,11.0,1,1,1
H0106,Video Of Corrupt Dominion Voting Systems That Big Tech Doesn’t Want You To See,79days.news,0.147384934649398,1,24,11,11,11,11.0,7.0,11.0,1,1,1
H0727,Grape Seed Extract: Benefits and Uses,mercola.com,0.174179298813923,1,24,11,11,11,0.0,1.0,11.0,0,0,1
H0215,Trump should not surrender the White House,wnd.com,0.192160019649149,1,24,11,11,11,1.0,5.0,10.0,0,0,1
H2784,"AWESOME! TUCKER CARLSON AND STEPHEN COHEN: ""Something's going on...I've never seen anything like this"" [Video] » 100percentfedUp.com",100percentfedup.com,0.21938033253327,1,24,11,11,11,0.0,1.0,5.0,0,0,0
H1479,Germany: Left Party conference speaker talks about executing the rich - Voice of Europe,voiceofeurope.com,0.24527651362289,1,24,11,11,11,10.0,8.0,11.0,1,1,1
H0506,5 Ways Parties Change As You Get Older,collegehumor.com,0.261510916378325,1,24,11,11,11,1.0,1.0,10.0,0,0,1
H3802,'Super blue blood moon’ to rise for 1st time in 150 years,rt.com,0.293277424671587,1,24,11,11,11,0.0,0.0,11.0,0,0,1
H3957,(VIDEO) Fox News Host tells Hillary Clinton to “Shut Up and Go Away”!,blingnews.com,0.310304421079677,1,24,11,11,11,10.0,10.0,11.0,1,1,1
H2413,BREAKING: Biden Suffers Major Loss in Federal Court,analyzingamerica.org,0.334544111691153,1,24,11,11,11,4.0,10.0,11.0,0,1,1
H3427,Leukemia Cure? Patient Still Cancer-Free 11 Years After Innovative Treatment,cbn.com,0.366255771907572,1,24,11,11,11,3.0,4.0,11.0,0,0,1
H1322,The War for the Cities Is Over. The Battle for the Suburbs Is Just Beginning - American Greatness,amgreatness.com,0.388266827571497,1,24,11,11,11,3.0,3.0,10.0,0,0,1
H2676,Scientists say they've found a shockingly easy way to kill coronavirus | News Break,newsbreak.com,0.411188765089231,1,24,11,11,11,4.0,3.0,11.0,0,0,1
H3539,Trump Was 'Pandering to Racist Yahoos': Conservative Writer Explains Why He Changed His Mind and Now Supports NFL Protests,alternet.org,0.42818441506045,1,24,11,11,11,8.0,4.0,11.0,1,0,1
H3516,Trump Doubles Down On Goodyear Boycott After Twitter Points Out His Presidential Limo Uses Goodyear Tires,secondnexus.com,0.460612497703407,1,24,11,11,11,8.0,6.0,9.0,1,1,1
H3997,Report: Michigan Governor A 'Roadblock To Ohio State's 6-Team Big Ten Football Plan – OutKick,outkick.com,0.48284249765361,1,24,11,11,11,6.0,6.0,9.0,1,1,1
H0503,"'Compression asphyxia': Cause of death for all 10 Astroworld victims in Houston, TX",fox13news.com,0.509941076749434,1,24,11,11,11,4.0,9.0,11.0,0,1,1
H3154,"More Biden gaffes? Former VP claims he's 'most progressive' Dem 'running' -- despite in-party critics, not declaring candidacy",foxnews.com,0.534260962262195,1,24,11,11,11,4.0,2.0,8.0,0,0,1
H1422,"Missing Ariz. Hiker Found Dead 'Far Away from Civilization' — and His Dog, Who Survived, Was by His Side",people.com,0.55408411231176,1,24,11,11,11,0.0,8.0,11.0,0,1,1
H1628,Trump picks a pointless fight with a key ally at the wrong time,msnbc.com,0.588104595861507,1,24,11,11,11,9.0,8.0,10.0,1,1,1
H0468,Jason Aldean to perform in Knoxville in February 2020,wjhl.com,0.623381208979617,1,24,11,11,11,0.0,0.0,11.0,0,0,1
H3786,Westchester residents sue WHO for alleged coronavirus cover-up,nypost.com,0.638970275002357,1,24,11,11,11,11.0,11.0,10.0,1,1,1
H2625,Tiroteo en iglesia en Texas: una víctima y el presunto atacante murieron,cnn.com,0.658031073873161,1,24,11,11,11,3.0,3.0,3.0,0,0,0
H0380,"Luke Bryan concert moved to Sprint Center from Louisburg, KS",kshb.com,0.695925594784122,1,24,11,11,11,1.0,1.0,11.0,0,0,1
H1196,Bud Light to celebrate pride month with rainbow bottles,thedenverchannel.com,0.724695520194595,1,24,11,11,11,1.0,2.0,11.0,0,0,1
H3335,"Odell Beckham Jr., Giants Agree to Reported Record 5-Year, $95 Million Contract",bleacherreport.com,0.734238148179424,1,24,11,11,11,0.0,1.0,11.0,0,0,1
H2091,Goshen Kroger reopening Wednesday,goshennews.com,0.769936078455424,1,24,11,11,11,0.0,0.0,11.0,0,0,1
H2540,5-Year-Old Drafts His Own Obituary Before He Dies With Final Request For Parents To Discover,shareably.net,0.785213966851439,1,24,11,11,11,1.0,6.0,11.0,0,1,1
H1005,Opinion | Macron embraces Trump — and elegantly knifes him in the back,washingtonpost.com,0.818780596798307,1,24,11,11,11,10.0,10.0,11.0,1,1,1
H1742,"Owner devastated after missing dog found headless in Pukekohe, Auckland",stuff.co.nz,0.826520681081304,1,24,11,11,11,2.0,10.0,11.0,0,1,1
H0439,Argument analysis: Justices divided on federal protections for LGBT employees - SCOTUSblog,scotusblog.com,0.870586786061,1,24,11,11,11,2.0,5.0,10.0,0,0,1
H2643,"Photos of a 'Mammoth' snowfall: California town gets hit with 10 feet — yes, feet — of snow",winonadailynews.com,0.881793053374116,1,24,11,11,11,3.0,5.0,11.0,0,0,1
H3963,How Randomness Can Arise From Determinism | Quanta Magazine,quantamagazine.org,0.915776893019192,1,24,11,11,11,0.0,1.0,9.0,0,0,1
H3649,China has designs on Europe. Here is how Europe should respond,economist.com,0.926495544108839,1,24,11,11,11,5.0,6.0,10.0,0,1,1
H2899,Can Facebook be broken up? What you need to know,cnet.com,0.951854977853014,1,24,11,11,11,1.0,2.0,9.0,0,0,1
H1313,Showboat owner planning $100M water park in Atlantic City,apnews.com,0.998049167729267,1,24,11,11,11,1.0,1.0,11.0,0,0,1
H2034,Trump says critics want him to keep economy closed until election: 'It's a political thing',foxnews.com,0.534260962262195,1,24,11,11,11,5.0,6.0,10.0,0,1,1
H2492,"What “The Legend of Sleepy Hollow” Tells Us About Contagion, Fear and Epidemics",smithsonianmag.com,0.971184072481041,1,24,11,11,11,1.0,1.0,11.0,0,0,1
H1811,"COVID-19 in Kentucky, Indiana: The latest headlines and resources to keep you informed",wlky.com,0.70671685535604,1,24,11,11,11,3.0,2.0,11.0,0,0,1
H1620,BREAKING: Governor Andrew Cuomo Releases Statement Apologizing For Behavior Following Sexual Harassment Allegations,dailywire.com,0.357498144984751,1,24,11,11,11,9.0,2.0,11.0,1,0,1
H2720,"Teachers unions collude with Planned Parenthood to fund abortion with forced dues, pro-life teacher warns",lifesitenews.com,0.257569279591328,1,24,11,11,11,9.0,6.0,10.0,1,1,1
H2922,Drones Don’t Wear Uniforms. They Should.,foreignpolicy.com,0.918863055218116,1,24,11,11,11,0.0,0.0,8.0,0,0,1
H0521,Ken Ham Ejected From Theater For Yelling 'WRONG' Every Time 'Jurassic World' Actors Say ‘65 Million Years',babylonbee.com,0.386461021828994,1,24,11,11,11,7.0,7.0,11.0,1,1,1
H2631,Did Donald Trump just slip up and admit he’s been diagnosed with Alzheimer’s?,palmerreport.com,0.360703012753001,1,24,11,11,11,2.0,5.0,11.0,0,0,1
H1744,Workers recover hundreds of bodies from mass grave in Syria,stripes.com,0.970705909096091,1,24,11,11,11,2.0,8.0,11.0,0,1,1
H3936,iPhone glitch produces weird symbol when you type 'I’: Here’s how to fix it,today.com,0.734238148179424,1,24,11,11,11,3.0,1.0,11.0,0,0,1
H2733,The Social Media Purge of Conservatives Is A Giant Election Meddling Scheme,worldtruth.tv,0.017643643892146,1,25,13,13,13,7.0,6.0,9.0,1,0,1
H3778,Maxine Waters Encourages ‘Resistance’ to “Knock Off” Trump,infowars.com,0.0458475179096454,1,25,13,13,13,13.0,13.0,13.0,1,1,1
H2466,Juan O Savin Exposes The Biggest Scam! - Must Video | Opinion - Conservative | Before It's News,beforeitsnews.com,0.0560036536327054,1,25,13,13,13,3.0,3.0,7.0,0,0,1
H2853,"‘Historic, Catastrophic’ Category 5 Hurricane Dorian Devastates Bahamas With 220 MPH Wind Gusts",wakingtimes.com,0.0901725391626428,1,25,13,13,13,10.0,11.0,13.0,1,1,1
H2514,"DID BORIS ORDER A SATANIC RITUAL FOR HIS WIFE CARRIE, BIDEN AND THE REST OF THE CABAL PUPPETS?",bitchute.com,0.124014428918512,1,25,13,13,13,10.0,9.0,7.0,1,1,1
H2502,"German Lawyer Who Criticized Lockdown Arrested, Taken to Psych Ward",theduran.com,0.125553828241878,1,25,13,13,13,3.0,11.0,12.0,0,1,1
H2627,Trump Travel Expenses are Nowhere Near What the Media is Claiming |,dcclothesline.com,0.154243582961425,1,25,13,13,13,7.0,7.0,12.0,1,1,1
H1751,U.S Army private indicted for planning with Neo-Nazi group to ambush his own unit,occupydemocrats.com,0.17563289387131,1,25,13,13,13,13.0,11.0,13.0,1,1,1
H2744,Suffering from Decision Fatigue? Here are 4 Ways to Avoid It - Forever Conscious,foreverconscious.com,0.213017293256714,1,25,13,13,13,5.0,2.0,10.0,0,0,1
H2967,Gov Whitmer Lashes out at Court Overturning Her COVID Executive Orders,redstate.com,0.245895808935139,1,25,13,13,13,7.0,8.0,12.0,1,1,1
H1503,Looking Through an Adversary's Eyes: A KGB Agent's Prophecy,theepochtimes.com,0.262887244589731,1,25,13,13,13,1.0,0.0,7.0,0,0,1
H2859,Twitter Bans Republican Senate Candidate Austin Petersen ... for Using Its Own Recommended Content | Breitbart,breitbart.com,0.297175368438483,1,25,13,13,13,10.0,12.0,12.0,1,1,1
H1169,Army veteran’s dying wish is to get a call from you — literally,theblaze.com,0.319102558515008,1,25,13,13,13,1.0,4.0,10.0,0,0,1
H2723,Russian FM Lavrov Refutes Claims That He Discussed Comey's Dismissal With Trump,sputniknews.com,0.346103349035805,1,25,13,13,13,5.0,5.0,9.0,0,0,1
H1907,Senate Democrats Release Letter Opposing Nancy Pelosi as Speaker,lifezette.com,0.353302231013722,1,25,13,13,13,10.0,11.0,13.0,1,1,1
H1083,R Kellys slave says she was trained to sexually please him at just 16,dailymail.co.uk,0.383860647514719,1,25,13,13,13,12.0,12.0,13.0,1,1,1
H0248,"After Kenya, now Uganda: Giant cracks destroy over 300 houses and prompt evacuation of dozens of residents in Uganda in the East African Rift in videos and pictures - Strange Sounds",strangesounds.org,0.423013342288066,1,25,13,13,13,9.0,11.0,9.0,1,1,1
H0440,UPDATE: Popular Pro-Gun Blog Shut Down By Google-Owned Blogger,bearingarms.com,0.440140140389877,1,25,13,13,13,12.0,11.0,12.0,1,1,1
H1654,"Trump ‘Not Happy’ With Border Agreement, Hedges on Another Shutdown",dailysignal.com,0.472969940011651,1,25,13,13,13,5.0,3.0,11.0,0,0,1
H3344,"As Chief Prosecutor, Klobuchar Declined Charges Against Cop that Killed George Floyd",mintpressnews.com,0.494701551770883,1,25,13,13,13,11.0,10.0,13.0,1,1,1
H2884,Militia group's numbers grow in wake of election of President Tr - CBS46 News,cbs46.com,0.507584808893198,1,25,13,13,13,3.0,2.0,8.0,0,0,1
H3300,Protesters at McConnell's house: 'F-ck Mitch' and I hope someone 'stabs the mother f-cker in the heart',trendingviews.co,0.549227398596091,1,25,13,13,13,10.0,10.0,11.0,1,1,1
H1413,Video Of Reporter’s Hilarious Reaction To Approaching Bison Herd Goes Viral,huffpost.com,0.568450135334297,1,25,13,13,13,2.0,3.0,10.0,0,0,1
H2518,Rush Limbaugh diagnosed with advanced lung cancer,wftv.com,0.589666275358842,1,25,13,13,13,9.0,12.0,13.0,1,1,1
H1200,Oprah erecting 26 billboards of Breonna Taylor around Louisville,wlwt.com,0.620578575168388,1,25,13,13,13,2.0,5.0,10.0,0,0,1
H1086,"VIDEO: Protester Attacks Man Driving Towards Protest, Gets Shot - The Police Tribune",bluelivesmatter.blue,0.642398781252098,1,25,13,13,13,12.0,12.0,11.0,1,1,1
H0180,WWE Hall of Famer “Mean” Gene Okerlund dies at 76,fox61.com,0.657261177553656,1,25,13,13,13,0.0,8.0,12.0,0,1,1
H2790,La verdadera historia del cliente que demandó a Red Bull porque no tenía alas (y ganó una batalla millonaria),gizmodo.com,0.695696656457309,1,25,13,13,13,1.0,1.0,1.0,0,0,0
H2371,"Al menos tres muertos y cinco heridos en un tiroteo en el centro de Cincinnati, Ohio",univision.com,0.717076812957865,1,25,13,13,13,1.0,3.0,2.0,0,0,0
H0461,California megachurch linked to spread of more than 70 coronavirus cases,theguardian.com,0.74959222370997,1,25,13,13,13,10.0,6.0,12.0,1,0,1
H3508,ICE Has Been Ramping Up Its Work With a Private Prison Company Connected to Horrific Allegations,vice.com,0.754994791293065,1,25,13,13,13,9.0,1.0,7.0,1,0,1
H3954,Trump tells Jewish-Americans he is Israel's best friend,aljazeera.com,0.779267503219657,1,25,13,13,13,2.0,2.0,11.0,0,0,1
H2112,Opinion | Unlearning the lessons from Chernobyl,washingtonpost.com,0.818780596798307,1,25,13,13,13,1.0,1.0,7.0,0,0,1
H1727,Tracking the Spread of the Coronavirus Outbreak in the United States,bloomberg.com,0.840147313769099,1,25,13,13,13,4.0,5.0,11.0,0,0,1
H3833,House bill proposes naming the sugar cookie Ohio's state cookie,10tv.com,0.871438754060439,1,25,13,13,13,2.0,2.0,12.0,0,0,1
H1353,#DeleteFacebook movement gains steam after 50 million users have data leaked,sfgate.com,0.88658952865011,1,25,13,13,13,5.0,11.0,11.0,0,1,1
H2687,President Trump retweets meme of him eclipsing Barack Obama - USA TODAY,usatoday.com,0.901007708482031,1,25,13,13,13,6.0,6.0,9.0,0,0,1
H1084,The Supreme Court Takes Another Look At Partisan Redistricting,npr.org,0.930525246755544,1,25,13,13,13,3.0,3.0,10.0,0,0,1
H1391,Vikings fire OC John DeFilippo after Seahawks loss,bringmethenews.com,0.950669426837722,1,25,13,13,13,12.0,13.0,12.0,1,1,1
H2501,Hospital operator HCA spends big to keep nurses on board,reuters.com,1.0,1,25,13,13,13,1.0,2.0,11.0,0,0,1
H1777,"No, your Facebook account hasn't been cloned",4029tv.com,0.649059509496227,1,25,13,13,13,2.0,3.0,9.0,0,0,1
H0965,Hot Mic Catches High School Announcer Calling Players the N-Word for Kneeling,vladtv.com,0.683893945995561,1,25,13,13,13,13.0,13.0,12.0,1,1,1
H2344,Missing Middletown man has not been seen since January,wlwt.com,0.620578575168388,1,25,13,13,13,0.0,10.0,12.0,0,1,1
H0218,Protect the Tongass National Forest by Adding Your Name Now!,greenpeace.org,0.234150743348435,1,25,13,13,13,0.0,7.0,10.0,0,1,1
H2236,Officials Secretly Added Cancer Causing Chemicals to City’s Water Supply | World Truth.TV,worldtruth.tv,0.017643643892146,1,25,13,13,13,12.0,11.0,12.0,1,1,1
H0977,HILARIOUS SATIRE: Actor Kevin Bacon Changing Last Name To Appease Muslims,jewsnews.co.il,0.237109310545107,1,25,13,13,13,2.0,2.0,11.0,0,0,1
H3669,Gov. Ducey announces Arizona schools to be closed through end of school year amid COVID-19 pandemic,fox10phoenix.com,0.479659730503063,1,25,13,13,13,6.0,6.0,12.0,0,0,1
H0828,Albany dealing with rising concerns about ATVs and dirtbikes,cbs6albany.com,0.552615688445823,1,25,13,13,13,8.0,9.0,11.0,1,1,1
H2680,"Mars: Mounting evidence for subglacial lakes, but could they really host life?",space.com,0.837419794076792,1,25,13,13,13,1.0,1.0,8.0,0,0,1
H2658,"Ranchers can't compete with lower costs of meat from Canada, Mexico: Former rancher",foxbusiness.com,0.794456492811081,1,25,13,13,13,8.0,11.0,12.0,1,1,1
H2679,"Netflix Series Exposes Govt Connected Child Sex Ring In Baltimore, Police Forced To Respond",worldtruth.tv,0.017643643892146,1,26,8,8,8,7.0,6.0,6.0,1,1,1
H3258,"Must Watch – NIH Claimed Joint Ownership of Moderna mRNA Vaccine, Began Development WEEKS Ahead of Pandemic",infowars.com,0.0458475179096454,1,26,8,8,8,5.0,1.0,6.0,1,0,1
H2406,The Significance Of 11:11 The Most Powerful Day Of The Year,awarenessact.com,0.0705539230341695,1,26,8,8,8,0.0,0.0,6.0,0,0,1
H0665,Greatest Lazybones Of The Zodiac. There Are Only 5 Of Them!,fabiosa.com,0.0905862324182262,1,26,8,8,8,0.0,1.0,3.0,0,0,0
H1896,BREAKING: Patriots Are INSIDE NANCY PELOSI'S OFFICE — Emails Open on Screen,thegatewaypundit.com,0.109374585525566,1,26,8,8,8,6.0,6.0,6.0,1,1,1
H1321,Another Asian Couple Attacked By a Street Thug Just For Being All Asian [VIDEO] | DJHJ Media,djhjmedia.com,0.129014666189983,1,26,8,8,8,8.0,8.0,7.0,1,1,1
H0652,Walmart workers cost taxpayers $6.2 B in public assistance,healthnutnews.com,0.151020321006386,1,26,8,8,8,5.0,7.0,7.0,1,1,1
H2222,Assad: Israel Has Exhausted Our Patience and Iran Will Stay. But Has Putin Cured Netanyahu of His 'Unsuitable Ideas'?,russia-insider.com,0.183989893343547,1,26,8,8,8,2.0,3.0,2.0,0,0,0
H2152,FLYER ON COLLEGE CAMPUS Advocates Using Baseball Bat On Anyone Wearing A TRUMP Hat » 100percentfedUp.com,100percentfedup.com,0.21938033253327,1,26,8,8,8,4.0,6.0,6.0,0,1,1
H0231,Fusion GPS Had Contact With State Dep't Official During 2016 Campaign,rickwells.us,0.239076281625031,1,26,8,8,8,2.0,0.0,3.0,0,0,0
H0643,Political Cartoons by AF Branco,townhall.com,0.273514170924363,1,26,8,8,8,0.0,0.0,2.0,0,0,0
H0330,Amazon Calls 'Profiles in Corruption' the 'Most Anticipated' Nonfiction Book,breitbart.com,0.297175368438483,1,26,8,8,8,0.0,0.0,5.0,0,0,1
H1702,Chris Pratt Responds to Ellen Page's Church Shaming Comments...,louderwithcrowder.com,0.311310547480834,1,26,8,8,8,7.0,3.0,7.0,1,0,1
H2673,Mueller’s statement fuels impeachment push on Capitol Hill,washingtontimes.com,0.345472108057381,1,26,8,8,8,4.0,2.0,6.0,0,0,1
H1990,Adam Schiff Just Called For A Federal Criminal Investigation Of Trump,politicususa.com,0.35845073650398,1,26,8,8,8,5.0,4.0,7.0,1,0,1
H3286,Jets QB Trevor Siemian Was Able To Walk Off The Field After Suffering Gruesome Leg/Ankle Injury (VIDEO),dailysnark.com,0.397773157571401,1,26,8,8,8,1.0,5.0,7.0,0,1,1
H3478,President Bannon on the brink of calling it quits now that dad likes Kushner best,dailykos.com,0.413735620185017,1,26,8,8,8,2.0,2.0,2.0,0,0,0
H0770,USDA Admits Weight Loss Not Possible For People Who Don’t Like Salmon,theonion.com,0.445775894839608,1,26,8,8,8,1.0,3.0,6.0,0,0,1
H2473,"CNN Contributor Celebrates Trump’s Economy: ‘Whatever Trump Is Doing, It Sure Is Working’",dailycaller.com,0.469965661505635,1,26,8,8,8,1.0,1.0,5.0,0,0,1
H3757,"Lindsey Graham Makes Move, Gives $1M Donation To Georgia GOP Senators To Win Key Races • Conservative Politics Today",conservativept.com,0.48135626209817,1,26,8,8,8,1.0,0.0,5.0,0,0,1
H1967,Maxine 'Reclaiming My Time' Waters Still Has No Time for Treasury Secretary Steve Mnuchin’s Shit,theroot.com,0.508451103212391,1,26,8,8,8,4.0,2.0,5.0,0,0,1
H0746,Twitter suspends DeSantis press secretary who urged followers to 'light up' reporter,foxnews.com,0.534260962262195,1,26,8,8,8,7.0,7.0,6.0,1,1,1
H1030,Kelly Osbourne Reveals She's Lost 85 Lbs.: 'I Worked Hard and It Feels Good',people.com,0.55408411231176,1,26,8,8,8,0.0,1.0,6.0,0,0,1
H3600,"Feds: Nearly 1,700 arrested in child porn, abuse crackdown",kbjr6.com,0.598909713642671,1,26,8,8,8,7.0,6.0,7.0,1,1,1
H2998,"Arizona Governor Breaks Silence, Will Wait For Court Cases To Finish Before Certifying State - MAGA Conservative",magaconservatives.com,0.60994156947239,1,26,8,8,8,2.0,1.0,6.0,0,0,1
H3788,Trump Admin Tries Revoking Child's Citizenship Because of Gay Dads,hillreporter.com,0.626654347976592,1,26,8,8,8,6.0,7.0,6.0,1,1,1
H2735,Putin Considering Not Running Trump for Reëlection,newyorker.com,0.663452052897644,1,26,8,8,8,4.0,3.0,4.0,0,0,0
H0095,19 Alleged Brooklyn Gang Members Charged with Over a Dozen Shootings,vladtv.com,0.683893945995561,1,26,8,8,8,6.0,4.0,8.0,1,0,1
H3606,Texas Lawmaker Calls ICE On Group Protesting Anti-Immigrant Law,huffingtonpost.com,0.715235206216845,1,26,8,8,8,6.0,7.0,6.0,1,1,1
H3566,Food carts to receive letter grades like NYC restaurants,pix11.com,0.739336993642173,1,26,8,8,8,0.0,0.0,6.0,0,0,1
H0892,FDA plans investigation after euthanasia drug found in dog food,wkrn.com,0.767484212606095,1,26,8,8,8,5.0,5.0,7.0,1,1,1
H2558,Shocking Footage of Trash in Caribbean Sea | The Weather Channel,weather.com,0.787979994491179,1,26,8,8,8,4.0,5.0,6.0,0,1,1
H2517,"The Daily 202: Ohio is hurting because of Obamacare’s uncertain future, but Trumpcare could make matters worse - The Washington Post",washingtonpost.com,0.818780596798307,1,26,8,8,8,7.0,5.0,8.0,1,1,1
H3445,Hang Glider Clings for His Life in Harrowing Video,time.com,0.826340433814255,1,26,8,8,8,0.0,5.0,7.0,0,1,1
H2469,Filipinos Flee Duterte’s Violent Drug Crackdown,nytimes.com,0.858776290720608,1,26,8,8,8,6.0,7.0,7.0,1,1,1
H0416,Delete your account | TechCrunch,techcrunch.com,0.885848003727468,1,26,8,8,8,0.0,1.0,3.0,0,0,0
H3061,Margaret “Hap” Brennecke: The woman who welded Apollo's rockets,astronomy.com,0.909650346870873,1,26,8,8,8,0.0,0.0,3.0,0,0,0
H2819,ISP releases new suspect photo in Delphi double murder,therepublic.com,0.925960447501987,1,26,8,8,8,6.0,5.0,6.0,1,1,1
H1378,VA unveils proposed new rules for expanding private-sector care,stripes.com,0.970705909096091,1,26,8,8,8,0.0,0.0,6.0,0,0,1
H2799,"Denmark, Norway temporarily suspend AstraZeneca COVID shots after blood clot reports",reuters.com,1.0,1,26,8,8,8,6.0,4.0,7.0,1,0,1
H0210,Congress goes on vacation after voting for impeachment and making no plans to proceed - WND,wnd.com,0.192160019649149,1,26,8,8,8,4.0,0.0,6.0,0,0,1
H2445,"'It's A Great Day in America"", Lindell Says As Dominion Pulls The Trigger on Lawsuit | DJHJ Media",djhjmedia.com,0.129014666189983,1,26,8,8,8,1.0,1.0,2.0,0,0,0
H3010,"FBI Fear Awan Case Was Cleverly Rigged To Protect Obama, Lynch, Holder, Wasserman, Congressional Dems",truepundit.com,0.107268313594115,1,26,8,8,8,3.0,2.0,3.0,0,0,0
H1046,13 year-old boy suffers major injuries from shark attack in Encinitas,kusi.com,0.911575837998327,1,26,8,8,8,8.0,8.0,8.0,1,1,1
H2879,One Simple Change in Namibia Cut Accidental Albatross Deaths and Seabirds Entanglements by 98%: ‘Absolutely amazing’,goodnewsnetwork.org,0.931854544428937,1,26,8,8,8,0.0,6.0,6.0,0,1,1
H3211,Pfizer launches later-stage study of pill to treat COVID-19,thehill.com,0.898762408412433,1,26,8,8,8,1.0,1.0,7.0,0,0,1
H1298,Dems Battle to Limit Your Health Insurance Choices,spectator.org,0.41867309258613,1,26,8,8,8,7.0,4.0,5.0,1,0,1
H1291,"Man charged with holding woman, 2 children captive for at least 2 years, sheriff's office says",fox32chicago.com,0.606802292033508,1,26,8,8,8,8.0,8.0,7.0,1,1,1
H2123,21 Hilarious Test Answers From Kids That Are So Wrong They’re Right,inspiremore.com,0.61930929325953,1,26,8,8,8,0.0,0.0,5.0,0,0,1
H0306,"Died: Haddon Robinson, Champion of Biblical Preaching",christianitytoday.com,0.82531440800701,1,26,8,8,8,0.0,1.0,4.0,0,0,0
H3023,Compound found in black cumin shows potential anticancer properties,naturalnews.com,0.0,1,27,10,10,10,2.0,0.0,10.0,0,0,1
H0861,Kavanaugh Protesters Hate The First Amendment,infowars.com,0.0458475179096454,1,27,10,10,10,6.0,4.0,9.0,1,0,1
H2431,Coconut oil can prevent tooth decay better than toxic fluoride,newstarget.com,0.0723314494829261,1,27,10,10,10,4.0,3.0,10.0,0,0,1
H3610,VICTORY! Senate Acquits President Trump On BOTH Articles Of Impeachment,explainlife.com,0.0866873538647112,1,27,10,10,10,4.0,4.0,9.0,0,0,1
H2198,Vaxxxed man tells all anti-vaxxxers to STAND YOUR GROUND,bitchute.com,0.124014428918512,1,27,10,10,10,3.0,3.0,6.0,0,0,1
H3039,UH OH! Fox News Shep Smith Under Fire Amid Sexual Assault Claims,thedcpatriot.com,0.125553828241878,1,27,10,10,10,9.0,2.0,10.0,1,0,1
H1151,"Eerie New Facts About A UFO Researchers Death After Texting: “If Anything Happens To Me, Investigate”",collective-evolution.com,0.168563032667644,1,27,10,10,10,0.0,9.0,10.0,0,1,1
H1986,"Seattle Rioters Set Fire to Juvenile Detention Center Construction Site – 47 Arrests, 59 Officers Injured",unclesamsmisguidedchildren.com,0.18930777672952,1,27,10,10,10,10.0,10.0,10.0,1,1,1
H1991,Professor Begs Trump to Send Troops to Chicago To Stop 'Wannabe-Commandos',westernjournal.com,0.212942660560995,1,27,10,10,10,9.0,5.0,5.0,1,0,0
H3889,American Veteran Destroys President Trump's Racist Muslim Ban - Show Some Respect,bipartisanreport.com,0.228380384066331,1,27,10,10,10,9.0,9.0,9.0,1,1,1
H3926,Stunning Satellite Images Of Beirut Blast Epicenter,zerohedge.com,0.272420899604219,1,27,10,10,10,0.0,3.0,10.0,0,0,1
H0270,Russia sanctions? Trump says US needs to ‘get on with our lives’ instead — RT America,rt.com,0.293277424671587,1,27,10,10,10,6.0,5.0,6.0,1,0,1
H1140,Scientists develop artificial eye that could provide vision for humanoid robots,endtimeheadlines.org,0.315216786291459,1,27,10,10,10,0.0,0.0,10.0,0,0,1
H2881,Eric Schneiderman resignation puts anti-Trump legal agenda in jeopardy,washingtontimes.com,0.345472108057381,1,27,10,10,10,6.0,2.0,8.0,1,0,1
H0801,There's Still No Evidence Russia Paid the Taliban Bounties to Kill U.S. Troops,bongino.com,0.371435995037781,1,27,10,10,10,8.0,10.0,10.0,1,1,1
H2292,Stomach-churning footage captures the moment a 30 metre wave engulfs a ship,dailymail.co.uk,0.383860647514719,1,27,10,10,10,7.0,7.0,10.0,1,1,1
H3223,"Racist Texas Republicans pass racist voting restrictions, tell Democrats to not call it racist",dailykos.com,0.413735620185017,1,27,10,10,10,10.0,4.0,8.0,1,0,1
H1987,"Who Are The 144,000 People Mentioned In The Book OF Revelation, Chapters 7 & 14? - Conscious Reminder",consciousreminder.com,0.444827097925482,1,27,10,10,10,0.0,0.0,4.0,0,0,0
H2153,‘Saved by the Bell’ cast reunites to celebrate ‘30 years of friendship’,pagesix.com,0.457488327780295,1,27,10,10,10,0.0,0.0,10.0,0,0,1
H3051,'This is TREASON!' Trump Reacts to Criminal Investigation that Alleges Clinton Paid to 'Infiltrate' WH Servers,chicksonright.com,0.490047310819928,1,27,10,10,10,9.0,5.0,8.0,1,0,1
H3591,Is Airbnb Turning NYC’s Brooklyn White? Airbnb Responds,theroot.com,0.508451103212391,1,27,10,10,10,4.0,4.0,6.0,0,0,1
H2827,Avenatti Announces He'll Drop A Bombshell On Kavanaugh In 48 Hours,politicaldig.com,0.547183375556366,1,27,10,10,10,4.0,2.0,6.0,0,0,1
H0907,"The Biden Family Has Rehomed Rescue Dog Major, Will Welcome a Cat to the White House in 2022",people.com,0.55408411231176,1,27,10,10,10,0.0,1.0,10.0,0,0,1
H3435,Ben Zobrist Calls Out MLB After Receiving Warning Over Cleats,12up.com,0.594889248109946,1,27,10,10,10,5.0,5.0,9.0,0,0,1
H1529,Eric Trump: Ivanka Has Done More For Women Than Anyone Else In Washington - The Intellectualist,mavenroundtable.io,0.619866921433735,1,27,10,10,10,1.0,1.0,7.0,0,0,1
H0265,"Bill would force Florida public schools to offer bible, religion classes",wfla.com,0.629958582225415,1,27,10,10,10,5.0,6.0,8.0,0,1,1
H3745,Sean Spicer: Trump inauguration had largest audience ever - CNN Video,cnn.com,0.658031073873161,1,27,10,10,10,0.0,0.0,9.0,0,0,1
H1828,"Ozzy Osbourne, Megadeth coming to Moda Center",kgw.com,0.685403029406808,1,27,10,10,10,0.0,0.0,9.0,0,0,1
H3865,Hawaii's infrastructure given D+ grade from civil engineers,khon2.com,0.716046902597474,1,27,10,10,10,1.0,3.0,10.0,0,0,1
H2095,At least 16 dead after Armenia and Azerbaijan border clashes,theguardian.com,0.74959222370997,1,27,10,10,10,3.0,9.0,10.0,0,1,1
H3398,"4 killed, 28 hurt in weekend shootings across Chicago",suntimes.com,0.75039172395736,1,27,10,10,10,3.0,8.0,10.0,0,1,1
H0587,The History of Military Coups,hoover.org,0.775429000335308,1,27,10,10,10,0.0,1.0,8.0,0,0,1
H0903,"Samuel Joyner, 96, former Tribune cartoonist",phillytrib.com,0.804641278753947,1,27,10,10,10,0.0,0.0,4.0,0,0,0
H0869,Swing the Election,nbcnews.com,0.843937401226111,1,27,10,10,10,0.0,0.0,1.0,0,0,0
H2761,Seth Moulton Joins 2020 Race for President,nytimes.com,0.858776290720608,1,27,10,10,10,0.0,0.0,10.0,0,0,1
H3410,"Scientists Genetically Engineer Living Cells to Store ""Memories"" in Their DNA",futurism.com,0.88923906933246,1,27,10,10,10,0.0,0.0,9.0,0,0,1
H3426,"Kids getting sick with COVID-19 is far riskier than rare side effect myocarditis, experts say",usatoday.com,0.901007708482031,1,27,10,10,10,7.0,9.0,9.0,1,1,1
H1673,Hurricane Laura Brings 'Catastrophic Storm Surge' And Fearsome Winds To Gulf Coast,npr.org,0.930525246755544,1,27,10,10,10,8.0,7.0,10.0,1,1,1
H3157,"One small step for man, one giant step for robot suit with man inside - CNET",cnet.com,0.951854977853014,1,27,10,10,10,1.0,1.0,5.0,0,0,0
H3360,AP VoteCast: Voters saw election as a judgment on Trump,apnews.com,0.998049167729267,1,27,10,10,10,3.0,0.0,6.0,0,0,1
H2379,"Enormous waves engulfs Venezuela and Puerto Rico - The swell is the largest to hit Puerto Rico in more than a decade, and it is generating waves bigger than those produced by Hurricane Maria",strangesounds.org,0.423013342288066,1,27,10,10,10,8.0,9.0,10.0,1,1,1
H1676,Sean Astin backs Corey Feldman’s sexual assault claims,pagesix.com,0.457488327780295,1,27,10,10,10,3.0,8.0,9.0,0,1,1
H3137,Coming soon: Year-long investigation of alleged sex trafficking in Ohio,cincinnati.com,0.905571729093681,1,27,10,10,10,4.0,2.0,10.0,0,0,1
H0394,"Italy records almost 6,000 new coronavirus cases in 24 hours - Europe",israelnationalnews.com,0.724228111218867,1,27,10,10,10,8.0,9.0,10.0,1,1,1
H1472,American Legion Welcomes Recognition of Additional Vets as House Passes LEGION Act,prnewswire.com,0.751199312515632,1,27,10,10,10,0.0,0.0,9.0,0,0,1
H2710,White Supremacist Punched Out After Allegedly Harassing Black Bus Passenger,alternet.org,0.42818441506045,1,27,10,10,10,10.0,10.0,10.0,1,1,1
H1660,Vote on Raiders' Vegas move may be next week,espn.com,0.85282809463095,1,27,10,10,10,0.0,1.0,9.0,0,0,1
H2647,Husband Shares Photo of 'Angry' Wife After She Goes on Ride Alone—Then He Shares What People Can't See,ijr.com,0.53513443385593,1,27,10,10,10,8.0,8.0,3.0,1,1,0
H0646,Alabama Newspaper Editor Wants to Bring Back the Ku Klux Klan,splinternews.com,0.457115581198225,1,27,10,10,10,9.0,1.0,10.0,1,0,1
H3895,"U.S. Support for Gay Marriage Stable, at 63%",gallup.com,0.918225504110308,1,27,10,10,10,0.0,2.0,10.0,0,0,1
H3624,Cooking with Splenda found to release cancer-causing dioxins in food,naturalnews.com,0.0,1,28,12,12,12,9.0,8.0,12.0,1,1,1
H0636,Leftists Spew Hate As White Houses Announces Charities Trump Will Donate To » Alex Jones' Infowars: There's a war on for your mind!,infowars.com,0.0458475179096454,1,28,12,12,12,10.0,4.0,10.0,1,0,1
H2704,Actor Christian Bale Wins Golden Globes 'Best Actor' For His Portrayal Of Dick Cheney In 'Vice' Movie Gives Thanks To Satan In Acceptance Speech • Now The End Begins,nowtheendbegins.com,0.0731174714253107,1,28,12,12,12,5.0,2.0,9.0,0,0,1
H1818,"Mother Claims Biden Supporters Attacked 7-Year-Old Son, Stole His MAGA Hat",welovetrump.com,0.0871406069110147,1,28,12,12,12,9.0,9.0,10.0,1,1,1
H0958,Obama Gives Trump and America BIGGEST CHRISTMAS GIFT EVER!,thegatewaypundit.com,0.109374585525566,1,28,12,12,12,3.0,3.0,8.0,0,0,1
H0933,Alabama Supreme Court Allows Destruction of Digital Voting Records,thinkamericana.com,0.125553828241878,1,28,12,12,12,7.0,5.0,11.0,1,0,1
H1319,Facts About The Swastika; A Symbol Of Good Luck And Prosperity,ancient-code.com,0.168596719693486,1,28,12,12,12,1.0,1.0,10.0,0,0,1
H1222,Don Jr. posts anti-Chinese video as racist attacks on Asian-Americans spike to 650 in one week,occupydemocrats.com,0.17563289387131,1,28,12,12,12,10.0,12.0,12.0,1,1,1
H3163,Melania VICIOUSLY Attacked On Live TV Last Night As Millions Of Americans Watched In Horror,usanewsflash.com,0.216405500798777,1,28,12,12,12,3.0,11.0,10.0,0,1,1
H2003,Check Out Ted Cruz's Face When He's Asked If Trump Can Be Trusted (VIDEO),bipartisanreport.com,0.228380384066331,1,28,12,12,12,1.0,1.0,10.0,0,0,1
H0758,The 20 best color combos for your bedroom,brightside.me,0.263978635522076,1,28,12,12,12,0.0,0.0,11.0,0,0,1
H3243,Elizabeth Warren Vows To Fill Her Cabinet With Women and 'NON-BINARY' People,thepoliticalinsider.com,0.275564764275463,1,28,12,12,12,0.0,0.0,11.0,0,0,1
H2472,Autism Apps | Autism Speaks,autismspeaks.org,0.305779691436367,1,28,12,12,12,1.0,1.0,7.0,0,0,1
H1573,"Senate GOP may charge Cory Booker for release of Brett Kavanaugh documents, ‘Spartacus’ moment",washingtontimes.com,0.345472108057381,1,28,12,12,12,10.0,9.0,12.0,1,1,1
H1029,Senate Republicans Block Bill To Remove Confederate Statues,politicususa.com,0.35845073650398,1,28,12,12,12,9.0,5.0,12.0,1,0,1
H0168,Progressive Theologians Release Line Of Mood Rings For Determining Doctrinal Truth,babylonbee.com,0.386461021828994,1,28,12,12,12,2.0,0.0,10.0,0,0,1
H2762,Hannity directs Trump to keep the government shut down into February,dailykos.com,0.413735620185017,1,28,12,12,12,9.0,6.0,12.0,1,0,1
H2727,"Already losing his trade war with China, Trump starts a new one with Mexico",theunitedstatesblues.com,0.435501668033006,1,28,12,12,12,12.0,10.0,12.0,1,1,1
H2815,John Eastman now rejects ‘coup memo’ he wrote for Trump: ‘Anybody who thinks that that’s a viable strategy is crazy’,rawstory.com,0.461914938868004,1,28,12,12,12,8.0,1.0,10.0,1,0,1
H2373,"7-year-old boy uses $600 of savings to make coronavirus care packages for seniors, feed 90 students",fox10phoenix.com,0.479659730503063,1,28,12,12,12,0.0,4.0,11.0,0,0,1
H0813,Families make separate pleas after Avondale man accused of killing girlfriend,local12.com,0.509941076749434,1,28,12,12,12,11.0,11.0,12.0,1,1,1
H2367,Elizabeth Warren described as ‘diehard conservative’ in school,foxnews.com,0.534260962262195,1,28,12,12,12,3.0,3.0,9.0,0,0,1
H2295,Super-rich tax cheats can now expect to avoid audits after years of Republican sabotage guts IRS,thinkprogress.org,0.570515091820804,1,28,12,12,12,11.0,10.0,11.0,1,1,1
H0754,Maxine Waters says she told Jim Jordan to ‘shut your mouth’ for ‘bullying’ Dr. Fauci,msnbc.com,0.588104595861507,1,28,12,12,12,10.0,10.0,11.0,1,1,1
H3469,"Shooting at El Dorado apartment complex, at least one injured",myarklamiss.com,0.623381208979617,1,28,12,12,12,3.0,10.0,11.0,0,1,1
H0680,"NYC bodega worker Jose Alba a ‘good man’ who doesn’t deserve murder charges, customers say",nypost.com,0.638970275002357,1,28,12,12,12,4.0,8.0,11.0,0,1,1
H1455,Have you seen this child? Derrell Willis,missingkids.org,0.657261177553656,1,28,12,12,12,0.0,7.0,11.0,0,1,1
H3734,Holbrook Police searching for missing teen last seen in Hyde Park,boston25news.com,0.698799850724305,1,28,12,12,12,1.0,11.0,11.0,0,1,1
H0217,Salmonella baby milk 'affects 83 countries',bbc.co.uk,0.718306150148359,1,28,12,12,12,3.0,7.0,9.0,0,1,1
H0798,Florida state senator wants to triple prison time for injuring police dogs following death of K9,wsvn.com,0.729034875160292,1,28,12,12,12,5.0,9.0,12.0,0,1,1
H0780,Amber Alert issued for missing toddler after mother killed in Connecticut home,6abc.com,0.768853057630876,1,28,12,12,12,3.0,12.0,12.0,0,1,1
H0829,Shark season has begun on the Cape. Here's where they've been spotted.,boston.com,0.799029996866919,1,28,12,12,12,3.0,2.0,10.0,0,0,1
H0572,"Here's what you need to know about Jumia, the Alibaba of Africa that's getting ready to IPO on the New York Stock Exchange",businessinsider.com,0.804965428527866,1,28,12,12,12,1.0,1.0,10.0,0,0,1
H1755,"2019 Rochester Polar Plunge raises more than $250,000 for Special Olympics",democratandchronicle.com,0.84101232138613,1,28,12,12,12,0.0,0.0,10.0,0,0,1
H3255,"I Gave Birth, but My Husband Developed Postpartum Depression",nytimes.com,0.858776290720608,1,28,12,12,12,2.0,7.0,11.0,0,1,1
H3075,Native tribe rejects US senator's DNA test,bbc.com,0.881685504350007,1,28,12,12,12,4.0,5.0,11.0,0,0,1
H1127,America Must Embrace the Goal of Ukrainian Victory,foreignaffairs.com,0.908608555363604,1,28,12,12,12,0.0,5.0,12.0,0,0,1
H2692,10 Books You Need To Read In October,patch.com,0.933491002134259,1,28,12,12,12,1.0,1.0,8.0,0,0,1
H1965,New United pet ban could spur military family heartache,stripes.com,0.970705909096091,1,28,12,12,12,7.0,10.0,10.0,1,1,1
H1466,Exclusive: Pentagon stops accepting F-35 jets from Lockheed over repair cost dispute,reuters.com,1.0,1,28,12,12,12,6.0,6.0,11.0,0,0,1
H1881,50 People On ‘The One Story That Gives Me The Chills To This Day’\\n,thoughtcatalog.com,0.301184330996598,1,28,12,12,12,0.0,1.0,6.0,0,0,0
H3342,"Whole Foods employees step up efforts to unionize, cite laundry list of grievances under Amazon",cnbc.com,0.850264693981546,1,28,12,12,12,11.0,10.0,12.0,1,1,1
H1186,Gov. Bevin: Aluminum rolling mill will bring 550 jobs to eastern Kentucky,wkyt.com,0.745250244624973,1,28,12,12,12,0.0,1.0,11.0,0,0,1
H2125,How Much Microplastic Is Found in Fish Fillets? | NutritionFacts.org,nutritionfacts.org,0.352453818106435,1,28,12,12,12,2.0,4.0,11.0,0,0,1
H1052,The Queen owns a McDonald's outside of London,foxnews.com,0.534260962262195,1,28,12,12,12,0.0,0.0,11.0,0,0,1
H0189,Ex-Secret Service Agent Claims Joe Biden Engaged in 'Weinstein-Level' Groping — Pedophilia Questions Raised,humansarefree.com,0.0572211982440859,1,28,12,12,12,11.0,6.0,12.0,1,0,1
H3066,Watch our video thanking Senator Sherrod Brown.,boldprogressives.org,0.468791185706023,1,28,12,12,12,0.0,1.0,10.0,0,0,1
H0951,Activists block Boeing entrance with bus 'in solidarity with the people of Yemen',ksdk.com,0.64280305900301,1,28,12,12,12,10.0,10.0,11.0,1,1,1
H2877,Trump administration re-opens door to citizenship for Dreamers,washingtontimes.com,0.345472108057381,1,28,12,12,12,0.0,4.0,10.0,0,0,1
H2118,Restaurant Owner No Longer To Show NFL Games Because Of Anthem Protests [WATCH],independentminute.com,0.240756832296597,1,28,12,12,12,5.0,6.0,12.0,0,0,1
H0284,Back to nature: Five of the best medicinal plants to grow in your garden,naturalnews.com,0.0,1,29,12,12,12,0.0,0.0,10.0,0,0,1
H0519,Photos: Students Nationwide Stage Pro-Life Walkouts » Alex Jones' Infowars: There's a war on for your mind!,infowars.com,0.0458475179096454,1,29,12,12,12,2.0,2.0,7.0,0,0,1
H2726,New Theory Says We Travel To Parallel Universes When We Dream,awarenessact.com,0.0705539230341695,1,29,12,12,12,0.0,0.0,10.0,0,0,1
H1062,Gore calls for centrally planned civilization in San Francisco,cfact.org,0.0914843426995647,1,29,12,12,12,2.0,2.0,7.0,0,0,1
H1237,Independent Voters Sour On Biden -- Disapproval Hits Record High,thegatewaypundit.com,0.109374585525566,1,29,12,12,12,2.0,2.0,8.0,0,0,1
H1570,"Socialist Ocasio-Cortez’s CNN Interview Is SO BAD, The Host Literally Just Gives Up",en-volve.com,0.126883146357792,1,29,12,12,12,5.0,4.0,10.0,0,0,1
H0073,Soros Foundation Calls for War on Poland's Sovereignty 'or EU Won’t Survive',neonnettle.com,0.155305152331377,1,29,12,12,12,9.0,9.0,7.0,1,1,1
H1926,MASSIVE ALERT: Muslim Terrorists’ DEMENTED Plan For Hurricane Victims Discovered As Irma Barrels Towards Florida - Political Mayhem,politicalmayhem.news,0.199250892452131,1,29,12,12,12,10.0,10.0,10.0,1,1,1
H3334,Biden Admin Deals Hefty Blow to American Industry - Trump-Era Solutions Get Smacked Down,westernjournal.com,0.212942660560995,1,29,12,12,12,8.0,8.0,10.0,1,1,1
H2349,Trump Goes Full Delusional & Live Tweets During Mueller Hearing,bipartisanreport.com,0.228380384066331,1,29,12,12,12,7.0,5.0,11.0,1,0,1
H0472,Republican Introduces Bill to Split New York Into 3 Regions,theepochtimes.com,0.262887244589731,1,29,12,12,12,2.0,3.0,10.0,0,0,1
H0156,St. Jude Official Confirms Eric Trump Raised $16.3M to Benefit Hospital,newsmax.com,0.287207804375952,1,29,12,12,12,2.0,2.0,9.0,0,0,1
H1332,Government Authorities Destroy Food for the Homeless. For the Most Idiotic Reason...,louderwithcrowder.com,0.311310547480834,1,29,12,12,12,9.0,9.0,10.0,1,1,1
H1605,The Energetics of Food: How the Food You Eat Affects Your Mental and Emotional Health,wakeup-world.com,0.33461235690634,1,29,12,12,12,2.0,3.0,9.0,0,0,1
H2963,"Hindu Nationalists in India Illegally Ban Christians from Holding Worship Services, 50+ Churches Closed",cbn.com,0.366255771907572,1,29,12,12,12,10.0,11.0,10.0,1,1,1
H2044,"Sarah Sanders Reacts To Stone Arrest In Disastrous Interview, Makes Trump Look Guilty · DC Tribune",dctribune.org,0.384747319165608,1,29,12,12,12,6.0,8.0,8.0,0,1,1
H3352,'We owe them action': Biden honors Sandy Hook victims on 9th anniversary - NewsBreak,newsbreak.com,0.411188765089231,1,29,12,12,12,3.0,11.0,10.0,0,1,1
H3564,How Hurricanes Form,theonion.com,0.445775894839608,1,29,12,12,12,1.0,1.0,8.0,0,0,1
H1637,Giuliani claims he has text messages proving State Dept sent him to Ukraine: ‘I’m going to use them to protect myself’,rawstory.com,0.461914938868004,1,29,12,12,12,7.0,9.0,9.0,1,1,1
H1788,"SF Giants pitcher Sam Coonrod refuses to kneel during BLM moment, cites Christian faith",disrn.com,0.481134511542231,1,29,12,12,12,4.0,7.0,11.0,0,1,1
H2069,"Search for teen missing for a month, Help Us Find: Pedro Martinez",news4sanantonio.com,0.509941076749434,1,29,12,12,12,0.0,9.0,11.0,0,1,1
H3762,Groom has his pet dog as his best man,foxnews.com,0.534260962262195,1,29,12,12,12,0.0,1.0,9.0,0,0,1
H1244,"Astros Got Booed By Fans At Home Spring Training Game, Signs Mocking Team Were Taken By Security (VIDEO)",totalprosports.com,0.564616923333448,1,29,12,12,12,9.0,11.0,11.0,1,1,1
H1129,Sweden is sending stressed people to these tiny glass cabins,curbed.com,0.585634638085506,1,29,12,12,12,5.0,6.0,9.0,0,0,1
H3531,A DC PR firm faked news to promote coups,codepink.org,0.621396059030532,1,29,12,12,12,9.0,3.0,9.0,1,0,1
H3735,"Facebook expands its list of marketing partners, while limiting what view tags can do - Marketing Land",marketingland.com,0.641552220634921,1,29,12,12,12,5.0,4.0,10.0,0,0,1
H0873,STUDENT AUTISM SCHOOL BUS ATTACK: Parents suing school district after 4-year-old with autism attacked on bus,wsoctv.com,0.656298072696851,1,29,12,12,12,6.0,11.0,11.0,0,1,1
H3093,'Save the Children' rally held in Savannah to raise awareness of human trafficking,wjcl.com,0.684870977721662,1,29,12,12,12,5.0,5.0,11.0,0,0,1
H0434,Neighbors claim a shooter is targeting cats in neighborhood near Churchill Downs,wdrb.com,0.718120012242946,1,29,12,12,12,11.0,11.0,11.0,1,1,1
H2926,Preventing the rise of a 'messiah',theguardian.com,0.74959222370997,1,29,12,12,12,3.0,3.0,5.0,0,0,0
H0067,"3-year-old boy found abandoned in Ohio cemetery reunited with father, said to be doing well",fox59.com,0.762765344566223,1,29,12,12,12,2.0,9.0,10.0,0,1,1
H1995,More than 100 IU Health employees out after refusing COVID-19 vaccine,wishtv.com,0.799546470406205,1,29,12,12,12,5.0,8.0,11.0,0,1,1
H1775,Federal Prosecutors Start Sex-Crimes Investigation Into Harvey Weinstein,wsj.com,0.804466118117895,1,29,12,12,12,9.0,3.0,11.0,1,0,1
H2378,"Backstreet Boys, *NSYNC, Boyz II Men Members Team for ‘The After Party’ Las Vegas Engagement (EXCLUSIVE)",variety.com,0.830936725464152,1,29,12,12,12,1.0,1.0,9.0,0,0,1
H0726,Declaran estado de emergencia en Virginia tras acto supremacista,elnuevodia.com,0.863075188175384,1,29,12,12,12,2.0,2.0,2.0,0,0,0
H1290,Hillary Clinton bashes Trump for spreading 'sexist trash' about Pelosi,thehill.com,0.898762408412433,1,29,12,12,12,10.0,9.0,11.0,1,1,1
H3701,Jazz Jennings and other celebrities lend voices for new LGBTQ-friendly Hulu children’s series ‘The Bravest Knight’,sun-sentinel.com,0.912897060376715,1,29,12,12,12,2.0,2.0,10.0,0,0,1
H0930,"1,000+ Attend Vigil For Fallen Weymouth Police Officer Chesna",patch.com,0.933491002134259,1,29,12,12,12,2.0,8.0,11.0,0,1,1
H1606,White Army vet charged in December shooting of a Black girl at Iowa Trump rally,militarytimes.com,0.951497998550873,1,29,12,12,12,10.0,10.0,10.0,1,1,1
H3976,US allows emergency use of drug shown to help virus recovery,apnews.com,0.998049167729267,1,29,12,12,12,1.0,1.0,9.0,0,0,1
H2282,Researchers Are Hatching a Low-Cost Coronavirus Vaccine,nytimes.com,0.858776290720608,1,29,12,12,12,2.0,2.0,9.0,0,0,1
H3205,Chofer de Uber en Boston manosea a pasajera y le ofrece $100 dólares por sexo | El Diario NY,eldiariony.com,0.791230028033304,1,29,12,12,12,3.0,3.0,3.0,0,0,0
H0117,"Ep. 2450b - The Plan Was Told To The People,Conspiracy No More, Checkmate",bitchute.com,0.124014428918512,1,29,12,12,12,0.0,1.0,3.0,0,0,0
H3367,Biden Tells 56% of Americans Better Off Under Trump They Shouldn't Vote for Him. Then He Got Insulting.,louderwithcrowder.com,0.311310547480834,1,29,12,12,12,9.0,8.0,11.0,1,1,1
H0348,States That Won’t Tax Your Retirement Distributions,aarp.org,0.773408289471493,1,29,12,12,12,2.0,2.0,7.0,0,0,1
H1470,NY attorney general fires back at Trump's defense of financial statements,reuters.com,1.0,1,29,12,12,12,5.0,5.0,9.0,0,0,1
H3266,"Operation Southern Impact III: 17 children recovered, 82 arrested in child sex sting",kens5.com,0.594889248109946,1,29,12,12,12,8.0,10.0,11.0,1,1,1
H1057,Here Are The Denominations Of Each Of The 7 Churches In Revelation,babylonbee.com,0.386461021828994,1,29,12,12,12,1.0,0.0,9.0,0,0,1
H0483,"Barr Issues Dire Warning To Dems: 1st Amendment Rights Apply To ALL, Not Just Who You Think Deserves It",washingtonexaminer.com,0.508074929491517,1,29,12,12,12,6.0,5.0,10.0,0,0,1
H2856,Scientists have found the fossil of a deadly 4-legged whale that had a jackal-like head and lived both on land and in the sea,insider.com,0.846631575693017,1,29,12,12,12,0.0,3.0,8.0,0,0,1
H0663,"Eskimos Warn The World And NASA: Global Warming Is A Lie, The Earth Moves, The Sun Does Not Go On The Same Side",worldtruth.tv,0.017643643892146,1,30,14,14,14,5.0,6.0,8.0,0,0,1
H0913,Trump is Right: Studies Show Fake News Actually Helped Hillary » Alex Jones' Infowars: There's a war on for your mind!,infowars.com,0.0458475179096454,1,30,14,14,14,5.0,6.0,8.0,0,0,1
H3580,"As Songbirds Die And COVID Ravages The Globe, A Lost And Dying World Is Waking Up To The Fact That We All Have An Unbreakable Appointment",nowtheendbegins.com,0.0731174714253107,1,30,14,14,14,5.0,7.0,5.0,0,0,0
H3630,"Impeachment Backfires: Giuliani to Present Evidence of Obama Admin Money Laundering, Extortion, Bribery, Election Meddling - DC Dirty Laundry",dcdirtylaundry.com,0.0916982813557337,1,30,14,14,14,13.0,5.0,11.0,1,0,1
H2335,"""Vax For The Win"" - Governor Newsom Offers $116.5 Million Giveaway for Vaccinated Californians",thegatewaypundit.com,0.109374585525566,1,30,14,14,14,0.0,0.0,12.0,0,0,1
H1893,Biden Business Associate Tony Bobulinski Holds a Press Conference – 7:00pm EDT Livestream…,theconservativetreehouse.com,0.135066562651449,1,30,14,14,14,0.0,0.0,11.0,0,0,1
H2883,Biden's Handlers Aggressively Prevent Reporters From Asking Questions,rumble.com,0.162505504571073,1,30,14,14,14,10.0,10.0,10.0,1,1,1
H2362,Letter From 'The American People' To 'The Arizona Senate' Goes Viral Just Days Before Maricopa County Audit Results Are Released,thefreedomtimes.com,0.199250892452131,1,30,14,14,14,0.0,0.0,6.0,0,0,0
H0562,Robber Didn't Expect to Find Anyone Armed Inside Church... Boy Was He Wrong,westernjournal.com,0.212942660560995,1,30,14,14,14,10.0,7.0,10.0,1,0,1
H2596,McConnell Reportedly 'Pleased' That Dems Are Impeaching Trump Again,bipartisanreport.com,0.228380384066331,1,30,14,14,14,7.0,4.0,12.0,0,0,1
H2705,American boxer Patrick Day dies after fight at age 27—Official reveals injury that led to death,theepochtimes.com,0.262887244589731,1,30,14,14,14,2.0,11.0,12.0,0,1,1
H2157,"President Trump: ‘Baltimore can be brought back, maybe even to new heights of sucess and glory’",thebl.com,0.29216847645411,1,30,14,14,14,1.0,2.0,10.0,0,0,1
H3059,Can we all agree that Kamala Harris is unfit to be president?,theblaze.com,0.319102558515008,1,30,14,14,14,7.0,4.0,12.0,0,0,1
H0071,BREAKING: Lou Dobbs Claims A 'Highly Reliable Source' Says FBI Investigating 2020 Election Results,analyzingamerica.org,0.334544111691153,1,30,14,14,14,3.0,2.0,11.0,0,0,1
H1810,WATCH Steven Crowder Prove That 'Manspreading' Is A Biological Phenomenon,dailywire.com,0.357498144984751,1,30,14,14,14,2.0,2.0,8.0,0,0,1
H0285,"Smarter people listen to instrumental music, study finds",dailymail.co.uk,0.383860647514719,1,30,14,14,14,1.0,1.0,11.0,0,0,1
H3803,Ratings for the openly anti-Trump MSNBC host Maddow drop for 5th month in a row,ntd.com,0.409683969103314,1,30,14,14,14,7.0,4.0,10.0,0,0,1
H3958,Woman Finds It Worrying That All Of New Boyfriend’s Previous Relationships Ended In Breakups,theonion.com,0.445775894839608,1,30,14,14,14,3.0,3.0,8.0,0,0,1
H1059,Pelosi Says Members Of Congress Who ‘Aided And Abetted’ Capitol Rioters Will Be Prosecuted,dailycaller.com,0.469965661505635,1,30,14,14,14,12.0,5.0,10.0,1,0,1
H1869,Roseanne Barr Is Moving to Israel to Own the Libs,jezebel.com,0.493729304201801,1,30,14,14,14,6.0,6.0,9.0,0,0,1
H1199,NY State now has more coronavirus cases than any country,wkbw.com,0.517221850950033,1,30,14,14,14,4.0,8.0,12.0,0,1,1
H3193,"SORE LOSER: After Two Major Court Defeats, Trump Claims ""Our Legal System Is Broken""",thenewcivilrightsmovement.com,0.544881782568703,1,30,14,14,14,9.0,6.0,13.0,1,0,1
H1566,"Up to 55,000 Haitians Face Deportation If Trump Refuses to Extend Temporary Protected Status | Democracy Now!",democracynow.org,0.567120028248909,1,30,14,14,14,12.0,12.0,13.0,1,1,1
H1861,50 Bougie (But Cheap) Things That Make You Look So Damn Good,elitedaily.com,0.587726321647061,1,30,14,14,14,0.0,0.0,9.0,0,0,1
H1250,Buffalo Police: Three people shot on Glenwood Avenue,wivb.com,0.602914694779855,1,30,14,14,14,0.0,12.0,11.0,0,1,1
H3462,SWAT situation turns to manhunt in Orlando,clickorlando.com,0.642734546051654,1,30,14,14,14,3.0,2.0,10.0,0,0,1
H0489,"Istanbul attack: Dozens killed at Turkish nightclub, official says - CNN.com",cnn.com,0.658031073873161,1,30,14,14,14,4.0,12.0,12.0,0,1,1
H0324,School surprises high school by including student’s service dog in yearbook — and ‘it’s the purest thing’,fox8.com,0.676772122938108,1,30,14,14,14,0.0,0.0,12.0,0,0,1
H2886,Los demócratas quieren el muro fuera de las negociaciones para aprobar el Dream Act,univision.com,0.717076812957865,1,30,14,14,14,1.0,2.0,3.0,0,0,0
H2094,Calls to boycott Subway grow as company continues doing business in Russia,independent.co.uk,0.734076864473315,1,30,14,14,14,8.0,0.0,12.0,1,0,1
H2325,What Black People Saw When Border Patrol Whipped Haitians on Horseback,vice.com,0.754994791293065,1,30,14,14,14,12.0,12.0,9.0,1,1,1
H3951,Elon Musk throws spotlight on Canadian truck convoy with tweet: ‘Here’s a nice photo of trucks’,foxbusiness.com,0.794456492811081,1,30,14,14,14,2.0,1.0,8.0,0,0,1
H2510,Republicans increasingly uncertain of a legislative victory before August - The Washington Post,washingtonpost.com,0.818780596798307,1,30,14,14,14,0.0,1.0,8.0,0,0,1
H3366,Arby’s Made Its Own Dungeons & Dragons Dice,thrillist.com,0.831406590643075,1,30,14,14,14,0.0,0.0,10.0,0,0,1
H1317,Carlos “Johnny” Méndez arroja positivo en prueba molecular de COVID-19,elnuevodia.com,0.863075188175384,1,30,14,14,14,1.0,4.0,4.0,0,0,0
H3073,Changing the faces at the White House briefing and adding a war room won’t bridge President Trump’s credibility gap | Brookings Institution,brookings.edu,0.878439699709101,1,30,14,14,14,6.0,4.0,11.0,0,0,1
H2699,Boy says he traded Xbox and offered yard work to get mom car,abc7chicago.com,0.905571729093681,1,30,14,14,14,0.0,0.0,12.0,0,0,1
H2506,2020 Christmas Light Displays Across Long Island [MAP],patch.com,0.933491002134259,1,30,14,14,14,0.0,0.0,9.0,0,0,1
H0858,NASA's 10 Favorite Ways to Celebrate National Aviation Day,nasa.gov,0.956315766887341,1,30,14,14,14,0.0,0.0,12.0,0,0,1
H1629,"Single-family housing starts, permits hit 10-year high",reuters.com,1.0,1,30,14,14,14,0.0,3.0,10.0,0,0,1
H1094,$15 wage becoming a norm as employers struggle to fill jobs,apnews.com,0.998049167729267,1,30,14,14,14,4.0,8.0,11.0,0,1,1
H0040,"Just Drop the Blanket: The Moment You Never Noticed in ""A Charlie Brown Christmas""",faithit.com,0.285129543322062,1,30,14,14,14,0.0,0.0,5.0,0,0,0
H0732,The Dangerous Stroller Mistake Parents Make When the Weather Turns Warm,fatherly.com,0.593296753333002,1,30,14,14,14,3.0,4.0,9.0,0,0,1
H0833,Saudis force landing of Red Cross plane intercepted over Yemen,rt.com,0.293277424671587,1,30,14,14,14,11.0,11.0,11.0,1,1,1
H0070,STUNNING HYPOCRISY: Adam Schiff Says Investigations Of Biden Would Be Time Wasting Obstructions (VIDEO),americanlookout.com,0.242639223381286,1,30,14,14,14,7.0,3.0,10.0,0,0,1
H2781,Marijuana Compound Removes Toxic Alzheimer’s Protein from the Brain,ewao.com,0.131186638839105,1,30,14,14,14,4.0,5.0,11.0,0,0,1
H0407,Beavers Are Reshaping the Arctic Tundra. Here's Why Scientists Are Concerned,smithsonianmag.com,0.971184072481041,1,30,14,14,14,5.0,6.0,11.0,0,0,1
H2360,"Court Orders Depositions of Anthony Fauci, Jen Psaki, and Others in Tech Collusion Lawsuit",analyzingamerica.org,0.334544111691153,1,30,14,14,14,8.0,5.0,10.0,1,0,1
H0641,"No Need to Test, Use S-500 Systems in Syria - Russian Defence Ministry",sputniknews.com,0.346103349035805,1,30,14,14,14,2.0,1.0,7.0,0,0,0
H3760,Stanton Warriors on rising again with a new studio album,thesun.co.uk,0.568142180495534,1,30,14,14,14,0.0,0.0,8.0,0,0,1
H1458,"These common, everyday household items are DAMAGING your health",naturalnews.com,0.0,1,31,12,12,12,7.0,5.0,8.0,1,0,1
H2628,"Mark Zuckerberg, The Rock, Katy Perry And Oprah Winfrey Are All Thinking Of Running For President » Alex Jones' Infowars: There's a war on for your mind!",infowars.com,0.0458475179096454,1,31,12,12,12,5.0,2.0,8.0,0,0,1
H2021,These 5 Zodiac Signs Will Experience Life Altering Changes in 2019,awarenessact.com,0.0705539230341695,1,31,12,12,12,1.0,1.0,7.0,0,0,1
H2976,"American Farmers Make This Declaration To All Americans: If You Get Rid Of Mexican Illegal Aliens, Then We Are Going To Go Out Of Business, Because Americans Don’t Want To Do The Work",shoebat.com,0.0886084846223804,1,31,12,12,12,5.0,10.0,12.0,0,1,1
H2929,"Flynn Drops the Hammer on Washington Post Reporter: ""You Are an Accomplice to a Crime"" Against Trump – True Pundit",truepundit.com,0.107268313594115,1,31,12,12,12,9.0,10.0,10.0,1,1,1
H0756,POLL: Should The US Stop Funding The UN And Give That Money To Veterans Instead?,en-volve.com,0.126883146357792,1,31,12,12,12,4.0,7.0,10.0,0,1,1
H0744,"Julian Castro Pounds the Table, Demanding Abortion for Men, Too",americanthinker.com,0.152499978555631,1,31,12,12,12,5.0,5.0,7.0,0,0,1
H0051,"NJ Shop Owner Hangs Controversial Sign In Store Window, Outrage Ensues",madworldnews.com,0.198482287294659,1,31,12,12,12,8.0,5.0,9.0,1,0,1
H1357,Dawkins: It’s “Wise and Sensible” to Abort a Baby with Down Syndrome,answersingenesis.org,0.224773786102011,1,31,12,12,12,9.0,9.0,10.0,1,1,1
H3464,WHAT? Bush Lawyer Says Trump Calling For Clinton Prosecution Is An ‘Impeachable Offense’,americanlookout.com,0.242639223381286,1,31,12,12,12,8.0,8.0,10.0,1,1,1
H0391,THIS State's Bars and Restaurants to Collect Customer Information Starting Monday,theepochtimes.com,0.262887244589731,1,31,12,12,12,3.0,4.0,9.0,0,0,1
H2528,BREAKING: FBI Carried Out Warrant On Republican Congressman (DETAILS),ifyouonlynews.com,0.285887461228782,1,31,12,12,12,7.0,5.0,9.0,1,0,1
H3968,North Idaho internet provider blocks Facebook and Twitter on its service for censorship,endtimeheadlines.org,0.315216786291459,1,31,12,12,12,9.0,9.0,11.0,1,1,1
H3683,AOC Makes Disturbing Remark During Interview — There Are ‘Legitimate White Supremacist Sympathizers’ In The GOP,analyzingamerica.org,0.334544111691153,1,31,12,12,12,7.0,6.0,10.0,1,0,1
H1141,UFO BOMBSHELL: The US Pentagon 'ran a secret UFO program' - Declassified documents reveal,express.co.uk,0.369894689710756,1,31,12,12,12,1.0,2.0,8.0,0,0,1
H0595,Biden to leave White House for Delaware tomorrow as Afghan mess rages,dailymail.co.uk,0.383860647514719,1,31,12,12,12,6.0,4.0,11.0,0,0,1
H3550,"Sign the petition: Congress must vote to terminate Trump's ""national emergency""",dailykos.com,0.413735620185017,1,31,12,12,12,7.0,5.0,10.0,1,0,1
H1924,"Missouri man arrested, charged with allegedly setting fire to Planned Parenthood Clinic (VIDEO) - The United States Blues",theunitedstatesblues.com,0.435501668033006,1,31,12,12,12,11.0,10.0,11.0,1,1,1
H1409,"Pete Buttigieg Defends Biden, Says Barrett Confirmation Violates ‘The Spirit Of The Constitution’",dailycaller.com,0.469965661505635,1,31,12,12,12,7.0,5.0,9.0,1,0,1
H3611,The Most Honest Bernie Sanders Meme You'll Ever See,tfppnews.com,0.487028084703974,1,31,12,12,12,2.0,4.0,7.0,0,0,1
H0502,Two ejected in rollover wreck near Lake Jacksonville,kltv.com,0.517221850950033,1,31,12,12,12,3.0,10.0,11.0,0,1,1
H3285,"Denver Uber driver fatally shoots passenger after apparent argument, police say",foxnews.com,0.534260962262195,1,31,12,12,12,12.0,12.0,12.0,1,1,1
H1690,Trump Goes to G20 Summit and Reveals Why Everyone There Is Talking About Hillary's Campaign Manager,freebeacon.com,0.55572616560984,1,31,12,12,12,2.0,3.0,4.0,0,0,0
H1841,Activate your Free Theology 101 course now!,beliefnet.com,0.586282894699063,1,31,12,12,12,1.0,1.0,10.0,0,0,1
H2753,Coronavirus Good News Dashboard - Updated Daily!,inspiremore.com,0.61930929325953,1,31,12,12,12,1.0,1.0,8.0,0,0,1
H0438,Disney to offer ‘Bedtime Hotline’ for kids,wfla.com,0.629958582225415,1,31,12,12,12,0.0,0.0,8.0,0,0,1
H3120,"Thomas 'Tiny' Lister Jr., 'Friday' actor, dead at 62",cnn.com,0.658031073873161,1,31,12,12,12,1.0,7.0,11.0,0,1,1
H0525,The Neurobiology of Social Distance,technologynetworks.com,0.696441085914132,1,31,12,12,12,0.0,0.0,4.0,0,0,0
H0706,How Philly reacted to the great tornado alert of 2019,philly.com,0.715289837052258,1,31,12,12,12,4.0,4.0,8.0,0,0,1
H3594,Donald Trump Says He's Withdrawn Stephen Curry's White House Invitation,bleacherreport.com,0.734238148179424,1,31,12,12,12,9.0,9.0,10.0,1,1,1
H3742,"‘Best rainfall in years’ | Rain drenches parts of Australia, helps contain fires and brings drought relief",kvue.com,0.772250393805855,1,31,12,12,12,1.0,2.0,10.0,0,0,1
H1647,Minimum wages set to increase in these 20 states in 2019,foxbusiness.com,0.794456492811081,1,31,12,12,12,1.0,2.0,10.0,0,0,1
H2006,A House Still Divided,theatlantic.com,0.803526667450118,1,31,12,12,12,0.0,1.0,3.0,0,0,0
H2863,"Andy Dalton gets Bills into the playoffs, and #billsmafia pays it forward",buffalonews.com,0.838366008926575,1,31,12,12,12,0.0,1.0,8.0,0,0,1
H3534,Venezuela Crisis Prompts Plans for Dueling Aid Concerts on Border,nytimes.com,0.858776290720608,1,31,12,12,12,2.0,7.0,9.0,0,1,1
H1396,Illegally pass a school bus In Canada? Lose your license,wusa9.com,0.879015340541404,1,31,12,12,12,3.0,3.0,10.0,0,0,1
H2159,Local secretary of state driver services facilities to reopen June 2,pjstar.com,0.905571729093681,1,31,12,12,12,0.0,0.0,10.0,0,0,1
H1919,Vote for the #TNPreps Boys Athlete of the Week for Aug. 27-Sept. 1,tennessean.com,0.949767015915909,1,31,12,12,12,1.0,1.0,7.0,0,0,1
H0263,Students in California to Speak with NASA Astronaut on Space Station,nasa.gov,0.956315766887341,1,31,12,12,12,1.0,1.0,12.0,0,0,1
H3603,Saudi airman in U.S. for training suspected in deadly shooting at Florida naval base,reuters.com,1.0,1,31,12,12,12,10.0,7.0,11.0,1,1,1
H2621,Liberals take another look at court-packing,cnn.com,0.658031073873161,1,31,12,12,12,2.0,0.0,6.0,0,0,0
H3118,"Pelosi Criticized for Showing Off $20,000 Fridge-Freezer Packed With Food During Economic Crisis",welovetrump.com,0.0871406069110147,1,31,12,12,12,10.0,7.0,11.0,1,1,1
H1918,Ye Articles of Impeachment ...,washingtontimes.com,0.345472108057381,1,31,12,12,12,0.0,1.0,4.0,0,0,0
H1916,Video: Biden's Speech Suddenly Becomes Bizarrely Slurred Mid-Sentence,westernjournal.com,0.212942660560995,1,31,12,12,12,0.0,3.0,9.0,0,0,1
H2932,"Prepare for The Full Moon in Libra March 31st, A Time Of Heightened Emotions And Love",awarenessact.com,0.0705539230341695,1,31,12,12,12,1.0,1.0,10.0,0,0,1
H3830,REPORT: De Blasio: US needs a program for ‘actual redistribution’ of wealth,dmlnews.com,0.517274691748991,1,31,12,12,12,2.0,4.0,10.0,0,0,1
H0015,Can You Match These “Harry Potter” Chapter Titles To The Books They're From?,buzzfeed.com,0.699413557211612,1,31,12,12,12,0.0,2.0,11.0,0,0,1
H0588,Disney sparks outrage after debuting new look for Minnie Mouse,dailymail.co.uk,0.383860647514719,1,31,12,12,12,5.0,3.0,8.0,0,0,1
H0446,"Gov. JB Pritzker signed ""tobacco 21"" bill Sunday, new law to take effect July 1",centralillinoisproud.com,0.661613077226097,1,31,12,12,12,4.0,2.0,10.0,0,0,1
H1279,How the exiled Rohingya and endangered elephants learnt to coexist,thenational.ae,0.364328814698498,1,31,12,12,12,1.0,4.0,8.0,0,0,1
H0213,"All signs point to a corporate takeover of the marijuana industry by Bayer, Monsanto",naturalnews.com,0.0,1,32,11,11,11,7.0,7.0,11.0,1,1,1
H2950,Rioter: ‘We’re Gonna Start Coming to the Suburbs’,infowars.com,0.0458475179096454,1,32,11,11,11,8.0,6.0,8.0,1,1,1
H1031,Women Vaccinated for COVID-19 May Show Symptoms of Breast Cancer as Side-Effect,humansarefree.com,0.0572211982440859,1,32,11,11,11,7.0,9.0,11.0,1,1,1
H2493,"Kat Kerr: The Trump Card Is Coming, Arrests Happening Right Now Behind The Scenes!",welovetrump.com,0.0871406069110147,1,32,11,11,11,2.0,1.0,4.0,0,0,0
H3279,CNN Hack Ana Navarro Compares McCabe's 'Removal' From FBI to Holocaust,thegatewaypundit.com,0.109374585525566,1,32,11,11,11,5.0,5.0,9.0,0,0,1
H2347,Lawsuit Reveals MRNA Vaccines Will Sterilize Women,79days.news,0.147384934649398,1,32,11,11,11,8.0,10.0,11.0,1,1,1
H2636,"CNN Makes STUNNING Statement, Says Taliban Are ""Chanting Death To America"" But ""Seem Friendly""",rumble.com,0.162505504571073,1,32,11,11,11,10.0,8.0,9.0,1,1,1
H1506,18 Little Known Facts About College Meningitis Vaccines - Vaxxter,vaxxter.com,0.182840517139148,1,32,11,11,11,0.0,0.0,8.0,0,0,1
H1603,"Urgent: Moments After Cops Foil Plan to Kill Kavanaugh, People Begin Re-Posting Schumer's 'You Will Pay' Threat",westernjournal.com,0.212942660560995,1,32,11,11,11,7.0,7.0,9.0,1,1,1
H2486,WH Changes the IRS Snooping Provision but Here's How Deceptive That Is,redstate.com,0.245895808935139,1,32,11,11,11,7.0,2.0,7.0,1,0,1
H3595,Cop Arrested in Human Trafficking Bust for Pimping Out His Own Wife,thefreethoughtproject.com,0.269746385034388,1,32,11,11,11,11.0,11.0,11.0,1,1,1
H0743,Illegal Somali Immigrant Awarded Compensation for ‘Unlawful Detention’ Brutally Beats Woman,breitbart.com,0.297175368438483,1,32,11,11,11,9.0,10.0,9.0,1,1,1
H0991,Acid Attacks Now Happening in London EVERY WEEK,louderwithcrowder.com,0.311310547480834,1,32,11,11,11,6.0,5.0,11.0,1,0,1
H2004,ICE officials ignore Congress to detain record number of people using for-profit camps,shareblue.com,0.335857768068227,1,32,11,11,11,7.0,5.0,10.0,1,0,1
H2388,Mexican P.R.I. is Puppeteering the Democrat Party,forbiddenknowledgetv.net,0.361771039593586,1,32,11,11,11,10.0,10.0,9.0,1,1,1
H2062,Five bodies found in a car in Cancun in another likely drug cartel hit,dailymail.co.uk,0.383860647514719,1,32,11,11,11,9.0,10.0,11.0,1,1,1
H0184,CNN Says Biden Has “Problems” While Ignoring the Biggest Ones,thenewamerican.com,0.410760615388774,1,32,11,11,11,5.0,3.0,5.0,0,0,0
H3896,"Top Dems Demand Capital One Turn Over Trump Records, Kept Republicans In The Dark - Sara A. Carter",saraacarter.com,0.436144337268981,1,32,11,11,11,6.0,6.0,7.0,1,1,1
H0402,Miss America: The Latest Institution Destroyed by the Left,dailysignal.com,0.472969940011651,1,32,11,11,11,10.0,9.0,9.0,1,1,1
H3852,Maple Grove woman won't serve jail time after killing 2 teens in crash 2 years ago,fox9.com,0.498615762653852,1,32,11,11,11,6.0,10.0,11.0,1,1,1
H2583,Therapy dogs from across the country visit site of Buffalo mass shooting,wkbw.com,0.517221850950033,1,32,11,11,11,1.0,4.0,10.0,0,0,1
H2104,The Emotions singer Pamela Hutchinson dead at 61,foxnews.com,0.534260962262195,1,32,11,11,11,1.0,6.0,11.0,0,1,1
H2972,Vukmir Plans to Make Baldwin Pay for Medicare for All Support,freebeacon.com,0.55572616560984,1,32,11,11,11,4.0,4.0,7.0,0,0,1
H3688,Federal judge temporarily blocks travel ban,msnbc.com,0.588104595861507,1,32,11,11,11,0.0,0.0,9.0,0,0,1
H2080,"Fresno rock band's instruments, gear stolen, worth $20,000",yourcentralvalley.com,0.606215562696883,1,32,11,11,11,1.0,11.0,11.0,0,1,1
H0888,Anti-Gunner’s Shock Video Fuels Racist Smear against White Conservatives,ammoland.com,0.625927618839994,1,32,11,11,11,9.0,9.0,10.0,1,1,1
H0239,A 3-year-old child died after being trapped in a burning car. Her father was taken into custody,kake.com,0.655066451292426,1,32,11,11,11,6.0,11.0,10.0,1,1,1
H2852,31 Of The Funniest Tweets By Women This Week,buzzfeed.com,0.699413557211612,1,32,11,11,11,0.0,0.0,10.0,0,0,1
H3060,Rand Paul reminds President Trump that he already said how he'd handle Syria back in 2013,rare.us,0.703323645335147,1,32,11,11,11,2.0,2.0,8.0,0,0,1
H0267,RECALL: Johnsonville Jalapeno Cheddar Smoked Sausage,wgem.com,0.727136794857424,1,32,11,11,11,2.0,1.0,8.0,0,0,1
H0602,Authorities searching for missing Noblesville man after empty vehicle is found in forest,fox59.com,0.762765344566223,1,32,11,11,11,1.0,6.0,11.0,0,1,1
H3375,No mask mandate at July GOP convention leaves Houston hospitality workers uneasy,houstonchronicle.com,0.786859789366762,1,32,11,11,11,4.0,7.0,10.0,0,1,1
H2258,Trump administration reportedly wanted to use taxpayer dollars to repay the Taliban for their travel to peace talks,businessinsider.com,0.804965428527866,1,32,11,11,11,5.0,6.0,11.0,0,1,1
H1897,"The Long, Slow Death of Venice",bloomberg.com,0.840147313769099,1,32,11,11,11,0.0,7.0,9.0,0,1,1
H2184,Zubrin fixes the Drake equation to allow for interstellar travel and civilization restarts | NextBigFuture.com,nextbigfuture.com,0.853808233638737,1,32,11,11,11,0.0,1.0,7.0,0,0,1
H3586,How People With High Emotional Intelligence Use the 'Fortune Cookie Rule' to Become Exceptionally Resilient,inc.com,0.879015340541404,1,32,11,11,11,0.0,0.0,8.0,0,0,1
H0946,Work begins after massive fire destroys 127-year-old Walnut Ridge building,kait8.com,0.913680907435032,1,32,11,11,11,7.0,9.0,11.0,1,1,1
H2527,FDA Authorizes Convalescent Plasma As Emergency Treatment For COVID-19,npr.org,0.930525246755544,1,32,11,11,11,1.0,0.0,9.0,0,0,1
H3148,4-year-old Indianapolis girl killed in I-69 crash,indystar.com,0.957207994613488,1,32,11,11,11,2.0,10.0,10.0,0,1,1
H1984,"Military base cuts affect schools, target ranges, more",apnews.com,0.998049167729267,1,32,11,11,11,6.0,9.0,10.0,1,1,1
H1989,Warren Advocates For Largest Government Confiscation of Private Property in Human History,americanjournalreview.com,0.0878375859873984,1,32,11,11,11,9.0,5.0,9.0,1,0,1
H1234,Eating Indoors Is Risky for Diners. It’s Even Riskier for Chefs and Waiters.,eater.com,0.55039980061737,1,32,11,11,11,0.0,5.0,4.0,0,0,0
H1481,History shows that socialism brings misery to nations that adopt it,washingtontimes.com,0.345472108057381,1,32,11,11,11,10.0,8.0,10.0,1,1,1
H1111,West found guilty in fatal boat crash,poststar.com,0.895026172110662,1,32,11,11,11,10.0,2.0,8.0,1,0,1
H0804,Poland distributes iodine pills as fears grow over Ukraine nuclear plant,reuters.com,1.0,1,32,11,11,11,5.0,5.0,10.0,0,0,1
H3720,"Protect your Android phone from malware: 4 signs you have it, and what to do",cnet.com,0.951854977853014,1,32,11,11,11,7.0,7.0,10.0,1,1,1
H1747,Choose To Be With Someone Who Actually Gives A Sh*t About You and Does These 10 Things,ewao.com,0.131186638839105,1,32,11,11,11,1.0,2.0,8.0,0,0,1
H1977,Tell the CDC: Collect Better Data on Breakthrough Infections & Emerging Variants,ucsusa.org,0.753641011616367,1,32,11,11,11,1.0,0.0,7.0,0,0,1
H3228,"29-year-old mom goes missing for a week, leaves behind 7-year-old son—she could be ""in danger,"" police warn",ntd.com,0.409683969103314,1,32,11,11,11,1.0,9.0,10.0,0,1,1
H0055,Trump Calls Sessions’s Handling of Surveillance Abuse Allegations ‘Disgraceful’,nytimes.com,0.858776290720608,1,32,11,11,11,5.0,5.0,9.0,0,0,1
H1975,Medical BOMBSHELL: Chemotherapy found to spread cancer,naturalnews.com,0.0,1,33,11,11,11,9.0,3.0,9.0,1,0,1
H1883,See the Interview That Got David Icke Banned From YouTube HERE,infowars.com,0.0458475179096454,1,33,11,11,11,4.0,6.0,8.0,0,1,1
H3888,Allie Long And Megan Rapinoe Of US Women's Soccer Team Show Their Hatred For America By Dragging The Flag On The Ground After Victory • Now The End Begins,nowtheendbegins.com,0.0731174714253107,1,33,11,11,11,9.0,7.0,9.0,1,1,1
H2280,Chuck Schumer About To Face The Music After Going After Kavanaugh And Gorsuch ... Trump Just Said He 'Can't Believe They Are Not Going After Schumer For Threats He Made' To Supreme Court Justices,explainlife.com,0.0866873538647112,1,33,11,11,11,8.0,8.0,8.0,1,1,1
H0667,CONGRESS: Awan Family Swiped Congressional Server With Classified Intel from 40 DEM House Members – True Pundit,truepundit.com,0.107268313594115,1,33,11,11,11,5.0,5.0,5.0,0,0,0
H3851,"Massachusetts Becomes a No Egg Zone as of January 1st, 2022, Wokeness Gone Wild",uniteamericafirst.com,0.129014666189983,1,33,11,11,11,5.0,2.0,5.0,0,0,0
H0795,BOOM: U.S Treasury Depart has great news for 90% of Americans and their paychecks!,ilovemyfreedom.org,0.167993938241521,1,33,11,11,11,0.0,0.0,8.0,0,0,1
H1100,How Can Planned Parenthood Criticize Brett Kavanaugh When It Routinely Covers Up Statutory Rape?,lifenews.com,0.192545226493423,1,33,11,11,11,7.0,6.0,7.0,1,1,1
H1095,"BREAKING: Bill O’Reilly Breaks His Silence, Exposes What REALLY Happened At Fox News",angrypatriotmovement.com,0.207371119696342,1,33,11,11,11,5.0,6.0,7.0,0,1,1
H1212,Trump Just Raided HIS OWN EPA And Proved He’s The Smartest President Of All Time,thelastlineofdefense.org,0.246325520945605,1,33,11,11,11,5.0,3.0,7.0,0,0,1
H3174,JFK Compared To Bernie Sanders - What A Difference!,thefederalistpapers.org,0.251152108890861,1,33,11,11,11,0.0,0.0,6.0,0,0,1
H1824,Levin: Chris Wallace Knows Better than to Let Biden Get Away With These Four ‘Whoppers’,cnsnews.com,0.278393927329055,1,33,11,11,11,7.0,2.0,6.0,1,0,1
H1912,Michael Eric Dyson says Obama was too scared to show up to Aretha Franklin’s funeral,theblaze.com,0.319102558515008,1,33,11,11,11,8.0,8.0,9.0,1,1,1
H2015,"House Republicans jump ship, admit Russia helped Trump win",shareblue.com,0.335857768068227,1,33,11,11,11,6.0,1.0,7.0,1,0,1
H1889,"McConnell Hates Being Called Moscow Mitch, So Nancy Pelosi Used It On The House Floor",politicususa.com,0.35845073650398,1,33,11,11,11,8.0,8.0,10.0,1,1,1
H1191,"Shannen Doherty, 48, reveals she has Stage IV cancer - three years after getting all-clear",dailymail.co.uk,0.383860647514719,1,33,11,11,11,8.0,10.0,11.0,1,1,1
H3126,"US Police Illegally Invade Venezuelan Embassy, Arrest 4 Remaining Activists",telesurenglish.net,0.401310838304637,1,33,11,11,11,10.0,10.0,10.0,1,1,1
H3364,Special-needs sister tells model brother she wants to be like him—so he gets the crew ready - NTD Inspired,ntd.tv,0.43614522152228,1,33,11,11,11,0.0,1.0,8.0,0,0,1
H2354,Ex-White House counsel lays out the two biggest pieces of evidence that should convict Trump,rawstory.com,0.461914938868004,1,33,11,11,11,9.0,3.0,11.0,1,0,1
H1808,Getting Through The Holidays Without Your Mother Is A Real Challenge,scarymommy.com,0.475679657982067,1,33,11,11,11,1.0,2.0,9.0,0,0,1
H0447,Elizabeth Warren says House should start impeachment proceedings for Trump,fox5sandiego.com,0.518656385101639,1,33,11,11,11,9.0,4.0,11.0,1,0,1
H2721,Report: LeBron and Paul George to discuss teaming up,247sports.com,0.546185208330786,1,33,11,11,11,0.0,0.0,9.0,0,0,1
H3632,"36 states, DC sue Google for alleged antitrust violations in app store",justthenews.com,0.570053239872502,1,33,11,11,11,10.0,9.0,10.0,1,1,1
H3084,"Coast Guard offloads 27,000 pounds of seized cocaine in Miami Beach",wesh.com,0.578461634386328,1,33,11,11,11,2.0,2.0,10.0,0,0,1
H1856,"Woman, 33, missing from Belmont Gardens",fox32chicago.com,0.606802292033508,1,33,11,11,11,2.0,9.0,9.0,0,1,1
H1430,Should You Get An Online Nutritionist?,refinery29.com,0.64613732751421,1,33,11,11,11,0.0,0.0,8.0,0,0,1
H3000,Trump adviser compared Trump's proposal to Nazi Germany - CNN Video,cnn.com,0.658031073873161,1,33,11,11,11,9.0,3.0,10.0,1,0,1
H0379,"Trump Caught Dodging Freezing Rain, Leaving Melania To Fend For Herself (VIDEO)",bipartisan-report.com,0.6907236325801,1,33,11,11,11,10.0,10.0,11.0,1,1,1
H3047,Church of Jesus Christ of Latter-day Saints Announces Change To Seminary Program,ksltv.com,0.715840815865667,1,33,11,11,11,1.0,0.0,8.0,0,0,1
H2079,US and UK withdraw families from Ukraine embassies but EU to stay put,theguardian.com,0.74959222370997,1,33,11,11,11,1.0,3.0,9.0,0,0,1
H1925,NHL apologizes to Vegas for bad call in Game 7 vs. Sharks,nbcsports.com,0.762377581102117,1,33,11,11,11,5.0,8.0,10.0,0,1,1
H0480,Cuatro avenidas cerradas a autos en Nueva York para recreación “con distancia” en cuarentena | El Diario NY,eldiariony.com,0.791230028033304,1,33,11,11,11,1.0,0.0,2.0,0,0,0
H2162,Teacher adopts student who almost made her give up on education,nydailynews.com,0.807592058139583,1,33,11,11,11,3.0,4.0,8.0,0,0,1
H0781,1 in 3 fear immigrants want to replace Americans to influence elections: poll,nbcnews.com,0.843937401226111,1,33,11,11,11,7.0,7.0,9.0,1,1,1
H1380,Behind the bling: The story of Clemson's epic championship rings,espn.com,0.85282809463095,1,33,11,11,11,0.0,1.0,8.0,0,0,1
H1586,"Carolina Panthers hire Justine Lindsay, NFL's first openly transgender cheerleader",cbsnews.com,0.879618721504846,1,33,11,11,11,0.0,0.0,9.0,0,0,1
H0026,'Austin Powers' actor Verne Troyer dies at 49,ketv.com,0.905571729093681,1,33,11,11,11,4.0,8.0,10.0,0,1,1
H0310,American Anthem,npr.org,0.930525246755544,1,33,11,11,11,0.0,0.0,4.0,0,0,0
H2869,"John McCain — war hero, political giant — dies at 81",militarytimes.com,0.951497998550873,1,33,11,11,11,3.0,6.0,11.0,0,1,1
H1584,Exclusive: U.S. destroyer challenges China's claims in South China Sea,reuters.com,1.0,1,33,11,11,11,5.0,3.0,8.0,0,0,1
H0458,Bill Nye the 'Fake Science' Guy Gets Schooled by Meteorologist on Hurricane Irma and Climate Change,pjmedia.com,0.225278100615081,1,33,11,11,11,7.0,2.0,10.0,1,0,1
H0782,Cringe Optics: Biden Takes Victory Lap During Economic Nosedive,oann.com,0.414524143820094,1,33,11,11,11,7.0,5.0,9.0,1,0,1
H0132,3 Ways to Resist the Takers in Your Life,psychologytoday.com,0.818682123522491,1,33,11,11,11,4.0,3.0,6.0,0,0,1
H0689,YouTube Sensation Dies Much Too Soon and Without Warning,mercola.com,0.174179298813923,1,33,11,11,11,3.0,7.0,10.0,0,1,1
H1450,WATCH: Crenshaw Perfectly Explains Why the Democrat Background Check Bill is Crap!,louderwithcrowder.com,0.311310547480834,1,33,11,11,11,5.0,1.0,6.0,0,0,1
H2752,Obama Arrived in Scotland - Watch What He Did IMMEDIATELY AFTER Stepping Off Jet,federalisttribune.com,0.299050085621009,1,33,11,11,11,0.0,0.0,3.0,0,0,0
H0303,Mobster Who May Be the Last Living Person With Knowledge of Gardner Museum Heist Set to Be Released From Prison,smithsonianmag.com,0.971184072481041,1,33,11,11,11,7.0,5.0,9.0,1,0,1
H3340,"Orlando Brown on Chrisean Rock: ""Do You Have An Actual Career?""",vladtv.com,0.683893945995561,1,33,11,11,11,3.0,2.0,5.0,0,0,0
H2238,"Holy Crap, Michael Keaton Said ‘Hidden Fences’ Too And Twitter Reacts",huffingtonpost.com,0.715235206216845,1,33,11,11,11,0.0,0.0,4.0,0,0,0
H0219,"On the Grammy Salute to Prince, the Artist's Surviving Collaborators Stole the Show",jezebel.com,0.493729304201801,1,33,11,11,11,2.0,2.0,8.0,0,0,1
H1490,Trendy Impossible Burger is actually made with questionable ingredients such as GMOs,naturalnews.com,0.0,1,34,9,9,9,5.0,1.0,9.0,1,0,1
H1465,AI Connected Smart Devices To Trigger Mass Suicides And Civilizational Collapse,infowars.com,0.0458475179096454,1,34,9,9,9,6.0,5.0,8.0,1,1,1
H0745,Millions Of Europeans Rise Up Against George Soros,awarenessact.com,0.0705539230341695,1,34,9,9,9,6.0,6.0,9.0,1,1,1
H2880,"Lucille Ball Hated Patty Duke For Dating Her Teenage Son, But Did They Let Go Of Their Difference Before She Died?",fabiosa.com,0.0905862324182262,1,34,9,9,9,4.0,5.0,9.0,0,1,1
H0383,Bill Clinton's Former Marine One Test Pilot Arrested On Pedophilia Charges,newspunch.com,0.124271638273759,1,34,9,9,9,9.0,4.0,9.0,1,0,1
H1122,"Human Trafficking? In Just the Last Two Weeks, Dozens of Children in Iowa Have Vanished - Stillness in the Storm",stillnessinthestorm.com,0.139036729245588,1,34,9,9,9,5.0,9.0,8.0,1,1,1
H3719,Pit bull rescatado conoce a Santa y no puede contener su emoción,rumble.com,0.162505504571073,1,34,9,9,9,0.0,0.0,1.0,0,0,0
H0293,"Drilling for Oil in the Israeli-occupied Region of Syria's Golan Heights, A Violation of International Law",globalresearch.ca,0.176169765597604,1,34,9,9,9,6.0,5.0,8.0,1,1,1
H0735,"Grandma with Stage 4 Cancer Given Blanket, Starts Crying Over Shirt Sewn into Fabric",westernjournal.com,0.212942660560995,1,34,9,9,9,4.0,5.0,9.0,0,1,1
H0437,"FULL RETARD: Hillary Said, 'I'm A Lot Like 'Wonder Woman'",clashdaily.com,0.231462789131987,1,34,9,9,9,2.0,2.0,5.0,0,0,1
H2209,"Maria Ressa Awaits A Third Warrant Of Arrest, This Time For Violation Of Immigration Law",adobochronicles.com,0.260821742351989,1,34,9,9,9,4.0,3.0,8.0,0,0,1
H2838,Video: Police Officer Lies To Uber Driver About The Law &amp; Quickly Learns The Driver Is Also An Attorney!,worldstarhiphop.com,0.288824151569851,1,34,9,9,9,7.0,6.0,9.0,1,1,1
H0566,Nebraska struck with 6 rare earthquakes in less than a week,endtimeheadlines.org,0.315216786291459,1,34,9,9,9,4.0,4.0,9.0,0,0,1
H1093,Republican Senator Introduces ‘The Pelosi Rule’ – A Bill Forcing Lawmakers To Keep Their Butts In Washington,westernsentinel.com,0.341118590914246,1,34,9,9,9,4.0,3.0,9.0,0,0,1
H0479,Which Fruits & Vegetables Boost DNA Repair? | NutritionFacts.org,nutritionfacts.org,0.352453818106435,1,34,9,9,9,0.0,0.0,9.0,0,0,1
H0918,Petition To Move Super Bowl From Sunday To Saturday Surpasses 100k Signatures,dailysnark.com,0.397773157571401,1,34,9,9,9,0.0,0.0,9.0,0,0,1
H1994,Houston area officer kicked out of little league after assaulting kids but he's still a sergeant,dailykos.com,0.413735620185017,1,34,9,9,9,9.0,9.0,9.0,1,1,1
H1722,Here are 5 wildly popular programs that prove Americans already love socialism,alternet.org,0.42818441506045,1,34,9,9,9,1.0,0.0,8.0,0,0,1
H0365,A former Republican calls this 'the most dangerous moment in this nation's history',rawstory.com,0.461914938868004,1,34,9,9,9,2.0,1.0,4.0,0,0,0
H3311,Rockford doctor charged with child pornography,mystateline.com,0.491451036385089,1,34,9,9,9,8.0,8.0,9.0,1,1,1
H3436,Target offering car seat trade-ins for discount on a new seat,abc13.com,0.507026243676643,1,34,9,9,9,0.0,0.0,9.0,0,0,1
H1501,Trump’s FCC just announced it will officially rescind Net Neutrality on Thursday,washingtonpress.com,0.547910234131419,1,34,9,9,9,5.0,3.0,9.0,1,0,1
H1760,Watch Amanda Nunes Completely Embarrass And Destroy Ronda Rousey In Less Than A Minute At UFC 207,brobible.com,0.568044251029421,1,34,9,9,9,4.0,6.0,8.0,0,1,1
H2503,Notice to vacate: Flagler County to move homeless camp 22 miles from library | Palm Coast | Palm Coast Observer,palmcoastobserver.com,0.595612951025109,1,34,9,9,9,5.0,6.0,9.0,1,1,1
H3947,"Will you sign? The President of the United States, I want to stop animal testing with chemicals!",change.org,0.619205572780572,1,34,9,9,9,4.0,6.0,8.0,0,1,1
H3787,"7.5 earthquake strikes in Pacific Ocean near New Caledonia, triggering tsunami warning",abc7news.com,0.645959515804345,1,34,9,9,9,4.0,4.0,9.0,0,0,1
H0328,Latino leaders ask: When will Trump reach out to Hispanics?,cnn.com,0.658031073873161,1,34,9,9,9,5.0,5.0,9.0,1,1,1
H3629,Texas Department of Criminal Justice says inmate who escaped from East Texas facility in custody,fox26houston.com,0.675352572723559,1,34,9,9,9,6.0,3.0,9.0,1,0,1
H0910,Orlando Police Chief ‘Furious’ On Decision Not To Seek Death Penalty For Cop Killer – Law Officer,lawofficer.com,0.708604683448302,1,34,9,9,9,8.0,7.0,9.0,1,1,1
H3517,NFL: Former Raiders head coach John Madden dies at 85,fox5vegas.com,0.740820857143454,1,34,9,9,9,0.0,3.0,9.0,0,0,1
H2862,Welcome Home for Korean War vet missing 68 years,wkrn.com,0.767484212606095,1,34,9,9,9,0.0,3.0,8.0,0,0,1
H2924,Diversity Can Spell Trouble,hoover.org,0.775429000335308,1,34,9,9,9,1.0,1.0,6.0,0,0,1
H2807,Advocates of a toxic bleach fake 'miracle cure' are telling desperate people it can cure the coronavirus in thriving groups on Telegram,businessinsider.com,0.804965428527866,1,34,9,9,9,7.0,7.0,8.0,1,1,1
H0685,Gun Rights Activist Who Tailed Parkland Kids Charged with Illegal Gun Possession,thetrace.org,0.849859978815034,1,34,9,9,9,7.0,8.0,9.0,1,1,1
H2915,Tooth infection leads to 26-year-old California dad's death,fox29.com,0.857633305221127,1,34,9,9,9,4.0,8.0,9.0,0,1,1
H3171,Iowa Supreme Court halts state's new abortion restrictions,desmoinesregister.com,0.879015340541404,1,34,9,9,9,4.0,2.0,9.0,0,0,1
H3102,"99 years after Tulsa race massacre, unmarked mass grave found in search for victims, official says",usatoday.com,0.901007708482031,1,34,9,9,9,3.0,9.0,9.0,0,1,1
H2136,The rise of the robochef,economist.com,0.926495544108839,1,34,9,9,9,0.0,0.0,5.0,0,0,1
H3642,NASA Is Recruiting Women to Stay in Bed for Two Months,smithsonianmag.com,0.971184072481041,1,34,9,9,9,2.0,2.0,7.0,0,0,1
H1012,"'Like hell:' As Olympics loom, Japan health care in turmoil",apnews.com,0.998049167729267,1,34,9,9,9,3.0,6.0,6.0,0,1,1
H3791,A School Volunteer Sees a Lunch Room Problem and Decides to Act,billmoyers.com,0.63612821762289,1,34,9,9,9,2.0,3.0,7.0,0,0,1
H2788,"Judge Hands Down Major Ruling In Steele Dossier Case, Christopher Steele Ecstatic · US National News",usnationalnews.org,0.345732076201383,1,34,9,9,9,2.0,3.0,8.0,0,0,1
H1812,Cuando los países piden perdón por su pasado,elpais.com,0.791230028033304,1,34,9,9,9,0.0,1.0,2.0,0,0,0
H1311,FDA da aprobación total a la vacuna Pfizer/BioNTech contra el covid-19,cnn.com,0.658031073873161,1,34,9,9,9,0.0,0.0,2.0,0,0,0
H1208,USCIS Immigration Delays Grow Longer And Longer,forbes.com,0.829500343762818,1,34,9,9,9,4.0,2.0,9.0,0,0,1
H1504,I-75 North in Lebanon is closed due to flooding,local12.com,0.509941076749434,1,34,9,9,9,2.0,4.0,9.0,0,0,1
H3967,Senator Warren worries that Fed will tip U.S. economy into recession,reuters.com,1.0,1,34,9,9,9,5.0,6.0,9.0,1,1,1
H2681,Presionan contra el engaño de ICE al hacerse pasar por policías locales,telemundo.com,0.673588160025729,1,34,9,9,9,2.0,0.0,1.0,0,0,0
H0482,Video: Crowd screams as rock band Seventeen swept away by tsunami in Indonesia\\n,theepochtimes.com,0.262887244589731,1,34,9,9,9,6.0,7.0,9.0,1,1,1
H2888,"To Putin’s Delight, Trump Threatens Withdrawal Of U.S. Troops From Germany - The Intellectualist",mavenroundtable.io,0.619866921433735,1,34,9,9,9,8.0,5.0,8.0,1,1,1
H0448,US healthcare system collapsing so rapidly that workers are now committing suicide in record numbers,naturalnews.com,0.0,1,35,12,12,12,9.0,11.0,11.0,1,1,1
H3648,Swedish Police Installing Loudspeakers to Fight Crime,infowars.com,0.0458475179096454,1,35,12,12,12,3.0,2.0,10.0,0,0,1
H3327,Major Bombshell: Susan Rice Seeking Immunity Deal! (Video) | Politics,beforeitsnews.com,0.0560036536327054,1,35,12,12,12,1.0,0.0,5.0,0,0,0
H0495,URGENT: CDC Votes This Week to Add C-19 Shot to Childhood Immunization Schedule. Here's What You Can Do,welovetrump.com,0.0871406069110147,1,35,12,12,12,3.0,4.0,10.0,0,0,1
H0375,"Flashback: Maxine Waters Slips Up, Admits Obama Has Database with ‘Info About Everything on Every Individual’",newspunch.com,0.124271638273759,1,35,12,12,12,4.0,5.0,8.0,0,0,1
H3310,"Shooting Suspect Arrested In Death Of XXXTentacion, It Wasn’t Soldier Kidd Or Soldier Jojo!",huzlers.com,0.134914125900946,1,35,12,12,12,7.0,9.0,8.0,1,1,1
H0376,"Episode 2314b - [Zero Day] Approaching, DOJ Confirms, Hunters Are Now The Hunted",rumble.com,0.162505504571073,1,35,12,12,12,3.0,5.0,1.0,0,0,0
H2001,Bernie Sanders: Add new 'rights' to U.S. Constitution - WND,wnd.com,0.192160019649149,1,35,12,12,12,0.0,1.0,8.0,0,0,1
H0123,Sick Willie,westernjournal.com,0.212942660560995,1,35,12,12,12,1.0,3.0,1.0,0,0,0
H3765,"The caravan could be made up of more than 20,000 migrants, according to Mexico's&nbsp;federal interior secretary.",pjmedia.com,0.225278100615081,1,35,12,12,12,2.0,2.0,9.0,0,0,1
H2917,Planned Parenthood Exec Busted Again Trying To Sell Baby Body Parts,thefederalist.com,0.257333312407563,1,35,12,12,12,10.0,8.0,9.0,1,1,1
H1942,Ron Johnson Presses Biden to Monitor Reactions to Coronavirus Vaccines,breitbart.com,0.297175368438483,1,35,12,12,12,3.0,4.0,10.0,0,0,1
H3168,M&M's took the plunge into WOKENESS,theblaze.com,0.319102558515008,1,35,12,12,12,4.0,0.0,8.0,0,0,1
H1185,How Elizabeth Warren’s gun tax will disarm the poor,washingtontimes.com,0.345472108057381,1,35,12,12,12,8.0,8.0,11.0,1,1,1
H1467,Sailor Who Died Trying Saving Others in Pensacola Shooting Recently Came Back to His Christian Faith,cbn.com,0.366255771907572,1,35,12,12,12,2.0,8.0,9.0,0,1,1
H1228,Myles Garrett Rips Helmet Off Mason Rudolph And Swings It At Him During Steelers-Browns Brawl (VIDEO),dailysnark.com,0.397773157571401,1,35,12,12,12,11.0,11.0,9.0,1,1,1
H2906,NRA's corporate partners are fleeing the sinking ship.,dailykos.com,0.413735620185017,1,35,12,12,12,2.0,6.0,9.0,0,0,1
H3487,"Ex-army had to leave best-friend dog in Iraq—1 month later, they reunite on the other side of the world - NTD Inspired",ntd.tv,0.43614522152228,1,35,12,12,12,2.0,4.0,10.0,0,0,1
H2024,Biden Repeats Whopper That His Multi-Trillion-Dollar Agenda Will Cost $0,dailycaller.com,0.469965661505635,1,35,12,12,12,3.0,4.0,9.0,0,0,1
H1216,Cruise passengers spend 10 days in blackout for fear of pirates,fox10phoenix.com,0.479659730503063,1,35,12,12,12,10.0,11.0,11.0,1,1,1
H1703,"Bengals attendance falters, tickets for Sunday's game are NFL's cheapest",local12.com,0.509941076749434,1,35,12,12,12,0.0,2.0,11.0,0,0,1
H3822,Biden’s approval ratings plunge in important heartland battleground: poll,foxnews.com,0.534260962262195,1,35,12,12,12,0.0,0.0,8.0,0,0,1
H3423,"Trump Says He Wants Mike Pompeo To Work, Not 'Wash Dishes' If His Wife Isn't Around",huffpost.com,0.568450135334297,1,35,12,12,12,7.0,7.0,9.0,1,1,1
H2046,"Boy asking to use phone for help instead uses Venmo to take nearly $4K, Baldwin Park woman says",wesh.com,0.578461634386328,1,35,12,12,12,8.0,8.0,9.0,1,1,1
H0720,U.S. Supreme Court Unanimously Rules Warrantless Gun Confiscation Is Unconstitutional - The Police Tribune,policetribune.com,0.602906922660256,1,35,12,12,12,3.0,3.0,10.0,0,0,1
H3827,Venice Flooding: Italian city 'on its knees' after second-worst flood ever recorded,abc7news.com,0.645959515804345,1,35,12,12,12,6.0,9.0,11.0,0,1,1
H1733,How Trump helped inspire a wave of strict new abortion laws,vox.com,0.653743407913008,1,35,12,12,12,5.0,5.0,11.0,0,0,1
H1440,Lucasfilm's First Non-Star Wars or Indiana Jones Film in Years Is a Children of Blood and Bone Adaptation,gizmodo.com,0.695696656457309,1,35,12,12,12,2.0,1.0,8.0,0,0,1
H2027,Be Ready - Crossmap Prayers,crossmap.com,0.707623288368479,1,35,12,12,12,0.0,0.0,2.0,0,0,0
H1421,North Korea calls Joe Biden a 'fool of low IQ',abcactionnews.com,0.736018435351385,1,35,12,12,12,10.0,10.0,11.0,1,1,1
H2923,Steelers Asst. Coach Joey Porter Placed On Leave Following Arrest « CBS Pittsburgh,cbslocal.com,0.751190107612549,1,35,12,12,12,5.0,0.0,10.0,0,0,1
H2535,Why You Can't Be Pro-Life & A Feminist,bustle.com,0.775937399631442,1,35,12,12,12,1.0,3.0,10.0,0,0,1
H1475,"From Halftime Show to Social Media, Calls To Ban Rap",reason.com,0.805456958103719,1,35,12,12,12,1.0,5.0,8.0,0,0,1
H1092,Three new species of fish discovered in the extreme depths of the Pacific Ocean,sciencedaily.com,0.845569362584322,1,35,12,12,12,0.0,0.0,9.0,0,0,1
H3555,Democrats seek hazard pay for health workers amid pandemic,politico.com,0.862520735542115,1,35,12,12,12,4.0,7.0,11.0,0,1,1
H1394,"Mardi Gras krewes not told of New Orleans' 'no parades' plan; 'A total shock,' says Endymion leader",nola.com,0.887458312598086,1,35,12,12,12,3.0,6.0,9.0,0,0,1
H1511,'Bernie Sanders is a wizard': 'Tonight Show' clip with eerily accurate election predictions goes viral,usatoday.com,0.901007708482031,1,35,12,12,12,0.0,2.0,7.0,0,0,1
H1774,Accused Dog Thrower's Attorney Requests Pre-Sentencing Investigation,patch.com,0.933491002134259,1,35,12,12,12,6.0,5.0,8.0,0,0,1
H2158,"1,700-Year-Old Sock Spins Yarn About Ancient Egyptian Fashion",smithsonianmag.com,0.971184072481041,1,35,12,12,12,1.0,1.0,7.0,0,0,1
H0751,Key events behind China's investigation into Alibaba Group,reuters.com,1.0,1,35,12,12,12,3.0,2.0,7.0,0,0,1
H3959,"Powell St. John Brought Us the Message, 1940-2021",austinchronicle.com,0.571319649351516,1,35,12,12,12,0.0,1.0,3.0,0,0,0
H2652,We Spoke to a Chef Who Has Made 143 Types of Mac and Cheese,vice.com,0.754994791293065,1,35,12,12,12,0.0,0.0,9.0,0,0,1
H1827,Breaking: Drew Brees Retires,bleacherreport.com,0.734238148179424,1,35,12,12,12,2.0,1.0,11.0,0,0,1
H3646,Where were the protests during Obama's years?,americanthinker.com,0.152499978555631,1,35,12,12,12,1.0,2.0,7.0,0,0,1
H1872,BIZARRE: Avon catalog features image of woman caressing baphomet,naturalnews.com,0.0,1,35,12,12,12,2.0,1.0,8.0,0,0,1
H0995,MISSING: 16-year-old Anoka girl,fox9.com,0.498615762653852,1,35,12,12,12,2.0,9.0,12.0,0,1,1
H3929,Why is atmospheric methane surging? (Hint: its not fracking) - Science Magazine,sciencemag.org,0.917500628260245,1,35,12,12,12,0.0,0.0,7.0,0,0,1
H1830,Catholic Church: Raping Children Is Religious Freedom For Pedophile Priests,worldtruth.tv,0.017643643892146,1,35,12,12,12,12.0,11.0,10.0,1,1,1
H2805,Flashback: British Actress Says Weinstein Used Oprah As Bait For Sex » Alex Jones' Infowars: There's a war on for your mind!,infowars.com,0.0458475179096454,1,35,12,12,12,9.0,9.0,7.0,1,1,1
H3836,"Report: Infamous Trump dossier funded by Clinton campaign, DNC",usatoday.com,0.901007708482031,1,35,12,12,12,5.0,1.0,7.0,0,0,1
H1781,Curcumin infused nanoparticles found to target and destroy neuroblastoma cancer tumors... has the CURE been found?,naturalnews.com,0.0,1,36,12,12,12,6.0,5.0,9.0,0,0,1
H0227,Report: Bill Clinton Offered Lynch Scalia’s Seat During Tarmac Meeting – QAnon,infowars.com,0.0458475179096454,1,36,12,12,12,2.0,1.0,7.0,0,0,1
H1215,Bush Family Barred From Public Office! Secret Revealed! | Alternative,beforeitsnews.com,0.0560036536327054,1,36,12,12,12,3.0,4.0,5.0,0,0,0
H2240,Stacey Abrams Says Protecting Babies From Abortion Is Bad For Business,explainlife.com,0.0866873538647112,1,36,12,12,12,7.0,8.0,9.0,1,1,1
H1719,Why Palestine is the Civil Rights Issue of our Time,ahtribune.com,0.114953478402461,1,36,12,12,12,2.0,6.0,7.0,0,0,1
H2489,Study Shows Hydroxychloroquine and Azithromycin Greatly Improved COVID Survival Rate for Ventilated Patients - The Last Refuge,theconservativetreehouse.com,0.135066562651449,1,36,12,12,12,4.0,5.0,11.0,0,0,1
H2731,Frustrated Callers Think Democrats Will Always Get Away with It,rushlimbaugh.com,0.160402617264852,1,36,12,12,12,7.0,6.0,4.0,1,0,0
H0022,"BOMBSHELL: DOJ Official Tips Off Podesta, Wanted Hillary Job for Son",steadfastandloyal.com,0.199250892452131,1,36,12,12,12,5.0,2.0,6.0,0,0,0
H1516,Biden Admits He's Considering the 'Nuclear Option' to Thwart Republicans and Raise the Debt Ceiling,westernjournal.com,0.212942660560995,1,36,12,12,12,7.0,6.0,10.0,1,0,1
H2931,Trump Just Went On A Delirious Twitter Rant - Makes Up His Own Reality (TWEET),bipartisanreport.com,0.228380384066331,1,36,12,12,12,5.0,0.0,7.0,0,0,1
H1972,Invaders Try to Enter and Canada Changes Its Tune,eaglerising.com,0.254474160173186,1,36,12,12,12,9.0,6.0,9.0,1,0,1
H1286,Historic Achievement: Labor Union Backs Trump USMCA Trade Agreement,breitbart.com,0.297175368438483,1,36,12,12,12,0.0,0.0,10.0,0,0,1
H0545,"‘People Have to Realize This’: Guest Blows Joe Rogan’s Mind, Explains World Economic Forum’s ‘Great Reset’",louderwithcrowder.com,0.311310547480834,1,36,12,12,12,2.0,1.0,5.0,0,0,0
H2812,Coal Remains King,washingtontimes.com,0.345472108057381,1,36,12,12,12,2.0,0.0,8.0,0,0,1
H2314,Escaping 'Trans La La Land': Dozens of Transgender Regretters 'Come Out' to Tell the Truth,cbn.com,0.366255771907572,1,36,12,12,12,3.0,8.0,9.0,0,1,1
H2101,"Martellus Bennett Faked Season-Ending Injury, Threw Packers Doctors Under Bus To Get Back On Patriots",dailysnark.com,0.397773157571401,1,36,12,12,12,9.0,10.0,9.0,1,1,1
H3459,"Enabling weasel Paul Ryan wants us to believe he's stopping Trump's worst impulses. Sure, Paul.",dailykos.com,0.413735620185017,1,36,12,12,12,7.0,5.0,7.0,1,0,1
H3109,Tyson Foods Sends Cease-And-Desist To Trump For Using Slaughterhouse Recordings As Pump-Up Anthem At Rallies,theonion.com,0.445775894839608,1,36,12,12,12,10.0,8.0,8.0,1,1,1
H3259,‘A pattern is being revealed’: Matt Gaetz calls for removal of ‘corrupt’ fellow GOP lawmaker,rawstory.com,0.461914938868004,1,36,12,12,12,6.0,8.0,8.0,0,1,1
H1183,American Girl's Puberty Bible The Care and Keeping of You Turns 20,jezebel.com,0.493729304201801,1,36,12,12,12,1.0,1.0,6.0,0,0,0
H2777,Stop Calling the Police on Black People Just Because You’re Annoyed; You’re Gonna Get Someone Killed,theroot.com,0.508451103212391,1,36,12,12,12,5.0,8.0,6.0,0,1,0
H2475,Not one elected Republican was willing to meet with President Trump in Pittsburgh,salon.com,0.537933612947259,1,36,12,12,12,6.0,6.0,9.0,0,0,1
H0137,"2 Kids, 2 Adults Hurt After Fireworks Explode in Family’s Truck During Road Rage Incident",fox40.com,0.57152549470152,1,36,12,12,12,5.0,10.0,12.0,0,1,1
H2986,Pelosi Uses Coronavirus Presser to Demand Trump Stop Attacking ObamaCare,grabien.com,0.587941579935445,1,36,12,12,12,9.0,7.0,10.0,1,1,1
H0246,"Happening now in Devers, TX, United States",change.org,0.619205572780572,1,36,12,12,12,0.0,0.0,3.0,0,0,0
H0749,Target raises its minimum wage to $13,kswo.com,0.634533565869284,1,36,12,12,12,0.0,0.0,9.0,0,0,1
H1778,"Soldier was served initial child support paperwork; 4 days later, police said he fatally shot the mother",kdhnews.com,0.666335627788022,1,36,12,12,12,11.0,11.0,11.0,1,1,1
H3627,Suspect spotted driving truck stolen with dog inside arrested; dog still missing,live5news.com,0.683117340614217,1,36,12,12,12,10.0,11.0,10.0,1,1,1
H3202,Feds indict Georgia Insurance Commissioner Jim C. Beck for fraud - Atlanta Business Chronicle,bizjournals.com,0.724403551456599,1,36,12,12,12,10.0,3.0,10.0,1,0,1
H0808,Mars is spectacular this month – here’s the best way to spy the red planet,theguardian.com,0.74959222370997,1,36,12,12,12,1.0,1.0,12.0,0,0,1
H2670,The Coronavirus: Is China using it as a weapon? | SOFREP,sofrep.com,0.753641011616367,1,36,12,12,12,9.0,2.0,9.0,1,0,1
H1813,Hurricane Florence’s Winds Topple Gas Station Canopy | The Weather Channel,weather.com,0.787979994491179,1,36,12,12,12,7.0,5.0,11.0,1,0,1
H0185,"Prominent Russian Activist Hospitalized After More Than 1,000 Arrested in Protest",wsj.com,0.804466118117895,1,36,12,12,12,5.0,9.0,10.0,0,1,1
H0057,"640 United Methodist clergy, members file complaint against Jeff Sessions, a Methodist",nbcnews.com,0.843937401226111,1,36,12,12,12,9.0,8.0,10.0,1,1,1
H2587,Zinke teaming up with Lewandowski at D.C. lobbying firm,politico.com,0.862520735542115,1,36,12,12,12,0.0,0.0,7.0,0,0,1
H0599,"In symbolic first, electric cars outsell fossil fuel-powered ones in Norway",sfgate.com,0.88658952865011,1,36,12,12,12,1.0,1.0,8.0,0,0,1
H1375,Delta Air Lines to charge $200 monthly to workers who refuse COVID-19 vaccines,usatoday.com,0.901007708482031,1,36,12,12,12,10.0,10.0,12.0,1,1,1
H1047,86-Year-old Has Lost 120 Pounds Simply By Walking Around Her One-Bedroom Apartment,goodnewsnetwork.org,0.931854544428937,1,36,12,12,12,0.0,1.0,11.0,0,0,1
H1992,First Images From NASA’s Webb Space Telescope Coming Soon,nasa.gov,0.956315766887341,1,36,12,12,12,0.0,0.0,10.0,0,0,1
H0333,Taiwan rejects China's main condition for WHO participation,reuters.com,1.0,1,36,12,12,12,7.0,7.0,9.0,1,1,1
H2390,Alabama ranked among the nation’s best for business climate,al.com,0.886825382677401,1,36,12,12,12,0.0,0.0,9.0,0,0,1
H3690,Stop acting as if mass shootings are about the body count. They’re not.,miamiherald.com,0.804965428527866,1,36,12,12,12,4.0,2.0,4.0,0,0,0
H3543,24 charged with intentionally setting Australia bushfires,thv11.com,0.512062357819041,1,36,12,12,12,8.0,6.0,10.0,1,0,1
H1302,"Help find 2 missing people from Cherokee Co., NC",wspa.com,0.552649667527312,1,36,12,12,12,1.0,7.0,8.0,0,1,1
H3864,Everyone Is Rewatching “Twilight” and the Memes Are on Fire,teenvogue.com,0.590716748850604,1,36,12,12,12,0.0,0.0,8.0,0,0,1
H3139,Cheerleader with Down Syndrome to Be Featured in Times Square,breitbart.com,0.297175368438483,1,36,12,12,12,1.0,1.0,9.0,0,0,1
H2029,Snoop Dogg In HOT WATER After Assassination Threats Against Trump — Could He Face Jail Time? | enVolve,en-volve.com,0.126883146357792,1,36,12,12,12,9.0,10.0,10.0,1,1,1
H3257,VAERS Update: 5-Year-Old Died 4 Days After Pfizer COVID-19 Jab,welovetrump.com,0.0871406069110147,1,36,12,12,12,8.0,11.0,11.0,1,1,1
H0078,"NFL Insider Boldly Predicts Tom Brady Will Be 49ers' Week 1 Starter: ""It's Unavoidable""",dailysnark.com,0.397773157571401,1,36,12,12,12,1.0,2.0,11.0,0,0,1
H2088,What would the US withdrawal from Syria mean for the region?,aljazeera.com,0.779267503219657,1,36,12,12,12,1.0,3.0,7.0,0,0,1
H0083,Muzzle Flashes Seen Coming From Helicopter During Las Vegas Massacre | World Truth.TV,worldtruth.tv,0.017643643892146,1,37,13,13,13,6.0,6.0,11.0,0,0,1
H1454,Creepy Joe Biden At It Again » Alex Jones' Infowars: There's a war on for your mind!,infowars.com,0.0458475179096454,1,37,13,13,13,9.0,4.0,5.0,1,0,0
H2175,Everything You Wish You Didn't Know About GMOs,humansarefree.com,0.0572211982440859,1,37,13,13,13,2.0,1.0,10.0,0,0,1
H2305,Kathy Griffin Attacks Melania Trump: ‘Feckless Complicit Piece of Sh*t’,truthuncensored.net,0.0853217706757043,1,37,13,13,13,12.0,12.0,12.0,1,1,1
H1226,Ignored by Liberal Media: President Bill Clinton Thanks James Clyburn for Destroying the Bernie Sanders Campaign (VIDEO),thegatewaypundit.com,0.109374585525566,1,37,13,13,13,12.0,13.0,12.0,1,1,1
H3251,Top 2 Democrats Accused Of Accepting Bribes From Foreign Power – They’re In Serious Trouble,breakingnewshouse.com,0.14918697926684,1,37,13,13,13,10.0,5.0,12.0,1,0,1
H1142,"Blow Dryer Rebellion: Angry beauty parlor owners hang blow dryers, curling irons from tree near Nancy Pelosi's home",americanthinker.com,0.152499978555631,1,37,13,13,13,11.0,12.0,11.0,1,1,1
H3899,UNTHINKABLE: First Female Muslim Legislator Votes To Make Life Insurance Companies Do This For Dead Terrorists (Video) - BB4SP,bb4sp.com,0.195286288414536,1,37,13,13,13,6.0,8.0,7.0,0,1,1
H0031,Oops: Linda Sarsour's 'Mentor' Was Father of New Mexico Jihad Trainer,westernjournal.com,0.212942660560995,1,37,13,13,13,4.0,1.0,10.0,0,0,1
H0195,It Takes Sadness To Know What Happiness Is,higherperspectives.com,0.240642549259844,1,37,13,13,13,1.0,1.0,9.0,0,0,1
H1678,Breaking: Natanyahu Just Responded To President Trump's Inauguration,redstatewatcher.com,0.250832108016935,1,37,13,13,13,1.0,2.0,10.0,0,0,1
H2651,Sweden: Men of Foreign Origin Responsible for 90 Per Cent of Shootings,breitbart.com,0.297175368438483,1,37,13,13,13,12.0,5.0,12.0,1,0,1
H0485,This transgender Father’s Day story from CNN did not get a warm reception online,theblaze.com,0.319102558515008,1,37,13,13,13,7.0,8.0,12.0,1,1,1
H2014,Opinion | Liz Cheney has betrayed Wyoming,washingtontimes.com,0.345472108057381,1,37,13,13,13,12.0,12.0,11.0,1,1,1
H3466,This is Stephen Miller's mess,palmerreport.com,0.360703012753001,1,37,13,13,13,9.0,2.0,6.0,1,0,0
H3209,Putin says the West's 'attempt to have global dominance' is coming to an end,dailymail.co.uk,0.383860647514719,1,37,13,13,13,9.0,5.0,11.0,1,0,1
H2549,Mexican man kills self after U.S. deports him,dailykos.com,0.413735620185017,1,37,13,13,13,8.0,12.0,13.0,1,1,1
H2648,Rep Matt Gaetz Suggests He Might Offer Kyle Rittenhouse Congressional Internship — Brigitte Gabriel,brigittegabriel.com,0.433532404992113,1,37,13,13,13,1.0,2.0,11.0,0,0,1
H3644,BUSTED: Arizona Republican caught spreading MAGABomber conspiracy theories from ex-porn star,rawstory.com,0.461914938868004,1,37,13,13,13,11.0,5.0,11.0,1,0,1
H3809,"Victim Blames Black Woman For Acid Burns To Her Face, Then Admits It Was All A Lie",theblackloop.com,0.485752746626203,1,37,13,13,13,10.0,11.0,13.0,1,1,1
H3799,JJ Watt gifts jersey to boy who wore homemade one to school,abc13.com,0.507026243676643,1,37,13,13,13,0.0,2.0,10.0,0,0,1
H1969,Portland commissioner who backs defunding police runs racial justice bureau with 'longstanding dysfunction',foxnews.com,0.534260962262195,1,37,13,13,13,10.0,5.0,11.0,1,0,1
H1871,Study: 6 COVID-19 symptom clusters to watch for,woodtv.com,0.570986312367086,1,37,13,13,13,4.0,1.0,12.0,0,0,1
H0212,Milwaukee missing 11-year-old girl found safe,fox6now.com,0.593319429205137,1,37,13,13,13,1.0,7.0,12.0,0,1,1
H3326,Leftist Representatives in Maine Vote against Criminalizing Genital Mutilation – Red State Pundit,redstatepundit.com,0.616184670694104,1,37,13,13,13,6.0,5.0,11.0,0,0,1
H2143,"Bay Area Regional Medical Center announces closure, filing for bankruptcy",khou.com,0.64280305900301,1,37,13,13,13,2.0,5.0,10.0,0,0,1
H3191,Experto de Pfizer aclara las principales dudas sobre los componentes y la efectividad de la vacuna,telemundo.com,0.673588160025729,1,37,13,13,13,2.0,1.0,2.0,0,0,0
H1700,Brazil’s new deforestation numbers confirm the “Bolsonaro Effect” despite denials (commentary),mongabay.com,0.687532989217871,1,37,13,13,13,5.0,4.0,9.0,0,0,1
H3831,What Is Collusion? Is It Even a Crime?,politi.co,0.708311361394255,1,37,13,13,13,0.0,1.0,7.0,0,0,1
H0121,NJ woman who went on a road trip with her boyfriend has been missing for months,pix11.com,0.739336993642173,1,37,13,13,13,5.0,11.0,11.0,0,1,1
H2496,Senate Bill Could Trigger Wild Mustang Kill-Off,cbslocal.com,0.751190107612549,1,37,13,13,13,12.0,11.0,12.0,1,1,1
H2244,"6 Reasons Why You Should Be Drinking More Tequila, Responsibly",medicaldaily.com,0.775272172685341,1,37,13,13,13,0.0,1.0,12.0,0,0,1
H3315,"With low positivity rate, New Mexico remains an island",santafenewmexican.com,0.816946216297037,1,37,13,13,13,3.0,4.0,9.0,0,0,1
H3681,Coronavirus Hits at the Worst Possible Time for Trump’s Re-election,bloomberg.com,0.840147313769099,1,37,13,13,13,9.0,10.0,12.0,1,1,1
H2571,How Facebook Handles Climate Disinformation,nytimes.com,0.858776290720608,1,37,13,13,13,5.0,3.0,9.0,0,0,1
H2751,This 90-year-old Alabamian changed the world,al.com,0.886825382677401,1,37,13,13,13,1.0,3.0,9.0,0,0,1
H2850,"'Cruel, abrupt and unlawful': States sue Trump administration over college student visa rule",usatoday.com,0.901007708482031,1,37,13,13,13,8.0,9.0,10.0,1,1,1
H2876,"Cold, Snowy Winter Ahead in Connecticut's Long-Term Forecast: Farmers' Almanac",patch.com,0.933491002134259,1,37,13,13,13,2.0,4.0,12.0,0,0,1
H0629,I tried the VR glove that makes the virtual feel really real,cnet.com,0.951854977853014,1,37,13,13,13,0.0,1.0,12.0,0,0,1
H1372,"Europeans fear climate change more than terrorism, unemployment or migration",reuters.com,1.0,1,37,13,13,13,4.0,6.0,12.0,0,0,1
H1021,Watch As Nancy Pelosi Realizes She Has No Idea What She's Talking About At Her Town Hall Meeting,redstatewatcher.com,0.250832108016935,1,37,13,13,13,1.0,4.0,10.0,0,0,1
H1635,Third Woman Accuses Andrew Cuomo of Harassment,pjmedia.com,0.225278100615081,1,37,13,13,13,11.0,12.0,13.0,1,1,1
H1283,Woman wanted for sparking two fires inside local Target,fox13memphis.com,0.584152544761327,1,37,13,13,13,12.0,11.0,13.0,1,1,1
H0959,Pregnant mother charged after toddler's bathroom emergency,ntd.com,0.409683969103314,1,37,13,13,13,6.0,8.0,9.0,0,1,1
H0408,Hospital Worker Says Trump Had 'An Absence Of Empathy' During Visit To Shooting Victims — Report,hillreporter.com,0.626654347976592,1,37,13,13,13,8.0,12.0,12.0,1,1,1
H2156,"Charlotte Massacre: 100 Shots, 4 Blacks Killed - White Nationalists Suspected!!",mtonews.com,0.687875027502036,1,37,13,13,13,10.0,12.0,13.0,1,1,1
H1836,Read Flynn's Full Statement On Testifying Which The Media Took Out Of Context » Alex Jones' Infowars: There's a war on for your mind!,infowars.com,0.0458475179096454,1,37,13,13,13,5.0,4.0,6.0,0,0,0
H1210,Hidden History of the Incredibly Evil Khazarian Mafia,geopolitics.co,0.168563032667644,1,37,13,13,13,12.0,1.0,12.0,1,0,1
H1709,Mind Control is Real: United States Patent 6506148 B2 Confirms Human Nervous System Can be Manipulated Through Electromagnetic Fields from Monitors,awarenessact.com,0.0705539230341695,1,37,13,13,13,5.0,4.0,12.0,0,0,1
H2239,Mom finds 18 baby rattlesnakes in children's playhouse,abc11.com,0.81633964127538,1,37,13,13,13,3.0,4.0,12.0,0,0,1
H2145,POPE FRANCIS RELEASES STOMACH CHURNING WARNING THAT THIS IS THE END TIMES,worldtruth.tv,0.017643643892146,1,38,12,12,12,1.0,1.0,10.0,0,0,1
H3345,Father Whose Son Died From Vaccine-Induced Heart Inflammation Censored By Facebook,infowars.com,0.0458475179096454,1,38,12,12,12,8.0,10.0,10.0,1,1,1
H0529,"Geoengineering Watch Global Alert News, April 13, 2019, #192",geoengineeringwatch.org,0.057482507650514,1,38,12,12,12,0.0,0.0,4.0,0,0,0
H2235,Facebook Caught Hiding Proof of Election “Tampering”,americanjournalreview.com,0.0878375859873984,1,38,12,12,12,10.0,5.0,10.0,1,0,1
H2397,TOXIC VACCINES HAVE KILLED 1.2 MILLION AMERICANS,bitchute.com,0.124014428918512,1,38,12,12,12,8.0,12.0,11.0,1,1,1
H1764,Chris Wallace Hits Jen Psaki with Facts On Media Blackout For Migrant Detention Facilities: ‘Less Transparent Than the Trump Administration’,uniteamericafirst.com,0.129014666189983,1,38,12,12,12,6.0,4.0,9.0,0,0,1
H1251,Barbra Streisand Demands To Know ‘Why Can’t Our Country’ Enact A New Zealand-Style Gun Ban,teaparty.org,0.165730757336703,1,38,12,12,12,1.0,1.0,11.0,0,0,1
H2498,THOUSANDS Of Muslims Are Converting To Christianity In Bangladesh,hellochristian.com,0.185584781299087,1,38,12,12,12,0.0,0.0,11.0,0,0,1
H0114,Liberal Judge Lets Immigrant Who Murdered 2 Doctors Go Free For SICK Reason,angrypatriotmovement.com,0.207371119696342,1,38,12,12,12,12.0,11.0,8.0,1,1,1
H3195,JUST IN: Madonna Leaves America And Never Come Back. How Do You Respond ? - Conservative Flash News,conservativeflashnews.com,0.243908329075791,1,38,12,12,12,2.0,1.0,9.0,0,0,1
H3618,7 Photos That Prove What A Pathetic Person Donald Trump Is,deepleftfield.info,0.262107362277878,1,38,12,12,12,6.0,3.0,11.0,0,0,1
H3584,Students at Savannah College of Art and Design Want Clarence Thomas' Name Removed from Building | Breitbart,breitbart.com,0.297175368438483,1,38,12,12,12,3.0,4.0,11.0,0,0,1
H2128,Man’s car breaks down in Chick-fil-A drive-thru lane. Workers go the extra mile to help him: 'Those people are truly doing the Lord's work!',theblaze.com,0.319102558515008,1,38,12,12,12,0.0,1.0,11.0,0,0,1
H1017,Democrat Senator Warns Mueller Not To Release Findings On Russia Before 2018 Midterms * 100PercentFedUp.com,100fedup.com,0.346782192375088,1,38,12,12,12,6.0,3.0,9.0,0,0,1
H1273,"Biden Son, Brother Had 150+ Transactions Involving Global Business Flagged As Concerning By U.S. Banks: Report",dailywire.com,0.357498144984751,1,38,12,12,12,9.0,3.0,12.0,1,0,1
H3666,"People with narcissistic traits are less likely to follow face mask rules, study finds",dailymail.co.uk,0.383860647514719,1,38,12,12,12,6.0,2.0,11.0,0,0,1
H1583,Dr. Fauci Says These Are 3 of the Riskiest Places to Go During COVID,prevention.com,0.42441278002014,1,38,12,12,12,3.0,1.0,11.0,0,0,1
H2597,Missing baby from Indiana believed to be homicide victim; mother’s boyfriend named suspect,kfvs12.com,0.446555260566952,1,38,12,12,12,10.0,12.0,12.0,1,1,1
H1743,Washington Post Worried Videotaped Torture Provides Evidence Of Anti-White Racism,dailycaller.com,0.469965661505635,1,38,12,12,12,3.0,5.0,9.0,0,0,1
H3045,The Gary Sinise Foundation’s End-Of-Year Video WILL Make You Cry,chicksonright.com,0.490047310819928,1,38,12,12,12,0.0,0.0,11.0,0,0,1
H1108,Small study of rectal cancer treatment brings every single patient into remission,fox13news.com,0.509941076749434,1,38,12,12,12,1.0,3.0,12.0,0,0,1
H2202,Steyn: Left's Doomsday Climate Change Predictions Are 'Cartoon Science' | Fox News Insider,foxnews.com,0.534260962262195,1,38,12,12,12,7.0,2.0,11.0,1,0,1
H0198,Paul McCartney to perform in Greenville in May 2019,wspa.com,0.552649667527312,1,38,12,12,12,0.0,0.0,12.0,0,0,1
H2254,THIS Is How to Masturbate if You Have a Vagina,teenvogue.com,0.590716748850604,1,38,12,12,12,0.0,0.0,11.0,0,0,1
H1860,AOC: Women Are Being Forced To Drink From Toilets At Texas Concentration Camp - The Intellectualist,mavenroundtable.io,0.619866921433735,1,38,12,12,12,5.0,10.0,9.0,0,1,1
H0785,Smoking in public housing to be banned nationwide,nbc4i.com,0.625115184961301,1,38,12,12,12,3.0,2.0,12.0,0,0,1
H2111,Trump EPA appointees want more air pollution — that’s a very bad idea,vox.com,0.653743407913008,1,38,12,12,12,10.0,2.0,8.0,1,0,1
H0975,Moundsville store selling winter coats for $1,wtrf.com,0.682827996016414,1,38,12,12,12,0.0,0.0,12.0,0,0,1
H0469,'I'll be the last one:' Tennessee communities brace for times with no doctors,fox17.com,0.700919224385714,1,38,12,12,12,0.0,5.0,9.0,0,0,1
H3095,All you need is love: experts on the changing face of modern romance,theguardian.com,0.74959222370997,1,38,12,12,12,0.0,0.0,8.0,0,0,1
H3944,McDonald’s Taking McRib Nationwide for First Time Since 2012,complex.com,0.753641011616367,1,38,12,12,12,0.0,0.0,11.0,0,0,1
H3518,Navy Refines and Integrates Weapons on Its New Frigate,nationalinterest.org,0.78650462886682,1,38,12,12,12,1.0,1.0,8.0,0,0,1
H3457,"Police search man accused of kidnapping, shooting 2 victims in southwest OKC",koco.com,0.816946216297037,1,38,12,12,12,10.0,10.0,12.0,1,1,1
H1963,Where has Rob been this week?,newscentermaine.com,0.826834198810173,1,38,12,12,12,0.0,0.0,4.0,0,0,0
H2538,Toddler survives 6-story drop from apartment window onto parked car,myfox8.com,0.862356607937521,1,38,12,12,12,0.0,9.0,12.0,0,1,1
H1858,14 Podcasts That Will Increase Your Business and Make You More Successful,inc.com,0.879015340541404,1,38,12,12,12,0.0,0.0,12.0,0,0,1
H2892,"UPDATED: Michigan to abandon troubled child welfare software, granted laxer court oversight",lansingstatejournal.com,0.905571729093681,1,38,12,12,12,1.0,2.0,7.0,0,0,1
H2097,"4-year-old homicide victim was bound by tape, frequently kept naked in basement, courts say",nwitimes.com,0.925960447501987,1,38,12,12,12,3.0,12.0,12.0,0,1,1
H3428,"iPhone 11, 11 Pro and 11 Pro Max specs vs. iPhone XR, XS and XS Max: What's new and different",cnet.com,0.951854977853014,1,38,12,12,12,0.0,0.0,12.0,0,0,1
H0583,"Washington governor to pardon pot crimes, six years after legalization",reuters.com,1.0,1,38,12,12,12,3.0,5.0,12.0,0,0,1
H2900,PBS reboots ‘Clifford the Big Red Dog’ with character having two lesbian ‘moms’,lifesitenews.com,0.257569279591328,1,38,12,12,12,2.0,1.0,10.0,0,0,1
H1930,Tuesday Short Cuts,patriotpost.us,0.4561951591261,1,38,12,12,12,0.0,0.0,1.0,0,0,0
H2715,A single contact lens could give your entire life a head-up display,cnet.com,0.951854977853014,1,38,12,12,12,0.0,0.0,7.0,0,0,1
H3123,"8 of the best home remedies to soothe a cough naturally, according to doctors",insider.com,0.846631575693017,1,38,12,12,12,1.0,0.0,10.0,0,0,1
H0597,Cleveland police looking for endangered missing 13-year-old girl,cleveland19.com,0.689274090638285,1,38,12,12,12,1.0,10.0,12.0,0,1,1
H1473,'WE OWN YOU NOW!' Redditors triumphantly taunt hedge funds after spoiling effort to short GameStop stock,rawstory.com,0.461914938868004,1,38,12,12,12,6.0,3.0,8.0,0,0,1
H3637,Ending the Death Penalty Is One Step Toward Ending Mass Incarceration,truthout.org,0.448600038526601,1,38,12,12,12,1.0,1.0,10.0,0,0,1
H0578,Fugitive wanted in Connecticut slayings possibly spotted in Tri-State area,heraldmailmedia.com,0.598909713642671,1,38,12,12,12,11.0,5.0,11.0,1,0,1
H0838,Minnesota: Somali Police Officer Refuses To Give a Statement To Investigators » Alex Jones' Infowars: There's a war on for your mind!,infowars.com,0.0458475179096454,1,38,12,12,12,5.0,2.0,4.0,0,0,0
H0308,"Mom Puts an Educational Twist on ""Battleship"" to Help Kids Learn the Periodic Table",mymodernmet.com,0.601952330135495,1,38,12,12,12,0.0,0.0,10.0,0,0,1
H3892,"The Head Of The FBI, (Dead), Says “Illuminati Controls Everything”",worldtruth.tv,0.017643643892146,1,39,12,12,12,8.0,4.0,8.0,1,0,1
H3704,COURT DOCUMENTS: Roger Stone Russian Set-Up Agent Was An FBI Informant Under Mueller,infowars.com,0.0458475179096454,1,39,12,12,12,4.0,3.0,10.0,0,0,1
H1659,Doctor Extracts RFID Chip From Sex Trafficking Victim Everyone Called Crazy,humansarefree.com,0.0572211982440859,1,39,12,12,12,6.0,11.0,11.0,0,1,1
H2171,Robert F. Kennedy Jr. Claims to Know Who Really Killed His Father and is Out to Prove It,wakingtimes.com,0.0901725391626428,1,39,12,12,12,3.0,10.0,12.0,0,1,1
H1207,"Dr. Cole on COVID Shots: ""This is a Poisonous Attack on our Population and it Needs to Stop Now!""",bitchute.com,0.124014428918512,1,39,12,12,12,9.0,10.0,12.0,1,1,1
H1884,"VIDEO: Ties found between FBI and flaiming liberal hate group Southern Poverty Law Center, which listed Ben Carson on its ""extremist watch list"" ⋆ Powdered Wig Society",powderedwigsociety.com,0.125553828241878,1,39,12,12,12,8.0,9.0,9.0,1,1,1
H2993,"MED BEDS, Quantum Technology, MI Lab Tech",rumble.com,0.162505504571073,1,39,12,12,12,0.0,0.0,2.0,0,0,0
H3943,2 Dems In Major Trouble After Hot Mic Accidentally Caught Shocking Admission They Let Slip,madworldnews.com,0.198482287294659,1,39,12,12,12,2.0,2.0,10.0,0,0,1
H0404,Trump Blasts Avenatti as 'Third Rate Lawyer' After Surfacing with New Allegation,westernjournal.com,0.212942660560995,1,39,12,12,12,9.0,10.0,9.0,1,1,1
H3509,"Migration from Africa to Spain has tripled under Spain's socialist government, and it’s only the beginning",voiceofeurope.com,0.24527651362289,1,39,12,12,12,4.0,2.0,11.0,0,0,1
H0936,They Don't Have the Votes: The Far Left's $3.5 Trillion Boondoggle Is on Life Support,townhall.com,0.273514170924363,1,39,12,12,12,2.0,2.0,9.0,0,0,1
H0344,Yikes: Someone Stole The Most Venomous Spider On The Planet From An Insectarium!,worldstarhiphop.com,0.288824151569851,1,39,12,12,12,5.0,6.0,11.0,0,0,1
H1724,12 Things That Happen When Your Boyfriend Makes You A Priority,thoughtcatalog.com,0.301184330996598,1,39,12,12,12,0.0,0.0,8.0,0,0,1
H0986,Poroshenko Threatens to Impose Martial Law in Ukraine Amid Kerch Strait Issue,sputniknews.com,0.346103349035805,1,39,12,12,12,9.0,7.0,12.0,1,1,1
H2685,Spineless Lindsey Graham Says It's Not His Job To Hold Trump Accountable,politicususa.com,0.35845073650398,1,39,12,12,12,7.0,4.0,11.0,1,0,1
H1358,Sailor intentionally sunk yacht and drowned wife on honeymoon so he could inherit her estate,dailymail.co.uk,0.383860647514719,1,39,12,12,12,12.0,12.0,12.0,1,1,1
H3582,Sessions wants to financially reward police departments that turn in undocumented immigrants,dailykos.com,0.413735620185017,1,39,12,12,12,5.0,6.0,11.0,0,0,1
H2794,"Ted Cruz Seeks Abortion Pill Ban, Claims Pregnancy Is Not ""Life-Threatening""",truthout.org,0.448600038526601,1,39,12,12,12,6.0,6.0,12.0,0,0,1
H0747,US Coast Guard Commander Just Openly Defied Trump's Transgender Bigotry With Massive Move,liberalexaminer.com,0.467099701217333,1,39,12,12,12,10.0,8.0,10.0,1,1,1
H2864,Explore the Targaryen Conquest of Westeros in New GAME OF THRONES Animated Short | Nerdist,nerdist.com,0.491838448727076,1,39,12,12,12,1.0,1.0,9.0,0,0,1
H3461,Hawaii Commits To 100% Renewable Roads By 2045,greenmatters.com,0.50196160640282,1,39,12,12,12,0.0,1.0,12.0,0,0,1
H2548,Report: Trump Has Conservative Replacement For Ruth Bader Ginsburg Picked Out,menrec.com,0.532817847370555,1,39,12,12,12,2.0,5.0,11.0,0,0,1
H3011,Barbra Streisand Just Snubbed Donald Trump In The Best Way Possible [WATCH],guardianbuzz.com,0.550164712427993,1,39,12,12,12,7.0,8.0,11.0,1,1,1
H3643,Woman believed to have altered mental status missing in Augusta,wjbf.com,0.575169476761627,1,39,12,12,12,0.0,4.0,10.0,0,0,1
H1193,Waterbury Police make arrest after razor blades found in candy bags,wfsb.com,0.619858391185572,1,39,12,12,12,4.0,2.0,12.0,0,0,1
H1188,What If Buying a Gun Were Like Getting an Abortion? - Rewire.News,rewire.news,0.648251692177025,1,39,12,12,12,0.0,1.0,9.0,0,0,1
H0984,Why Queer Women Are Obsessed With the US Women's National Soccer Team,them.us,0.66385389492834,1,39,12,12,12,1.0,1.0,7.0,0,0,1
H3265,Home Gyms Selling In Record Numbers During Coronavirus Outbreak,tmz.com,0.69853717450643,1,39,12,12,12,1.0,0.0,9.0,0,0,1
H1410,Here Is Exactly Why People Who File Bankruptcy Are Smart,huffingtonpost.com,0.715235206216845,1,39,12,12,12,0.0,1.0,8.0,0,0,1
H0524,Teen girl dies after truck overturns and crashes into home in Virginia Beach,wavy.com,0.728818598953096,1,39,12,12,12,5.0,10.0,12.0,0,1,1
H3853,Judge rejects Chauvin request for new trial in Floyd death,aol.com,0.774220388842363,1,39,12,12,12,7.0,8.0,9.0,1,1,1
H1667,"Avalanche Creek in Glacier National Park, Montana",bing.com,0.799649853780606,1,39,12,12,12,1.0,0.0,5.0,0,0,0
H2661,"Trump won't leave White House ""voluntarily"" if he loses 2020 election, predicts GOP candidate William Weld",newsweek.com,0.81846380864247,1,39,12,12,12,7.0,2.0,12.0,1,0,1
H1644,Mexican reporter and son released from immigration detention in Texas,texastribune.org,0.843374316803737,1,39,12,12,12,4.0,8.0,12.0,0,1,1
H0199,"California's most liberal governor ever, Newsom took on more than he could handle in his first year",latimes.com,0.854215102806626,1,39,12,12,12,2.0,5.0,8.0,0,0,1
H3489,"Poland Seeks Permanent US Troop Presence, Offers Financing",military.com,0.879015340541404,1,39,12,12,12,0.0,2.0,12.0,0,0,1
H2701,‘Zombie’ deer disease: Will deer with chronic wasting disease attack humans?,usatoday.com,0.901007708482031,1,39,12,12,12,5.0,7.0,11.0,0,1,1
H3483,5 Steps To Shake The Feeling That You're An Impostor : Life Kit,npr.org,0.930525246755544,1,39,12,12,12,0.0,0.0,6.0,0,0,0
H0556,Scientists Invent a Pen That Can Detect Cancer in Seconds,smithsonianmag.com,0.971184072481041,1,39,12,12,12,2.0,1.0,12.0,0,0,1
H2338,"Russia's economy set for biggest contraction since 1994, Kudrin says",reuters.com,1.0,1,39,12,12,12,0.0,1.0,10.0,0,0,1
H3387,Facebook To Begin Deleting Groups And Pages That 'Spread Misinformation' On The Risks And Dangers Of Vaccinations • Now The End Begins,nowtheendbegins.com,0.0731174714253107,1,39,12,12,12,9.0,6.0,11.0,1,0,1
H1076,"House Passes Bill Removing Confederate Statues, Other Figures From Capitol",npr.org,0.930525246755544,1,39,12,12,12,3.0,2.0,12.0,0,0,1
H2380,How Jane Austen Can Teach You to Spot Everyday Beauty,hillsdale.edu,0.427225519794495,1,39,12,12,12,0.0,0.0,9.0,0,0,1
H0028,"ANTIFA Thug Spits On Trump Flag, Immediately Crashes Car Into Pole!",welovetrump.com,0.0871406069110147,1,39,12,12,12,11.0,5.0,12.0,1,0,1
H0671,Joni Ernst calls House Democrat's treatment of Gold Star families 'appalling',foxnews.com,0.534260962262195,1,39,12,12,12,9.0,8.0,8.0,1,1,1
H2377,Report: More than 700 Indigenous people reported missing in Wyoming over past decade,fox13now.com,0.682023325409777,1,39,12,12,12,0.0,7.0,12.0,0,1,1
H3770,"Breaking: Cruise Ship with 1,300 Passengers Onboard Issues Mayday, Begins Evacuations",theepochtimes.com,0.262887244589731,1,39,12,12,12,2.0,6.0,11.0,0,0,1
H1229,"Hours after apology, Ilhan Omar retweets thread denouncing Pelosi, pushing Jewish money claims",washingtontimes.com,0.345472108057381,1,39,12,12,12,7.0,6.0,9.0,1,0,1
H2381,MSNBC’s Joe Scarborough: “If You Support Trump Then You’re Supporting Racism and You are Racist”,lifenews.com,0.192545226493423,1,39,12,12,12,12.0,8.0,11.0,1,1,1
H3730,"How to watch next week’s ‘Full Flower’ super blood moon, complete with lunar eclipse",wivb.com,0.602914694779855,1,39,12,12,12,0.0,0.0,10.0,0,0,1
H2671,Flu shot hoax admitted:,naturalnews.com,0.0,1,40,13,13,13,4.0,1.0,6.0,0,0,0
H0560,UK Denies Asylum To Christian Convert From Iran Because “Christianity Is Not Peaceful”,infowars.com,0.0458475179096454,1,40,13,13,13,10.0,9.0,9.0,1,1,1
H2303,55 Sentences That Will Convince You to Change Your Life – For Good!,awarenessact.com,0.0705539230341695,1,40,13,13,13,1.0,1.0,5.0,0,0,0
H3800,Isochronic Tones: The Young Cousin of Binaural Beats,gaia.com,0.075993329502495,1,40,13,13,13,2.0,2.0,8.0,0,0,1
H3542,"Trump's U.S. Ambassador Just Made It Clear, U.N. Will Be Held Responsible For Iran's Missile Test",conservativedailypost.com,0.124791324034711,1,40,13,13,13,9.0,3.0,11.0,1,0,1
H1705,Defense Intelligence Agency Employee Arrested Leaking Classified Information to NBC Reporter…,theconservativetreehouse.com,0.135066562651449,1,40,13,13,13,8.0,4.0,11.0,1,0,1
H2394,How to Grow This Aztec Superfood,mercola.com,0.174179298813923,1,40,13,13,13,0.0,1.0,8.0,0,0,1
H0368,"Here We Go: We All Knew It Was Coming, Democrats Move To Remove Trump From Office, First Up: Impeachment",illicitinfo.com,0.18930777672952,1,40,13,13,13,9.0,8.0,11.0,1,1,1
H3634,Racist Seahawks Player Protesting Anthem Just Made SICK Demand Of All Whites At His Games &#8902; Freedom Daily,freedomdaily.com,0.203534316423564,1,40,13,13,13,10.0,8.0,10.0,1,1,1
H0258,TRUMP SHOCKED: The Following 10 Democrat Counties Caught In Massive Voter Fraud,libertywriters.com,0.243485698471787,1,40,13,13,13,6.0,6.0,11.0,0,0,1
H1253,No More China Tech: 57 Million Credit Card Machines Likely Compromised,theepochtimes.com,0.262887244589731,1,40,13,13,13,6.0,5.0,7.0,0,0,1
H2053,A Lion Was Bored - Zookeeper Threw Him A Toy But Was Caught Completely Off Guard By Lion's Reaction,apost.com,0.295188567933851,1,40,13,13,13,1.0,2.0,8.0,0,0,1
H0035,"5,000-Year-Old Rock Painting Suggests a Nativity Scene 3,000 Years Before Jesus’ birth | Ancient Origins",ancient-origins.net,0.312475129451709,1,40,13,13,13,2.0,3.0,12.0,0,0,1
H0177,Border Patrol denies flu vaccine to detained kids days even after 3 kids died,shareblue.com,0.335857768068227,1,40,13,13,13,11.0,11.0,11.0,1,1,1
H1534,‘Did You Also Think I Was Going To Be a Chill Normal Dude?’ Elon Musk Makes History On Saturday Night Live,dailywire.com,0.357498144984751,1,40,13,13,13,2.0,2.0,9.0,0,0,1
H2313,Oprah Winfrey warns coronavirus is 'ravaging' the black community,dailymail.co.uk,0.383860647514719,1,40,13,13,13,10.0,12.0,13.0,1,1,1
H2974,Brazil: Over 200 Lawmakers Form Bloc to Defend Indigenous Rights Threatened by Bolsonaro,telesurenglish.net,0.401310838304637,1,40,13,13,13,8.0,8.0,9.0,1,1,1
H1826,Do We Really Have the Time and the Tools to Fix Climate Change?,truthout.org,0.448600038526601,1,40,13,13,13,2.0,2.0,11.0,0,0,1
H1663,Soldiers Break Into Epic Line Dance During Drill,upliftingtoday.com,0.461617317707271,1,40,13,13,13,2.0,2.0,9.0,0,0,1
H2248,"An asteroid barely missed Earth last week, and no one knew it was coming",livescience.com,0.475796155079278,1,40,13,13,13,3.0,4.0,10.0,0,0,1
H2911,San Diego County moves to most-restrictive purple tier,fox5sandiego.com,0.518656385101639,1,40,13,13,13,3.0,4.0,9.0,0,0,1
H0302,"Noam Chomsky: If Trump Support Drops, US May See ‘Staged Terrorist Attack’",theinvestigative.com,0.527910804255749,1,40,13,13,13,5.0,4.0,9.0,0,0,1
H2839,Durham Is Steadily Exposing the Real ‘Russia Collusion’ Scandal | National Review,nationalreview.com,0.573614730794166,1,40,13,13,13,6.0,5.0,9.0,0,0,1
H1761,Chiefs star to be honored in hometown of Allendale with “Bashaud Breeland Day”,wjbf.com,0.575169476761627,1,40,13,13,13,0.0,0.0,11.0,0,0,1
H3380,Carrot Cake Oreos Are Now Available And They’re The Cookies Of Dreams,unilad.co.uk,0.615885219031243,1,40,13,13,13,0.0,1.0,10.0,0,0,1
H2013,Tyler Perry flew to Georgia to vote after not receiving absentee ballot,thegrio.com,0.645653958637256,1,40,13,13,13,0.0,4.0,12.0,0,0,1
H1217,"FDA authorizes booster doses of Moderna and Johnson & Johnson vaccines, says mix and match OK FDA authorizes booster doses of Moderna and Johnson & Johnson vaccines, says mix and match OK",cnn.com,0.658031073873161,1,40,13,13,13,2.0,2.0,13.0,0,0,1
H0064,Alabama infant recovering after being forgotten in car for 12 hours,fox13now.com,0.682023325409777,1,40,13,13,13,3.0,10.0,11.0,0,1,1
H1934,"Little Richard, flamboyant rock ‘n’ roll pioneer, dead at 87",ky3.com,0.721400590316343,1,40,13,13,13,1.0,4.0,11.0,0,0,1
H1835,MISSING: Wilmington teen last seen June 8,wect.com,0.74917694799353,1,40,13,13,13,1.0,7.0,11.0,0,1,1
H3930,Hastings On Boil Advisory After E. Coli Found In Water,cbslocal.com,0.751190107612549,1,40,13,13,13,3.0,6.0,11.0,0,0,1
H3320,5-year-old child bitten in face by pit bull at PDX,katu.com,0.799546470406205,1,40,13,13,13,11.0,12.0,12.0,1,1,1
H0205,"Jets owner Woody Johnson accused of corruption, racism, sexism as U.S. Ambassador to U.K.: reports",nydailynews.com,0.807592058139583,1,40,13,13,13,11.0,4.0,10.0,1,0,1
H3187,'Growing from trauma': Man shot while walking Lady Gaga's dogs appeals for help online,nbcnews.com,0.843937401226111,1,40,13,13,13,4.0,12.0,10.0,0,1,1
H1276,El fin de los municipios,elnuevodia.com,0.863075188175384,1,40,12,12,13,1.0,3.0,3.0,0,0,0
H1463,'60 Minutes' to re-air story on Syrian refugees in response to Trump ban,thehill.com,0.898762408412433,1,40,13,13,13,10.0,9.0,12.0,1,1,1
H1887,EarthSky | Planetary lineup: See all 5 bright planets on June mornings,earthsky.org,0.908333401219804,1,40,13,13,13,1.0,0.0,10.0,0,0,1
H3002,Man Claims To Be Cop To Deputy During Domestic Dispute: Sheriff,patch.com,0.933491002134259,1,40,13,13,13,10.0,5.0,11.0,1,0,1
H1451,Teenager who disarmed Colorado school shooter is now a Marine,stripes.com,0.970705909096091,1,40,13,13,13,9.0,5.0,11.0,1,0,1
H2296,Auditors find no fraud in disputed New Hampshire election,apnews.com,0.998049167729267,1,40,13,13,13,2.0,2.0,13.0,0,0,1
H3253,"US birthright citizenship explained: What is it, how many people benefit",usatoday.com,0.901007708482031,1,40,13,13,13,2.0,2.0,11.0,0,0,1
H2081,Once Upon a Time Casts Tiana's Prince Naveen With Beyond's Jeff Pierre,tvline.com,0.512144769667757,1,40,13,13,13,2.0,2.0,13.0,0,0,1
H0004,"Mauree Turner to be 1st non-binary lawmaker in US, 1st Muslim legislator in Oklahoma - TheGrio",thegrio.com,0.645653958637256,1,40,13,13,13,0.0,1.0,12.0,0,0,1
H1939,"Astronomers: A comet fragment, not an asteroid, killed off the dinosaurs",arstechnica.com,0.946362498302995,1,40,13,13,13,5.0,11.0,11.0,0,1,1
H2446,82-year-old bodybuilder beats up man who broke into her home,independent.co.uk,0.734076864473315,1,40,13,13,13,12.0,11.0,11.0,1,1,1
H2713,"They tried to run, hit a cop car and then got busted with a lot of drugs, cops say",bradenton.com,0.696338859131346,1,40,13,13,13,10.0,7.0,11.0,1,1,1
H3394,CALLS GROW TO PROSECUTE JOHN BRENNAN after Existence of Clandestine CIA Asset in Top Level of Russian Government is Leaked,thegatewaypundit.com,0.109374585525566,1,40,13,13,13,7.0,7.0,10.0,1,1,1
H1308,Joe Biden's Tweet Welcoming Mike Pence to the White House 2 Days After the 2016 Election Re-Surfaces,secondnexus.com,0.460612497703407,1,40,13,13,13,2.0,2.0,10.0,0,0,1
H2037,Black Americans still face obstacles to voting at every step of the process,businessinsider.com,0.804965428527866,1,40,13,13,13,5.0,9.0,8.0,0,1,1
H3278,"Overnight leaf, snow removal begins in Syracuse – beware the beeping trucks at night",syracuse.com,0.940444469429823,1,40,13,13,13,3.0,2.0,11.0,0,0,1
H1224,FBI seeking to covertly create national DNA database that turns everyone into a suspect ... and you help create it if you use DNA analysis services,naturalnews.com,0.0,2,1,11,11,11,9.0,10.0,9.0,1,1,1
H1950,Rand Paul: Public Will ‘Live in Fear’ After Vault 7 Leaks » Alex Jones' Infowars: There's a war on for your mind!,infowars.com,0.0458475179096454,2,1,11,11,11,3.0,5.0,6.0,0,0,1
H3693,Someone Who Manipulates Feelings Through Guilt Is Not Loving You,awarenessact.com,0.0705539230341695,2,1,11,11,11,7.0,7.0,11.0,1,1,1
H0255,"Former ICE Director Calls For Criminal Prosecution of Sanctuary Cities, Calls Pelosi ""Disgusting""",welovetrump.com,0.0871406069110147,2,1,11,11,11,6.0,7.0,9.0,1,1,1
H0736,Mao Would be Proud: Next on Liberal's List for Destruction- Confederate Carvings at Stone Mountain Memorial,thegatewaypundit.com,0.109374585525566,2,1,11,11,11,8.0,6.0,11.0,1,1,1
H3810,Poll: Do You Think That Obama Has Done ANY Good For This Country During His Two Terms?,en-volve.com,0.126883146357792,2,1,11,11,11,1.0,1.0,10.0,0,0,1
H3395,Catholic Church Vows to Protect Pedophile Priests From the Law,neonnettle.com,0.155305152331377,2,1,11,11,11,11.0,6.0,11.0,1,1,1
H2854,"Oscars Celebrates Abortion, Honors Planned Parenthood CEO Cecile Richards",lifenews.com,0.192545226493423,2,1,11,11,11,1.0,1.0,10.0,0,0,1
H1683,Matt Gaetz: Biden's Run 'Looks Less Like a Presidential Campaign and More Like Elder Abuse',westernjournal.com,0.212942660560995,2,1,11,11,11,8.0,9.0,11.0,1,1,1
H2910,Obama Just Threatened Someone To Keep Something Top Secret,blackeyepolitics.com,0.234772051555315,2,1,11,11,11,10.0,7.0,10.0,1,1,1
H2108,Linda Sarsour’s Call For ‘Jihad’ Against Trump Is A Call For Treason,thefederalist.com,0.257333312407563,2,1,11,11,11,8.0,7.0,11.0,1,1,1
H0741,US Judge Blocks Biden COVID-19 Vaccine Mandate for Federal Contractors,newsmax.com,0.287207804375952,2,1,11,11,11,6.0,6.0,11.0,1,1,1
H1123,'I want to go right into the hurricane': MyPillow CEO Mike Lindell is NOT afraid to speak out about his faith,theblaze.com,0.319102558515008,2,1,11,11,11,1.0,1.0,11.0,0,0,1
H2404,Rudy Giuliani calls Joe Biden a ‘mentally deficient idiot’,washingtontimes.com,0.345472108057381,2,1,11,11,11,9.0,10.0,10.0,1,1,1
H1162,"The CDC Isn’t Publishing All The COVID Data It Collects, Report Says",dailywire.com,0.357498144984751,2,1,11,11,11,7.0,2.0,11.0,1,0,1
H0369,UCF QB McKenzie Milton Carted Off With Gruesome Dislocated Knee Suffered During Big Hit (VIDEO),dailysnark.com,0.397773157571401,2,1,11,11,11,1.0,9.0,10.0,0,1,1
H3867,Looks like Paul Ryan is capitalizing on Trump's ignorance to rush Obamacare repeal,dailykos.com,0.413735620185017,2,1,11,11,11,8.0,7.0,10.0,1,1,1
H2414,16-year-old teen singer Hannah Stone’s family sends out a sad message,ntd.tv,0.43614522152228,2,1,11,11,11,0.0,4.0,8.0,0,0,1
H1219,Democrats Are Working Hard To Cement Their Power,mikehuckabee.com,0.450186169514341,2,1,11,11,11,4.0,1.0,11.0,0,0,1
H1728,"Florida middle schoolers charged with plotting mass shooting had 'extensively studied' Columbine, sheriff says",fox10phoenix.com,0.479659730503063,2,1,11,11,11,11.0,4.0,11.0,1,0,1
H2894,"Police looking for armed, dangerous suspect accused of shooting juvenile",wsmv.com,0.509083333052541,2,1,11,11,11,9.0,10.0,11.0,1,1,1
H0857,U.S. Spies See a World of Trumps Ahead,thedailybeast.com,0.5381943988207,2,1,11,11,11,1.0,2.0,5.0,0,0,0
H2115,Japanese TV Reporter Worked Herself to Death After Clocking 159 Hours of Overtime in 1 Month,people.com,0.55408411231176,2,1,11,11,11,3.0,9.0,11.0,0,1,1
H1346,Padres Social Media Accounts Post and Delete Bizarre Eric Hosmer Messages,12up.com,0.594889248109946,2,1,11,11,11,3.0,3.0,8.0,0,0,1
H1582,Tim Burton Wants Johnny Depp To Play Gomez Addams On Netflix’s 'The Addams Family': Sources,shared.com,0.602914694779855,2,1,11,11,11,1.0,1.0,11.0,0,0,1
H0648,NOW HIRING: This company will pay you $100 to pet puppies,abc7.com,0.646796242304377,2,1,11,11,11,0.0,0.0,11.0,0,0,1
H0084,"Orthodox Jews start prayer protest outside OU office in New York, angered by its support for Trump",haaretz.com,0.671801281529131,2,1,11,11,11,7.0,7.0,11.0,1,1,1
H2197,Snowboarder dies at China Peak after falling head-first into deep powder,abc30.com,0.695942130393627,2,1,11,11,11,0.0,10.0,11.0,0,1,1
H2264,Sin agricultura y totalmente dependiente de EEUU: Así se hundió Puerto Rico en una deuda impagable,univision.com,0.717076812957865,2,1,11,11,11,2.0,3.0,3.0,0,0,0
H1071,"15+ Pics To Make You Ask 'But How, Tho?'",diply.com,0.748107719155852,2,1,11,11,11,0.0,0.0,3.0,0,0,0
H1792,Netflix's 'Last Chance U' Star Ronald Ollie Signs Deal With Raiders,complex.com,0.753641011616367,2,1,11,11,11,0.0,0.0,11.0,0,0,1
H3807,"Puerto Rico, en el purgatorio",elpais.com,0.791230028033304,2,1,11,11,11,0.0,1.0,1.0,0,0,0
H1870,How Much Coronavirus Stimulus Money Will Your College Get? Take a Look,chronicle.com,0.804965428527866,2,1,11,11,11,0.0,1.0,11.0,0,0,1
H3437,Larry Nassar's lawyer says she can't imagine he abused all those girls,nbcnews.com,0.843937401226111,2,1,11,11,11,9.0,11.0,11.0,1,1,1
H0980,Florida Dems use obscure law in last-ditch effort to call Legislature back for more school funding,tampabay.com,0.871941023611545,2,1,11,11,11,4.0,4.0,11.0,0,0,1
H2117,Chattanooga ranked among the best 100 places to live in America,timesfreepress.com,0.887271690952315,2,1,11,11,11,0.0,0.0,11.0,0,0,1
H1542,New Trier High School student killed walking along CTA track after falling on 3rd rail,abc7chicago.com,0.905571729093681,2,1,11,11,11,3.0,11.0,11.0,0,1,1
H2560,Hazardous Weather Outlook Extended To Sunday For Connecticut,patch.com,0.933491002134259,2,1,11,11,11,1.0,1.0,10.0,0,0,1
H3178,Officer in George Floyd killing confronted at Cub Foods in viral video,bringmethenews.com,0.950669426837722,2,1,11,11,11,11.0,11.0,11.0,1,1,1
H3858,Biden threatens sanctions on Myanmar after military coup,apnews.com,0.998049167729267,2,1,11,11,11,10.0,9.0,11.0,1,1,1
H3152,Starbucks Launches a Strawberry Funnel Cake Frappuccino Topped with Actual Pieces of Fried Dough,people.com,0.55408411231176,2,1,11,11,11,1.0,1.0,11.0,0,0,1
H2581,Exposing the Reincarnation Deception: Your Soul is Enslaved | Humans Are Free,humansarefree.com,0.0572211982440859,2,1,11,11,11,2.0,3.0,7.0,0,0,1
H2654,SHOCK as Trump signs executive order that will end most regulations and oversight on genetically engineered food,naturalnews.com,0.0,2,1,11,11,11,8.0,4.0,11.0,1,0,1
H3911,"Country Music Star Hits No. 1 On iTunes With Patriotic, Anti-Woke Song",analyzingamerica.org,0.334544111691153,2,1,11,11,11,1.0,1.0,11.0,0,0,1
H0457,Teen injured in Corrigan two-vehicle wreck,ktre.com,0.781713167215243,2,1,11,11,11,1.0,10.0,11.0,0,1,1
H2952,Trumping the chump? Exposing Trump as the greatest fraud on Earth - NationofChange,nationofchange.org,0.643357398639892,2,1,11,11,11,8.0,5.0,9.0,1,0,1
H2745,72 Bombs a Day - How the U.S. Spreads Democracy and Freedom,wakingtimes.com,0.0901725391626428,2,1,11,11,11,6.0,2.0,7.0,1,0,1
H3859,Turkish protesters: 'Jerusalem is ours and will remain so',israelnationalnews.com,0.724228111218867,2,1,11,11,11,3.0,4.0,11.0,0,0,1
H3017,"Father, girlfriend guilty of felonious assault in connection to death of 3-year-old boy in Marion",10tv.com,0.871438754060439,2,1,11,11,11,10.0,10.0,9.0,1,1,1
H2208,Disney Has Been Keeping A Secret Known As ‘A113′ And It’s In 100′s of Their Movie,worldtruth.tv,0.017643643892146,2,2,11,11,11,3.0,2.0,6.0,0,0,1
H3613,Sean Hannity: Mueller And His Band Of Witch-Hunters Need To Be Disbanded » Alex Jones' Infowars: There's a war on for your mind!,infowars.com,0.0458475179096454,2,2,11,11,11,7.0,3.0,5.0,1,0,0
H3974,The ‘Wood Wide Web’ – How Tree’s Secretly Talk And Connect With Each Other,awarenessact.com,0.0705539230341695,2,2,11,11,11,2.0,1.0,7.0,0,0,1
H3677,"Chairwoman Maxine Waters Finds Herself In Hot Water After Calling For President Donald Trump To 'Be Quiet,' And 'Shut His Mouth' Over Coronavirus Response",explainlife.com,0.0866873538647112,2,2,11,11,11,4.0,4.0,9.0,0,0,1
H2133,IT WAS ALL A LIE: Congress Was Evacuated on Jan. 6 Due to Pipe Bomb Threat -- Not Because of Trump Supporters Walking Halls,thegatewaypundit.com,0.109374585525566,2,2,11,11,11,6.0,8.0,9.0,1,1,1
H0961,"‘Too Big to Fail’: Russia-gate One Year After VIPS Showed a Leak, Not a Hack",theduran.com,0.125553828241878,2,2,11,11,11,5.0,4.0,9.0,0,0,1
H2677,"Situation Update – Calls grow for Insurrection Act, window of opportunity Dec. 18th – 24th - DC Clothesline",dcclothesline.com,0.154243582961425,2,2,11,11,11,1.0,2.0,6.0,0,0,1
H1988,Confessions of an Almost Never-Trumper | The Stream,stream.org,0.19182858319629,2,2,11,11,11,1.0,1.0,5.0,0,0,0
H0207,Maxine Waters Confronted By Black Trump Supporter Outside Her Office [Video] * 100percentfedUp.com,100percentfedup.com,0.21938033253327,2,2,11,11,11,8.0,8.0,10.0,1,1,1
H3883,Sarah Sanders Hits CNN Where It Hurts!,greatamericanrepublic.com,0.249654553943354,2,2,11,11,11,6.0,4.0,6.0,1,0,1
H0400,Biden's COVID-19 Vaccine Mandate for Federal Workers Blocked Nationwide,theepochtimes.com,0.262887244589731,2,2,11,11,11,5.0,5.0,10.0,0,0,1
H2364,AOC Demands Democrats 'Expand The Court' After Amy Coney Barrett Confirmed,thepoliticalinsider.com,0.275564764275463,2,2,11,11,11,5.0,4.0,8.0,0,0,1
H2110,"Dallas salon owner sentenced to 7 days in jail, hit with thousands in fines for refusing to close",theblaze.com,0.319102558515008,2,2,11,11,11,3.0,4.0,10.0,0,0,1
H2196,Terror plots against U.S. planned by foreign nationals in seven countries on Trump’s ban list,washingtontimes.com,0.345472108057381,2,2,11,11,11,8.0,7.0,10.0,1,1,1
H0899,"Biden’s Niece, Who Previously Avoided Jail After Stealing $110K, Avoids Jail Again In DUI Case",dailywire.com,0.357498144984751,2,2,11,11,11,6.0,1.0,9.0,1,0,1
H3413,Cat and meerkat who are best-friend go viral with unlikely bond,dailymail.co.uk,0.383860647514719,2,2,11,11,11,0.0,1.0,8.0,0,0,1
H2174,Egypt bans yellow vest sales as French protesters reject Macron’s concessions,wsws.org,0.420756841985441,2,2,11,11,11,7.0,8.0,5.0,1,1,0
H0997,Powerful 7.3 Magnitude Earthquake Rocks Venezuela,ntd.tv,0.43614522152228,2,2,11,11,11,4.0,6.0,10.0,0,1,1
H1393,Michael Moore’s Anti-Trump Film Bombs At The Box Office. The Numbers Are Horrific,dailycaller.com,0.469965661505635,2,2,11,11,11,2.0,1.0,8.0,0,0,1
H2301,Poland's Most Powerful Politician Calling for a FULL BAN on Islamic Migrants,truthfeed.com,0.493357374774002,2,2,11,11,11,8.0,8.0,9.0,1,1,1
H3641,Activate Your Prayer Warrior,charismamag.com,0.501996362820317,2,2,11,11,11,1.0,1.0,5.0,0,0,0
H0897,"California must push against 'blue wall,' son of Rev. Billy Graham says",foxnews.com,0.534260962262195,2,2,11,11,11,3.0,3.0,5.0,0,0,0
H1486,Marine awarded Purple Heart 16 years after being wounded in Fallujah,marinecorpstimes.com,0.57152549470152,2,2,11,11,11,1.0,4.0,10.0,0,0,1
H3931,Proposed Changes to WV Medical Marijuana Law,wowktv.com,0.583131563726547,2,2,11,11,11,1.0,0.0,7.0,0,0,1
H3636,'Ally's Wish' grants wishes to terminally ill mothers,fox4news.com,0.602914694779855,2,2,11,11,11,0.0,3.0,8.0,0,0,1
H2519,"Doug Jones on Joe and Hunter Biden investigation: 'We cannot go around trying to investigate every perceived enemy of the president, especially this president' - Yellowhammer News",yellowhammernews.com,0.649540544867464,2,2,11,11,11,3.0,3.0,7.0,0,0,1
H3012,Angry Greta Thunberg tells global leaders she 'will never forgive' them for failing on climate change,cnn.com,0.658031073873161,2,2,11,11,11,4.0,3.0,9.0,0,0,1
H3092,Iowa preschooler wrote own obituary before dying of rare cancer,whnt.com,0.697932981558208,2,2,11,11,11,4.0,6.0,10.0,0,1,1
H3022,8 Facts About The Abortion Pill To Clear Up All The Confusion,self.com,0.711868322493582,2,2,11,11,11,0.0,1.0,7.0,0,0,1
H1195,Search continues for missing Harrison County man,wtov9.com,0.726672793085731,2,2,11,11,11,0.0,5.0,9.0,0,0,1
H1109,CDC Releases Guidance for Voting in November's Elections,aarp.org,0.773408289471493,2,2,11,11,11,1.0,1.0,8.0,0,0,1
H3069,The Internet Reacts To The Ghost In The Shell's Full-3D Anime Style,kotaku.com,0.796667623537208,2,2,11,11,11,2.0,1.0,8.0,0,0,1
H3612,"Dr. Fauci is still the most trusted leader in America on the coronavirus, while Trump and Jared Kushner are in last place",businessinsider.com,0.804965428527866,2,2,11,11,11,3.0,3.0,9.0,0,0,1
H1155,2019 Tax Changes: Everything You Need to Know -- The Motley Fool,fool.com,0.843301206986885,2,2,11,11,11,0.0,0.0,9.0,0,0,1
H0878,What Happens When You’re Disabled but Nobody Can Tell,nytimes.com,0.858776290720608,2,2,11,11,11,0.0,5.0,8.0,0,0,1
H3226,"High school valedictorian's graduation speech blasting 'unavailable' staff, drunk teacher goes viral",thehill.com,0.898762408412433,2,2,11,11,11,8.0,8.0,10.0,1,1,1
H1006,"Mendocino fire, the biggest ever in California, is still growing",usatoday.com,0.901007708482031,2,2,11,11,11,4.0,6.0,10.0,0,1,1
H0499,Tocilizumab in Patients Hospitalized with Covid-19 Pneumonia | NEJM,nejm.org,0.944319163489942,2,2,11,11,11,4.0,4.0,7.0,0,0,1
H0334,Memory Lapse or Dementia? 5 Clues to Help Tell the Difference,hopkinsmedicine.org,0.956072309009315,2,2,11,11,11,2.0,0.0,8.0,0,0,1
H2032,Exclusive: Trump signs order banning transactions with eight Chinese apps including Alipay,reuters.com,1.0,2,2,11,11,11,6.0,4.0,9.0,1,0,1
H1600,"North Las Vegas mayor leaves Dems to join GOP, says he 'can't stand' with socialists",foxnews.com,0.534260962262195,2,2,11,11,11,5.0,5.0,9.0,0,0,1
H1485,South Bend market closed after inspectors say they find live rats,southbendtribune.com,0.91841466496127,2,2,11,11,11,5.0,3.0,9.0,0,0,1
H1147,"Trump Comes Out Fighting for Israel, Makes MASSIVE Move That Will Piss Off Every Liberal [Details]",ilovemyfreedom.org,0.167993938241521,2,2,11,11,11,6.0,5.0,8.0,1,0,1
H0596,Trump Administration Once Again Lifts Elephant Trophy Ban,nbcchicago.com,0.552615688445823,2,2,11,11,11,6.0,6.0,10.0,1,1,1
H1271,"Tucker Carlson Points Finger At This Group For Charlottesville Disaster, Asks Brilliant Question",rightalerts.com,0.192277392514892,2,2,11,11,11,4.0,3.0,6.0,0,0,1
H2488,98 Year Old Mom Moves To Nursing Home To Look After 80-Year-Old Son | News Break,newsbreak.com,0.411188765089231,2,2,11,11,11,2.0,3.0,11.0,0,0,1
H3855,Sheriff: Baldwin fired shot on movie set that killed woman,apnews.com,0.998049167729267,2,2,11,11,11,9.0,10.0,11.0,1,1,1
H1559,Another Drag Queen Story Hour Pervert Exposed As A Convicted Pedophile and Transgender Prostitute - Why Are Public Schools Subjecting Our Children to These Deviants?,humansarefree.com,0.0572211982440859,2,2,11,11,11,4.0,6.0,10.0,0,1,1
H2820,Trump’s China Trade Deal Will Make Us All Poorer,forbes.com,0.829500343762818,2,2,11,11,11,8.0,9.0,9.0,1,1,1
H2959,NASA gives thumbs up to use of colloidal silver as antibiotic in space; FDA has no jurisdiction in high orbit,naturalnews.com,0.0,2,3,11,11,11,1.0,0.0,8.0,0,0,1
H1505,Biden Wants to Obliterate Suburbs With Radical Housing Plan That Restricts Single-Family Homes,infowars.com,0.0458475179096454,2,3,11,11,11,7.0,3.0,7.0,1,0,1
H1822,Trail of Dead Bodies Leading To Obama's White House Worse Than Hillary's (Video) | Politics,beforeitsnews.com,0.0560036536327054,2,3,11,11,11,5.0,6.0,6.0,0,1,1
H0281,Report: FBI Accidentally Deleted 5 Months of Texts Between Agents Who Made Anti-Trump Comments,americanjournalreview.com,0.0878375859873984,2,3,11,11,11,6.0,5.0,8.0,1,0,1
H0107,WATCH: Fleet Of Floating Crafts Caught On Google Earth Off The Coast Of Florida And Elsewhere,disclose.tv,0.108523007938914,2,3,11,11,11,1.0,1.0,8.0,0,0,1
H0541,This CNN Anchor’s Career is OVER After The DISGUSTING Thing he Tweeted About President Trump! | enVolve,en-volve.com,0.126883146357792,2,3,11,11,11,8.0,8.0,8.0,1,1,1
H0674,"German Raid Was Real, CIA Kept Out Of The Loop",rumble.com,0.162505504571073,2,3,11,11,11,1.0,3.0,5.0,0,0,0
H1314,Obama Becomes First Nobel Peace Prize Winner To Bomb 7 Countries,yournewswire.com,0.175670672284646,2,3,11,11,11,7.0,6.0,9.0,1,1,1
H3250,CT Poll: Do you believe James Comey will be prosecuted for illegally spying on Trump?,westernjournal.com,0.212942660560995,2,3,11,11,11,8.0,8.0,7.0,1,1,1
H1704,SPLC Slams Trump's Terror Designation of Antifa as 'Dangerous and Unjust' as America Burns,pjmedia.com,0.225278100615081,2,3,11,11,11,5.0,6.0,7.0,0,1,1
H1252,"Sen. Johnson Seeks to Subpoena Brennan, Clapper, Comey, Rice, Dozens More",thefederalistpapers.org,0.251152108890861,2,3,11,11,11,2.0,3.0,6.0,0,0,1
H2478,Disney Brands ‘The Muppet Show’ with ‘Offensive Content’ Label,cnsnews.com,0.278393927329055,2,3,11,11,11,2.0,2.0,8.0,0,0,1
H3795,Video: Michael Moore has a Plan to Block President Trump's Supreme Court Pick. It's Pathetic...,louderwithcrowder.com,0.311310547480834,2,3,11,11,11,7.0,8.0,9.0,1,1,1
H0175,BREAKING! Roy Moore’s Accuser Worked for Democratic Leaders and Is Actively Campaigning for Moore’s Opponent ⋆ Activist Mommy,activistmommy.com,0.336766508464226,2,3,11,11,11,7.0,7.0,9.0,1,1,1
H1255,Bank closes down Donald Trump's accounts in wake of his incitement of U.S. Capitol attack - Palmer Report,palmerreport.com,0.360703012753001,2,3,11,11,11,6.0,6.0,10.0,1,1,1
H3578,CrossFit Added To Cult Watchlist | The Babylon Bee,babylonbee.com,0.386461021828994,2,3,11,11,11,3.0,1.0,5.0,0,0,0
H3989,"Trump Doesn’t Hold Back, Absolutely Destroys Democrat Party In Orlando Speech",governorpalin.org,0.417382176274999,2,3,11,11,11,4.0,5.0,7.0,0,0,1
H0607,Angels & Entities: You Are More Protected Than You Think - Conscious Reminder,consciousreminder.com,0.444827097925482,2,3,11,11,11,1.0,2.0,6.0,0,0,1
H0934,REPORT: The DNC Wants Phone Companies To Police Text Messages For Vaccine Misinformation,dailycaller.com,0.469965661505635,2,3,11,11,11,1.0,2.0,9.0,0,0,1
H0309,Is Luz Cabrera going to be the next Maxim Cover Girl?,maxim.com,0.485752746626203,2,3,11,11,11,2.0,2.0,6.0,0,0,1
H1688,No Swimming at a couple of Custer State Park lakes,kotatv.com,0.507026243676643,2,3,11,11,11,2.0,1.0,10.0,0,0,1
H1875,National Park Service abandons plan to increase entrance fees after public backlash,foxnews.com,0.534260962262195,2,3,11,11,11,3.0,3.0,9.0,0,0,1
H2213,MISSING: North Carolina woman disappears from hospital,crimeonline.com,0.56384869038912,2,3,11,11,11,0.0,4.0,9.0,0,0,1
H2077,‘Mighty Ducks’ star Shaun Weiss arrested for meth-related charges,leoaffairs.com,0.588614906007047,2,3,11,11,11,5.0,2.0,7.0,0,0,1
H0875,"Happening now in Tyler, TX, United States",change.org,0.619205572780572,2,3,11,11,11,1.0,0.0,3.0,0,0,0
H0917,Hotels and casinos along the Las Vegas Strip are closing their doors due to coronavirus,theweek.com,0.639426986322585,2,3,11,11,11,3.0,2.0,10.0,0,0,1
H1079,Man Shot in Car: Man found shot to death inside car in east Charlotte neighborhood,wsoctv.com,0.656298072696851,2,3,11,11,11,1.0,9.0,10.0,0,1,1
H0037,"No, Facebook Did Not Panic and Shut Down an AI Program That Was Getting Dangerously Smart",gizmodo.com,0.695696656457309,2,3,11,11,11,2.0,2.0,6.0,0,0,1
H0996,"""Los piojos me cambiaron la vida"": Ecuatoriana gana miles de dólares sacando piojos en NYC",univision.com,0.717076812957865,2,3,11,11,11,0.0,1.0,2.0,0,0,0
H0784,"Black Enterprise’s “Teenpreneur of the Year,” Moziah Bridges, Lands NBA Mega Deal",blackenterprise.com,0.732989007998228,2,3,11,11,11,1.0,1.0,7.0,0,0,1
H1544,Clever Paper Cutouts Will Change the Way You Look at Famous Landmarks From Around the World - Creators,vice.com,0.754994791293065,2,3,11,11,11,1.0,1.0,6.0,0,0,1
H3503,3 Young Girls Step Onstage In Hats. Dance Moves Have Internet Dying Of Laughter Moments Later,shareably.net,0.785213966851439,2,3,11,11,11,1.0,3.0,7.0,0,0,1
H3796,Florida Sheriff Arrested for Ordering Illegal Arrest of His Mistress [Video] | lovebscott.com,lovebscott.com,0.814498454489221,2,3,11,11,11,9.0,9.0,10.0,1,1,1
H3314,"Tesla Pauses Hiring as Musk Aims for 10% Staff Cut, Reuters Says",bloomberg.com,0.840147313769099,2,3,11,11,11,5.0,6.0,8.0,0,1,1
H3319,Michael Irvin describes DeAndre Hopkins-Bill O'Brien feud before trade,chron.com,0.863994233254233,2,3,11,11,11,2.0,2.0,7.0,0,0,1
H3165,"Arlington, Texas police officer shoots, kills woman while firing at loose dog",cbsnews.com,0.879618721504846,2,3,11,11,11,8.0,9.0,9.0,1,1,1
H0762,U.S. 'wasted' months before preparing for virus pandemic,kmov.com,0.907222206976868,2,3,11,11,11,4.0,1.0,7.0,0,0,1
H2005,Bear Scare: Search For Midnight Snack Prompts 911 Call,patch.com,0.933491002134259,2,3,11,11,11,2.0,2.0,7.0,0,0,1
H1117,"We have a pretty clear idea when your $1,400 stimulus check could arrive: 2 timelines",cnet.com,0.951854977853014,2,3,11,11,11,1.0,2.0,6.0,0,0,1
H0806,Trump posts unedited '60 Minutes' interview before it airs,apnews.com,0.998049167729267,2,3,11,11,11,2.0,2.0,8.0,0,0,1
H1176,VIDEO: Here's how RONALD REAGAN dealt with Berkeley protestors,ilovemyfreedom.org,0.167993938241521,2,3,11,11,11,4.0,3.0,6.0,0,0,1
H0085,‘Now I know why they shoot them’: Texas fisherman lands 8-foot halibut near Kodiak Island,adn.com,0.832013374550091,2,3,11,11,11,4.0,6.0,8.0,0,1,1
H1058,Joss Whedon was never a feminist,avclub.com,0.81633964127538,2,3,11,11,11,2.0,3.0,8.0,0,0,1
H2020,Pregnant Workers Should Not Be Forced to Endanger Their Babies' Health,truthout.org,0.448600038526601,2,3,11,11,11,2.0,6.0,7.0,0,1,1
H1716,South African Doc Who Discovered Omicron Variant Says the 'Hype' Is Unwarranted,redstate.com,0.245895808935139,2,3,11,11,11,1.0,1.0,8.0,0,0,1
H0820,Guatajaca Dam Fails in Puerto Rico After Hurricane Maria,weathernationtv.com,0.562398059016523,2,3,11,11,11,2.0,2.0,9.0,0,0,1
H0203,Trump goes off on angry Twitter rant at ‘so-called’ federal judge who halted his travel ban order,rawstory.com,0.461914938868004,2,3,11,11,11,7.0,7.0,10.0,1,1,1
H0559,Foster boy left with burns all over his body fights his way back to life and finally gets adopted 7 years later,newsner.com,0.544924636085396,2,3,11,11,11,2.0,8.0,9.0,0,1,1
H3181,"Global System Collapse: Genes and ""Human Nature"" Are Not the Cause of ""World Chaos"" - Global Research",globalresearch.ca,0.176169765597604,2,3,11,11,11,2.0,1.0,7.0,0,0,1
H3308,Suspect arrested in Sunday night murder on Victoria Drive,wbrz.com,0.680434697850024,2,3,11,11,11,8.0,5.0,10.0,1,0,1
H1238,"Selenium in broccoli and garlic boosts immune system, could help fight cancer",naturalnews.com,0.0,2,4,12,12,12,4.0,2.0,12.0,0,0,1
H3729,Japan Fears Trump Will Attack North Korea After Latest Nuke Test » Alex Jones' Infowars: There's a war on for your mind!,infowars.com,0.0458475179096454,2,4,12,12,12,6.0,6.0,10.0,0,0,1
H1128,Why The Universe Sends The ‘Right People’ Into Our Lives,awarenessact.com,0.0705539230341695,2,4,12,12,12,0.0,1.0,8.0,0,0,1
H1444,Impeachment 2.0? Schumer Unveils New Investigation Into Trump For Absurd Reason,explainlife.com,0.0866873538647112,2,4,12,12,12,9.0,8.0,12.0,1,1,1
H3268,"""Where Am I Going?"" A Confused Joe Biden Looks For His Handler After He Concludes Short Speech at Florida Senior Center (VIDEO)",thegatewaypundit.com,0.109374585525566,2,4,12,12,12,2.0,4.0,11.0,0,0,1
H1565,Report: Then-VP Joe Biden Met with Hunter Biden’s Foreign Business Associates | DJHJ Media,djhjmedia.com,0.129014666189983,2,4,12,12,12,1.0,0.0,9.0,0,0,1
H2817,"Angry mother reveals that photo of her dead daughter, who died 4 years ago, is being used in Manchester attack",dcclothesline.com,0.154243582961425,2,4,12,12,12,4.0,12.0,10.0,0,1,1
H0564,Soaring through the roof: Vaccine deaths skyrocket,wnd.com,0.192160019649149,2,4,12,12,12,5.0,4.0,12.0,0,0,1
H0150,"Keystone XL Isn't Dead - Multiple States Move to Force Pipeline Down Biden, Democrats' Throats",westernjournal.com,0.212942660560995,2,4,12,12,12,7.0,7.0,10.0,1,1,1
H2934,"How To Say ""NO"" Without Apologizing",higherperspectives.com,0.240642549259844,2,4,12,12,12,0.0,1.0,11.0,0,0,1
H0880,TSA Agents Can Now Grope Travelers Without Fear Of Pesky Lawsuits,zerohedge.com,0.272420899604219,2,4,12,12,12,9.0,10.0,12.0,1,1,1
H3267,Mueller Probe Cost Almost $7 Million in Less Than 6 Months,breitbart.com,0.297175368438483,2,4,12,12,12,1.0,1.0,10.0,0,0,1
H2545,A Man Spent 25 Years Alone Wandering Around The Deserts Of Northern New Mexico. It Will Blow Your Mind When You See What He Did There!,wikr.com,0.303675923037813,2,4,12,12,12,0.0,0.0,6.0,0,0,0
H3907,"A Simple Tweet From Musk Crushes NBC, Hunter Biden, Matt Lauer and Harvey Weinstein — All At Once",analyzingamerica.org,0.334544111691153,2,4,12,12,12,9.0,9.0,11.0,1,1,1
H2889,The real reason Donald Trump just went berserk about Paul Manafort,palmerreport.com,0.360703012753001,2,4,12,12,12,6.0,5.0,7.0,0,0,1
H0704,This Hyderabad-Based Professor Made Petrol From Plastic And Is Selling It For Rs 40 Per Litre,indiatimes.com,0.388110480003998,2,4,12,12,12,0.0,1.0,10.0,0,0,1
H3675,Voter Rolls Continue to Show Registered Non-citizens,thenewamerican.com,0.410760615388774,2,4,12,12,12,3.0,2.0,12.0,0,0,1
H3156,Ralph Nader: Democrats may be surrendering the rule of law,alternet.org,0.42818441506045,2,4,12,12,12,3.0,3.0,6.0,0,0,0
H1242,Anne Hathaway apologizes for ‘The Witches’ disability controversy,pagesix.com,0.457488327780295,2,4,12,12,12,5.0,2.0,9.0,0,0,1
H3950,Emma Thompson Explains Why She Refused to Work With Alleged Sexual Harasser And Former Pixar Animator,jezebel.com,0.493729304201801,2,4,12,12,12,10.0,10.0,12.0,1,1,1
H2810,Pasco County recommends evacuations for some residents,fox13news.com,0.509941076749434,2,4,12,12,12,1.0,6.0,8.0,0,0,1
H2622,PURR-FECT ENDING: Bengals rallied from 18 points down to stun the Chiefs and advance to Super Bowl with overtime win,foxnews.com,0.534260962262195,2,4,12,12,12,1.0,3.0,12.0,0,0,1
H0979,Minnesota and Vermont just classified grocery clerks are emergency workers. This should be nationwide.,good.is,0.558672353307134,2,4,12,12,12,0.0,2.0,10.0,0,0,1
H0590,"Sen. Cruz not happy with Google: ""Big Tech has made a conscious decision that they are not going to be neutral public forums by actively censoring, shadow banning, and silencing the voices of those with whom they disagree""",redstateobserver.com,0.575959326919546,2,4,12,12,12,8.0,9.0,11.0,1,1,1
H2063,Look up tonight to catch a glimpse of the Strawberry Moon,wbtw.com,0.601952330135495,2,4,12,12,12,0.0,0.0,10.0,0,0,1
H3698,"'Harry Potter' coaster to go 50 mph forward, backward through forest",clickorlando.com,0.642734546051654,2,4,12,12,12,0.0,0.0,10.0,0,0,1
H0551,"IRS mails letters to 270,590 Michigan residents to check eligibility for Economic Impact Payment",wxyz.com,0.655830966765023,2,4,12,12,12,0.0,1.0,12.0,0,0,1
H0909,"Mother, son found dead in Howell in suspected murder-suicide",livingstondaily.com,0.683819733869346,2,4,12,12,12,3.0,9.0,11.0,0,1,1
H2793,How the End Sars protests have changed Nigeria forever,bbc.co.uk,0.718306150148359,2,4,12,12,12,3.0,3.0,10.0,0,0,1
H3132,Family and friends search for missing Chesapeake man Brett Akers,wavy.com,0.728818598953096,2,4,12,12,12,1.0,9.0,12.0,0,1,1
H2424,Day care workers charged after kids allegedly given Melatonin Gummy Bears,6abc.com,0.768853057630876,2,4,12,12,12,12.0,12.0,12.0,1,1,1
H2543,Army field hospital leaves Seattle after 9 days. It never saw a patient,kuow.org,0.799029996866919,2,4,12,12,12,0.0,1.0,8.0,0,0,1
H3972,Trump says Republicans could have kept the White House if Mitch McConnell and Kevin McCarthy had 'fought harder',businessinsider.com,0.804965428527866,2,4,12,12,12,7.0,7.0,12.0,1,1,1
H1441,Jefferson Co. Sheriff searching for suspect of possible child abduction,wibw.com,0.843507551082131,2,4,12,12,12,8.0,9.0,12.0,1,1,1
H0883,Californians Can Now Legally Change Genders as New Law Goes Into Effect,ktla.com,0.854788060655499,2,4,12,12,12,0.0,1.0,11.0,0,0,1
H3130,"Drone development should focus on social good first, says UK report",techcrunch.com,0.885848003727468,2,4,12,12,12,2.0,1.0,10.0,0,0,1
H3695,President Trump: Maybe my 'fire and fury' threats against North Korea weren't tough enough,usatoday.com,0.901007708482031,2,4,12,12,12,7.0,5.0,10.0,1,0,1
H2283,3 Charts That Show What's Actually Happening Along The Southern Border,npr.org,0.930525246755544,2,4,12,12,12,0.0,0.0,8.0,0,0,1
H3980,Chinese restaurant on Lake Street to close after 40 years,bringmethenews.com,0.950669426837722,2,4,12,12,12,1.0,4.0,11.0,0,0,1
H0708,Louisiana police boss says he's open to federal oversight,apnews.com,0.998049167729267,2,4,12,12,12,1.0,1.0,7.0,0,0,1
H3979,PELOSI RESPONDS: Nancy Pelosi Responds to President Trump's Immigration Compromise | Sean Hannity,hannity.com,0.26091281309063,2,4,12,12,12,3.0,3.0,9.0,0,0,1
H0030,"Illinois State Police, MoDOT issue snow travel advisory",bnd.com,0.879015340541404,2,4,12,12,12,0.0,1.0,12.0,0,0,1
H3229,NBC: Patriots owner Robert Kraft charged with soliciting prostitution,wavy.com,0.728818598953096,2,4,12,12,12,10.0,2.0,12.0,1,0,1
H2146,Dog kisses shark during boat trip off the coast of Australia,foxnews.com,0.534260962262195,2,4,12,12,12,1.0,1.0,10.0,0,0,1
H2849,YouTube Censors Viral Video of Doctors Criticizing ‘Stay-at-Home’ Order,infowars.com,0.0458475179096454,2,4,12,12,12,9.0,8.0,11.0,1,1,1
H1085,"Former Sen. Tom Coburn dies, Washington’s top wastewatcher, dead at 72",washingtontimes.com,0.345472108057381,2,4,12,12,12,1.0,5.0,12.0,0,0,1
H2189,Five new websites to bookmark for the coming collapse – NaturalNews.com,naturalnews.com,0.0,2,4,12,12,12,0.0,1.0,7.0,0,0,1
H0249,"Cohen Testimony: No Evidence of Trump Colluding with Russia, But Lots of Dirt",westernjournal.com,0.212942660560995,2,4,12,12,12,5.0,1.0,9.0,0,0,1
H0066,"Anti-Fascists Say They Are Protecting Communities From Right-Wing Violence, Not Fomenting ""Terror""",truthout.org,0.448600038526601,2,4,12,12,12,6.0,7.0,10.0,0,1,1
H0783,Deluded Liberal Offers Nasty Plan To “Deal” With Senior Citizens - World News Politics,worldnewspolitics.com,0.0901558716143552,2,4,12,12,12,11.0,12.0,8.0,1,1,1
H1680,BUSTED: The EPA spent millions in taxpayer dollars to push climate change propaganda via social media,naturalnews.com,0.0,2,5,10,10,10,8.0,5.0,10.0,1,0,1
H2825,Breaking! Trump Has Officially Killed MSM/Fake News » Alex Jones' Infowars: There's a war on for your mind!,infowars.com,0.0458475179096454,2,5,10,10,10,8.0,7.0,9.0,1,1,1
H2485,"Cell phones definitely cause brain tumors, Italian court rules",newstarget.com,0.0723314494829261,2,5,10,10,10,7.0,3.0,10.0,1,0,1
H1438,Texas Mother To Force Healthy 6-Yr-Old Son To Undergo Chemical Castration,explainlife.com,0.0866873538647112,2,5,10,10,10,9.0,10.0,9.0,1,1,1
H1178,Psaki Confirms Joe Biden is Giving Illegal Aliens Free (Taxpayer-Funded) Smartphones (VIDEO),thegatewaypundit.com,0.109374585525566,2,5,10,10,10,5.0,3.0,9.0,0,0,1
H0841,Nick Sandmann to Speak at Republican National Convention,djhjmedia.com,0.129014666189983,2,5,10,10,10,1.0,1.0,10.0,0,0,1
H2981,BREAKING: Tammy Baldwin Votes NO on Brett Kavanaugh - SHAME!,secondamendmentdaily.com,0.162848035553843,2,5,10,10,10,5.0,4.0,9.0,0,0,1
H1650,@DineshDSouza - DineshDSouza - Does it really make sense to say we have a free...,parler.com,0.198773136735254,2,5,10,10,10,1.0,2.0,3.0,0,0,0
H0896,Religious Freedom Victory: Rugby Star Fired for Posting Bible Verse Wins Court Battle,westernjournal.com,0.212942660560995,2,5,10,10,10,3.0,8.0,9.0,0,1,1
H2078,Do you need a Miracle?  Click to watch this video prayer to Jesus…,jesusdaily.com,0.236516562472387,2,5,10,10,10,1.0,3.0,8.0,0,0,1
H3261,BREAKING: After Firing Kathy Griffin CNN Got Horrible News,redstatewatcher.com,0.250832108016935,2,5,10,10,10,3.0,7.0,8.0,0,1,1
H2655,REPORT: Illegals Using Nefarious Tactic When Seeking Asylum,thepoliticalinsider.com,0.275564764275463,2,5,10,10,10,7.0,2.0,9.0,1,0,1
H2195,Eight sex offenders — including 3 child rapists — released in NY Gov. Cuomo’s coronavirus jailbreak,theblaze.com,0.319102558515008,2,5,10,10,10,6.0,3.0,10.0,1,0,1
H1819,A Bigger Caravan Is Reportedly Coming From Honduras Next Month,thelibertyeagle.com,0.344625461871256,2,5,10,10,10,1.0,1.0,10.0,0,0,1
H1488,"Mainstream Media Gave Kavanaugh’s Accuser Substantial Coverage, Ignore Biden’s Accuser",dailywire.com,0.357498144984751,2,5,10,10,10,7.0,6.0,8.0,1,1,1
H2464,"Random Guy Shows Up To Steelers Practice In Full Pads, Says He Wants To Guard Antonio Brown (VIDEO)",dailysnark.com,0.397773157571401,2,5,10,10,10,4.0,3.0,10.0,0,0,1
H0742,"The Amazon rainforest is burning, and the people who can stop it are doing nothing",dailykos.com,0.413735620185017,2,5,10,10,10,6.0,8.0,10.0,1,1,1
H1459,Troopers: Missing 10-Year-Old Alaska Girl Found Dead,ntd.tv,0.43614522152228,2,5,10,10,10,1.0,10.0,9.0,0,1,1
H3743,The tortured madness of Donald Trump: It’s clear the president is out of his mind,rawstory.com,0.461914938868004,2,5,10,10,10,7.0,2.0,9.0,1,0,1
H2155,FOUND: LeahMae dropped off safe and healthy,mystateline.com,0.491451036385089,2,5,10,10,10,2.0,8.0,9.0,0,1,1
H1941,"Hurricane Dorian weakening, expected to make landfall near Cape Lookout",wcti12.com,0.509941076749434,2,5,10,10,10,4.0,5.0,10.0,0,0,1
H3365,The best meteor shower of 2020 will feature multi-colored shooting stars on Sunday night,wgrz.com,0.526392793425667,2,5,10,10,10,1.0,2.0,9.0,0,0,1
H3645,Nobody Bothered To Give Shawn Kemp A Bigger Shirt During Seattle Kraken’s Expansion Draft (VIDEO),totalprosports.com,0.564616923333448,2,5,10,10,10,2.0,6.0,9.0,0,1,1
H1773,"The Green Mill To Reopen Friday With Live Jazz — But No Vocals, No Horns And Half As Many Booths",blockclubchicago.org,0.598909713642671,2,5,10,10,10,2.0,2.0,9.0,0,0,1
H1248,"Prominent Republicans endorse Democrats over GOP candidates, citing 'extremism'",americanindependent.com,0.602004416483487,2,5,10,10,10,5.0,4.0,9.0,0,0,1
H0518,"McConnell Dismisses Trump Leaking Classified Info to Russia as ‘Drama,’ Complains It’s Derailing Their Agenda",latest.com,0.632560190709159,2,5,10,10,10,5.0,6.0,9.0,0,1,1
H3556,New CDC reports warn variants could lead to rapid rise in Covid-19 cases,cnn.com,0.658031073873161,2,5,10,10,10,5.0,1.0,10.0,0,0,1
H2984,Statue of Jesus Christ found beheaded at Florida church,wtsp.com,0.692365770171247,2,5,10,10,10,1.0,6.0,10.0,0,1,1
H3615,Netflix Reportedly Launching Choose Your Own Adventure Option For Shows,huffingtonpost.com,0.715235206216845,2,5,10,10,10,1.0,1.0,10.0,0,0,1
H3721,"Food delivery driver caught on camera dropping pizza on ground, stuffing it back inside box",wsvn.com,0.729034875160292,2,5,10,10,10,8.0,4.0,9.0,1,0,1
H0874,"Missing 26-Year-Old Woman, Jeanette Ozuna, Is Vulnerable",cbslocal.com,0.751190107612549,2,5,10,10,10,2.0,9.0,9.0,0,1,1
H1630,QAnon supporter joining U.S. House education committee has called school shootings ‘false-flag’ events,seattletimes.com,0.799029996866919,2,5,10,10,10,6.0,5.0,8.0,1,0,1
H2600,3 Critical Signs of Burnout,psychologytoday.com,0.818682123522491,2,5,10,10,10,4.0,3.0,9.0,0,0,1
H2426,Coronavirus: Phase 2 of reopening called off — for now,uticaod.com,0.843118832856585,2,5,10,10,10,1.0,3.0,9.0,0,0,1
H2385,Trump budget an attack on veterans,mycentraljersey.com,0.861881719955617,2,5,10,10,10,9.0,9.0,8.0,1,1,1
H3547,Amber Alert: Atlanta-area 1-year-old kidnapped at gunpoint while on a walk with mother,wbtv.com,0.881245084113698,2,5,10,10,10,5.0,8.0,9.0,0,1,1
H1281,"Ohio Gov. Mike DeWine to sign bill legalizing CBD, hemp: What happens next?",cincinnati.com,0.905571729093681,2,5,10,10,10,2.0,1.0,10.0,0,0,1
H3203,Cape Cod Coastal Waters Frozen Over Amid Record Cold: Video,patch.com,0.933491002134259,2,5,10,10,10,3.0,5.0,7.0,0,0,1
H2199,"Love alone won't save Earth's endangered species, but science can",sandiegouniontribune.com,0.961102639657948,2,5,10,10,10,1.0,6.0,9.0,0,1,1
H2039,Jury finding upends Bayer's Roundup defense strategy: experts,reuters.com,1.0,2,5,10,10,10,4.0,4.0,6.0,0,0,1
H2559,Rand Paul Calls on Americans to Resist “Anti-science” COVID-19 Mandates and Restrictions - The New American,thenewamerican.com,0.410760615388774,2,5,10,10,10,5.0,3.0,8.0,0,0,1
H0682,"Deputies identify suspect in murder of Graniteville mother, child",aikenstandard.com,0.763496529491881,2,5,10,10,10,6.0,10.0,10.0,1,1,1
H1379,Scientists explain what New York Magazine article on “The Uninhabitable Earth” gets wrong - Climate Feedback,climatefeedback.org,0.963420694296498,2,5,10,10,10,6.0,4.0,9.0,1,0,1
H1557,Bayer chairman quits as Roundup settlement talks progress,reuters.com,1.0,2,5,10,10,10,2.0,2.0,7.0,0,0,1
H2787,GOP Senators say they can’t delay Kavanaugh vote. But they can.,msnbc.com,0.588104595861507,2,5,10,10,10,6.0,6.0,10.0,1,1,1
H3744,22 Savage Truths About Existence That Will Force You to Get Your Shit Together,awarenessact.com,0.0705539230341695,2,5,10,10,10,3.0,2.0,9.0,0,0,1
H1536,Did Pedophile Jeffrey Epstein Work for Mossad?,ahtribune.com,0.114953478402461,2,5,10,10,10,7.0,1.0,9.0,1,0,1
H2629,10 Quotes From a Sioux Indian Chief That Will Make You Question Everything About Our Society,thinkinghumanity.com,0.379209471054479,2,5,10,10,10,2.0,4.0,9.0,0,0,1
H0571,Ivanka Trump: No Equivalency Between Her and Clinton's Email Scandal,breitbart.com,0.297175368438483,2,5,10,10,10,5.0,3.0,8.0,0,0,1
H3528,Biden Calls for Lifting Sanctions and Providing “Humanitarian Relief” for Iran Amid Coronavirus Pandemic,jihadwatch.org,0.23030350568835,2,5,10,10,10,1.0,4.0,10.0,0,0,1
H0112,Holistic doctor gunned down outside organic restaurant in Colorado as war on natural health continues – NaturalNews.com,naturalnews.com,0.0,2,6,14,14,14,5.0,14.0,14.0,0,1,1
H0234,One Of The Main Reasons Congress Is Getting So Little Done Is Because They Will Have 218 Days Off In 2017 » Alex Jones' Infowars: There's a war on for your mind!,infowars.com,0.0458475179096454,2,6,14,14,14,5.0,4.0,9.0,0,0,1
H0052,"A healthy, 9-year old Florida girl was paralyzed by the flu shot",newstarget.com,0.0723314494829261,2,6,14,14,14,10.0,12.0,14.0,1,1,1
H2355,5 Cannabis Research Findings that Should’ve Been on the Front Page,wakingtimes.com,0.0901725391626428,2,6,14,14,14,1.0,0.0,11.0,0,0,1
H3671,"Baby Elephant Saved From Death, Can't Stop Following Her Rescuer",disclose.tv,0.108523007938914,2,6,14,14,14,1.0,11.0,13.0,0,1,1
H2537,Michelle Obama Behind Major Movement Seeking To CHANGE U.S. Elections To Put Liberals In Charge FOREVER,en-volve.com,0.126883146357792,2,6,14,14,14,9.0,4.0,13.0,1,0,1
H2940,"MEDIA BLACKOUT: Trump's Approval Skyrockets, Surpasses Obama’s At Same Time In New Poll",ilovemyfreedom.org,0.167993938241521,2,6,14,14,14,2.0,2.0,12.0,0,0,1
H2780,Coronavirus and Infection Control: What’s Going on with Testing? • Children's Health Defense,childrenshealthdefense.org,0.176169765597604,2,6,14,14,14,3.0,4.0,11.0,0,0,1
H2038,"Islamic State Takes Credit for London Subway Bombing, Promises More Jihad Terror - Geller Report",pamelageller.com,0.216405500798777,2,6,14,14,14,13.0,12.0,14.0,1,1,1
H3173,12 Life Lessons from a Man Who’s Seen 12000 Deaths,themindunleashed.com,0.226698341110061,2,6,14,14,14,0.0,3.0,12.0,0,0,1
H1879,T Cells From Common Colds Cross-Protect Against Infection With COVID-19: Study,theepochtimes.com,0.262887244589731,2,6,14,14,14,3.0,1.0,12.0,0,0,1
H1510,Iranian Revolutionary Guard Corps Ordered to Destroy American Naval Vessels - American Action News,americanactionnews.com,0.297993677704561,2,6,14,14,14,12.0,14.0,14.0,1,1,1
H1892,"Caravan Reaches Border as Hundreds Begin Effort to Enter US, Troops and Border Agents Prepared to Block Entrance",endtimeheadlines.org,0.315216786291459,2,6,14,14,14,7.0,6.0,14.0,0,0,1
H3482,Mayhem ensues as Antifa converges on Western Conservative Summit in Denver,washingtontimes.com,0.345472108057381,2,6,14,14,14,9.0,9.0,12.0,1,1,1
H1329,Photographer Who Took Horseback Border Patrol Photos: ‘I’ve Never Seen Them Whip Anyone’,dailywire.com,0.357498144984751,2,6,14,14,14,2.0,0.0,10.0,0,0,1
H1056,U.S. intelligence believes N Korea is ramping up nuclear production,dailymail.co.uk,0.383860647514719,2,6,14,14,14,9.0,5.0,14.0,1,0,1
H0272,If You Are A Woman At A Public Bathroom This Will Make Complete Sense,innerstrength.zone,0.406359057594179,2,6,14,14,14,1.0,1.0,6.0,0,0,0
H0280,Save the pool - Jessamine Journal,jessaminejournal.com,0.437516302662685,2,6,14,14,14,1.0,4.0,7.0,0,0,0
H0872,Trump-loving Maine Republican shares Confederate flag post to honor ‘colored comrades’ from Army,rawstory.com,0.461914938868004,2,6,14,14,14,5.0,5.0,12.0,0,0,1
H0399,"Patriot Guard rider killed, another injured on way to officer’s funeral - Daily Leader",dailyleader.com,0.481746366682438,2,6,14,14,14,2.0,13.0,12.0,0,1,1
H0537,"Barack Obama, LeBron James, the Jonas Brothers Headline Nationally Simulcast HS ‘Graduate Together’ Event on Saturday Evening",the74million.org,0.512062357819041,2,6,14,14,14,1.0,1.0,12.0,0,0,1
H0987,Billy Hallowell: Amber Guyger’s murder trial ended with an amazing act of forgiveness,foxnews.com,0.534260962262195,2,6,14,14,14,4.0,11.0,12.0,0,1,1
H3866,5 Things You May Not Know About Leap Day,history.com,0.564616923333448,2,6,14,14,14,0.0,1.0,12.0,0,0,1
H0575,"‘Doocy broke Joe:’ Biden, media hypocrites buried in backlash over hot mic Doocy dig, pathetic ‘apology’",bizpacreview.com,0.585959008142635,2,6,14,14,14,6.0,9.0,4.0,0,1,0
H0931,Why You Should Stop Charging Your Phone in Your Car,rd.com,0.619205572780572,2,6,14,14,14,0.0,1.0,11.0,0,0,1
H3870,Greyhound offers free bus ticket home to runaway kids,fox5atlanta.com,0.625115184961301,2,6,14,14,14,1.0,6.0,12.0,0,0,1
H3058,Visualized: A Timeline of Media-Inflamed Fears (2000-2017),visualcapitalist.com,0.662143242587894,2,6,14,14,14,6.0,2.0,10.0,0,0,1
H3747,"Kareem Hunt Signs with Cleveland Browns, Issues New Apology",tmz.com,0.69853717450643,2,6,14,14,14,5.0,3.0,11.0,0,0,1
H0481,Seven key takeaways from the Russian indictments,bbc.co.uk,0.718306150148359,2,6,14,14,14,5.0,3.0,12.0,0,0,1
H0990,"Daughters of the bomb: my reckoning with Hiroshima, 75 years later",theguardian.com,0.74959222370997,2,6,14,14,14,8.0,13.0,14.0,1,1,1
H1112,19-Year-Old Suspected In 4 Murders In Reno Area,cbslocal.com,0.751190107612549,2,6,14,14,14,12.0,11.0,13.0,1,1,1
H3978,Last Living Member of First Navy SEAL Team Turns 94,necn.com,0.790947602704414,2,6,14,14,14,0.0,1.0,14.0,0,0,1
H1999,"Santa Fe lawyer, thanks retiring NBA star Dwyane Wade for paying college tuition",santafenewmexican.com,0.816946216297037,2,6,14,14,14,1.0,3.0,14.0,0,0,1
H1817,"A fresh look at the demise of an ancient human species over 100,000 years ago",phys.org,0.846691999959952,2,6,14,14,14,0.0,7.0,12.0,0,0,1
H0019,How Facebook Wrestled With Scandal: 6 Key Takeaways From The Times’s Investigation,nytimes.com,0.858776290720608,2,6,14,14,14,7.0,6.0,11.0,0,0,1
H1569,One-minute World News,bbc.com,0.881685504350007,2,6,14,14,14,0.0,1.0,7.0,0,0,0
H0275,Rosendale wants to override governor's veto of bill,greatfallstribune.com,0.905571729093681,2,6,14,14,14,6.0,2.0,12.0,0,0,1
H3551,How Sports Met 'The Star Spangled Banner',npr.org,0.930525246755544,2,6,14,14,14,1.0,2.0,8.0,0,0,1
H3442,2 lanes of I-65 each way closed near Martin Luther King Jr. Street after semi hits overhead sign,indystar.com,0.957207994613488,2,6,14,14,14,7.0,6.0,13.0,0,0,1
H3737,"Twitter CEO defends decision not to ban Alex Jones, Infowars",apnews.com,0.998049167729267,2,6,14,14,14,7.0,7.0,12.0,0,0,1
H0357,Trump considering revoking 6 ex-Obama officials' clearance,apnews.com,0.998049167729267,2,6,14,14,14,11.0,11.0,12.0,1,1,1
H1776,Police Seek Woman Accused of Urinating on Potatoes at Pa. Walmart,necn.com,0.790947602704414,2,6,14,14,14,11.0,9.0,13.0,1,1,1
H3236,Bernie Sanders campaign unveils plan to prevent sexism among staff,theguardian.com,0.74959222370997,2,6,14,14,14,3.0,5.0,13.0,0,0,1
H2882,New U.S. Tank Round Can Destroy Almost Anything,forbes.com,0.829500343762818,2,6,14,14,14,5.0,3.0,12.0,0,0,1
H0335,Hugh Hewitt: The Real Story Of ‘The Most Famous Political Scandal’ In U.S. History,dailywire.com,0.357498144984751,2,6,14,14,14,3.0,0.0,11.0,0,0,1
H0082,Aldi Is Selling Gorgeous Sofa Beds For Your Pets Just In Time For Christmas,vt.co,0.534931170205694,2,6,14,14,14,1.0,2.0,13.0,0,0,1
H0968,AEW's Jon Moxley Talks WWE Exit; Rips Vince's Creative for Reigns-Leukemia Line,bleacherreport.com,0.734238148179424,2,6,14,14,14,4.0,5.0,10.0,0,0,1
H0853,"Scrap Keystone Exams, PA Auditor General Says",patch.com,0.933491002134259,2,6,14,14,14,1.0,2.0,9.0,0,0,1
H1695,"Top Obama Ally Gets Hit With 18 Felony Charges... They're Going Down - American News - Breaking News, Political News and Updates",americannews.com,0.213548653068795,2,6,14,14,14,7.0,4.0,10.0,0,0,1
H3808,Rebel Alliance Ground Reports – What’s Your Lockdown Status?,theconservativetreehouse.com,0.135066562651449,2,6,14,14,14,0.0,2.0,10.0,0,0,1
H3358,"Pelosi introduces ""Iran protection act"" to defend terrorists and blame Trump, even when Dems did NOTHING while Obama killed enemies",naturalnews.com,0.0,2,7,12,12,12,10.0,8.0,10.0,1,1,1
H2956,Breaking! Trump Calls For Investigation Of Coronavirus’ Origin,infowars.com,0.0458475179096454,2,7,12,12,12,5.0,1.0,12.0,0,0,1
H2890,"TYRANNY ALERT: Virginia to OUTLAW Krav Maga, Brazilian Jiu Jitsu, kickboxing, Tai Chi, firearms instruction and self-defense training under proposed law SB64",newstarget.com,0.0723314494829261,2,7,12,12,12,9.0,6.0,12.0,1,0,1
H3349,John Cusack Enrages Trump Nation After Calling For Immediate Death Of President Trump,worldnewspolitics.com,0.0901558716143552,2,7,12,12,12,10.0,10.0,11.0,1,1,1
H0250,Pyramids  Make Intergalactic Communication Network Based On The ‘Cosmic Internet’ Coined By Nikola Tesla — Disclose.tv,disclose.tv,0.108523007938914,2,7,12,12,12,2.0,2.0,8.0,0,0,1
H3019,Scientists use mathematical calculations to PROVE God is REAL,ewao.com,0.131186638839105,2,7,12,12,12,2.0,2.0,12.0,0,0,1
H2977,Here's How to Naturally Remove Uric Acid Crystalization in Joints (Gout and Joint pain),realfarmacy.com,0.151474133434834,2,7,12,12,12,4.0,2.0,12.0,0,0,1
H1514,"A Monitoring Agency Just Announced Trump Has Killed 1,000 Civilians In One Month",occupydemocrats.com,0.17563289387131,2,7,12,12,12,12.0,12.0,11.0,1,1,1
H0424,MLB Opening Week Ends As Students Do The Unthinkable In Front Of Flag-Bearers,westernjournal.com,0.212942660560995,2,7,12,12,12,7.0,5.0,9.0,1,0,1
H3158,Black Single Mom with $7 to Her Name Donates Lottery Winnings to Police Officer Shot on Duty,pjmedia.com,0.225278100615081,2,7,12,12,12,2.0,11.0,12.0,0,1,1
H2262,House Democrat Admits Why They Delayed the Impeachment Vote,townhall.com,0.273514170924363,2,7,12,12,12,8.0,2.0,12.0,1,0,1
H3877,Mom thinks baby died until firefighters say the family dog made ultimate sacrifice to save her - Stories | TheBL.com,thebl.com,0.29216847645411,2,7,12,12,12,2.0,10.0,11.0,0,1,1
H0973,Putin says Muslim refugees should go to Saudi Arabia or Iran &quot;Where their radical beliefs are considered the norm&quot; - BlingNews.com,blingnews.com,0.310304421079677,2,7,12,12,12,11.0,11.0,12.0,1,1,1
H0136,Vets slam Trump’s ‘obscene’ border stunt that could cost $1 billion,shareblue.com,0.335857768068227,2,7,12,12,12,11.0,10.0,12.0,1,1,1
H3834,‘I Saw Blood Coming Out of My Eyes’: Alice Cooper’s Incredible Transformation From Drugs to Jesus,cbn.com,0.366255771907572,2,7,12,12,12,3.0,7.0,9.0,0,1,1
H1328,"Walmart wants to hire 900 truck drivers and is offering $90,000 wage",dailymail.co.uk,0.383860647514719,2,7,12,12,12,1.0,2.0,12.0,0,0,1
H3604,A woman raised as white wanted to trace her ancestry. She discovered her father was Black and she was probably conceived at a swingers party. - NewsBreak,newsbreak.com,0.411188765089231,2,7,12,12,12,2.0,5.0,12.0,0,0,1
H0174,"Michael Moore: Pro-Trump White People ‘Are Not Good People,’ ‘Be Afraid of Them’",newsbusters.org,0.434315848944785,2,7,12,12,12,11.0,5.0,12.0,1,0,1
H1725,Trump Administration Slates $35M to Help Survivors of Human Trafficking.,dailysignal.com,0.472969940011651,2,7,12,12,12,6.0,10.0,12.0,0,1,1
H3185,This Candle Smells Like Chinese Takeout | Nerdist,nerdist.com,0.491838448727076,2,7,12,12,12,2.0,2.0,12.0,0,0,1
H1331,Taiwan's New Solar Panel 'Sun Rock' Will Deliver 1 Million kWh Per Year,interestingengineering.com,0.512062357819041,2,7,12,12,12,1.0,1.0,12.0,0,0,1
H1277,"Ex-spy behind Trump dossier reportedly helped FBI in FIFA probe - Ex-CIA officer faces imminent extradition to Italy, hopes Trump can help",foxnews.com,0.534260962262195,2,7,12,12,12,6.0,9.0,11.0,0,1,1
H2474,Postal Worker Reunited with Girl He Rescued from Human Trafficking,fox40.com,0.57152549470152,2,7,12,12,12,5.0,11.0,12.0,0,1,1
H1927,2017 Victories: Defeating Deep State Obama-Era Lawlessness in Federal Court | American Center for Law and Justice,aclj.org,0.588341217524912,2,7,12,12,12,6.0,4.0,10.0,0,0,1
H3403,17 Lizzo Quotes That Prove She's the Hero We All Need but Don't Deserve,popsugar.com,0.624068248073698,2,7,12,12,12,1.0,4.0,11.0,0,0,1
H3033,"Lives saved, police cars destroyed in shootout with a heavily armed man",wthr.com,0.642944173256451,2,7,12,12,12,12.0,12.0,12.0,1,1,1
H2746,"Irish birth, marriage and death certificates made available online for free",irishcentral.com,0.664988869241135,2,7,12,12,12,1.0,1.0,12.0,0,0,1
H1160,Mosquito pool tests positive for West Nile virus in Lake County,fox8.com,0.676772122938108,2,7,12,12,12,9.0,5.0,12.0,1,0,1
H1945,"Sneaky’s Chicken Raises $132,943 For The Warming Shelter",ktiv.com,0.706390429678048,2,7,12,12,12,1.0,5.0,12.0,0,0,1
H0921,"More than half of people wear headphones just to avoid talking to other people, researchers say",wcnc.com,0.737566910383077,2,7,12,12,12,2.0,4.0,12.0,0,0,1
H2131,3 Texas Children Die In Hot Cars In 3-Day Period,cbslocal.com,0.751190107612549,2,7,12,12,12,5.0,11.0,12.0,0,1,1
H1351,Fuerte crítica de Human Rights Watch a Michelle Bachelet por su silencio sobre la represión en Cuba,infobae.com,0.775429000335308,2,7,12,12,12,5.0,5.0,6.0,0,0,0
H3740,14 malnourished parrots rescued from Oklahoma City home,koco.com,0.816946216297037,2,7,12,12,12,4.0,11.0,12.0,0,1,1
H1531,Who Won The Vice Presidential Debate?,fivethirtyeight.com,0.829622495628478,2,7,12,12,12,1.0,1.0,10.0,0,0,1
H1101,Wake Forest places assistant Jones on leave,espn.com,0.85282809463095,2,7,12,12,12,5.0,7.0,12.0,0,1,1
H2702,Have You Seen Them? Young Cousins Go Missing in Philly,nbcphiladelphia.com,0.883492022299128,2,7,12,12,12,1.0,11.0,11.0,0,1,1
H0337,Are you aware of the chaos election deniers will bring? Let Kari Lake be a warning siren.,usatoday.com,0.901007708482031,2,7,12,12,12,8.0,3.0,8.0,1,0,1
H0625,Pence Warns Coronavirus Outbreak Could Last 'Well Into July',npr.org,0.930525246755544,2,7,12,12,12,5.0,2.0,12.0,0,0,1
H1025,Is your stimulus check missing? Here's when it's time for an IRS payment trace,cnet.com,0.951854977853014,2,7,12,12,12,3.0,4.0,11.0,0,0,1
H2504,Justice Thomas urges U.S. Supreme Court to feel free to reverse precedents,reuters.com,1.0,2,7,12,12,12,5.0,4.0,11.0,0,0,1
H3956,"UP: Derailed train spilled vegetable oil, not hazardous materials",elkodaily.com,0.838934495765684,2,7,12,12,12,5.0,3.0,12.0,0,0,1
H2683,Artistic Claude Monet Action Figure Magically Changes Color in Water,mymodernmet.com,0.601952330135495,2,7,12,12,12,1.0,1.0,11.0,0,0,1
H1304,'Costliest Government Coverup of All Time': We're Getting Reports on How the Wuhan Coronavirus Came Into Existence,townhall.com,0.273514170924363,2,7,12,12,12,7.0,4.0,12.0,1,0,1
H2610,Republican Who Exposed Baltimore Conditions Now Under Attack from Leftists,neonnettle.com,0.155305152331377,2,7,12,12,12,12.0,11.0,12.0,1,1,1
H0942,Illinois State Fair canceled due to coronavirus concerns,centralillinoisproud.com,0.661613077226097,2,7,12,12,12,7.0,8.0,12.0,1,1,1
H0356,Feds declare mandated transgender sports 'accommodations' illegal - WND,wnd.com,0.192160019649149,2,7,12,12,12,11.0,9.0,12.0,1,1,1
H2700,"FAIR Blasts Executive Order in Letter to Trump, Urges New One Within 30 Days | Federation for American Immigration Reform",fairus.org,0.240975777627046,2,7,12,12,12,7.0,6.0,11.0,1,0,1
H2448,Viral Posts Spread Iran-'Deep State' Conspiracy Theory,factcheck.org,0.91790623699568,2,7,12,12,12,6.0,3.0,12.0,0,0,1
H3055,"Gov. Whitmer considering release of low-risk, vulnerable prisoners amid coronavirus",freep.com,0.876111992817132,2,7,12,12,12,6.0,7.0,12.0,0,1,1
H0388,Both political parties unpopular with Americans in new poll,thehill.com,0.898762408412433,2,7,12,12,12,7.0,7.0,12.0,1,1,1
H0090,People With Real Integrity Have These 9 Subtle Character Traits,worldtruth.tv,0.017643643892146,2,8,13,13,13,0.0,0.0,10.0,0,0,1
H2539,Watch: Vaccinated People SHOCKED When Magnet Sticks to Injection Site,infowars.com,0.0458475179096454,2,8,13,13,13,2.0,8.0,9.0,0,1,1
H1631,Doctor Claims Babies Should Sleep With Their Moms Until The Age of 3,awarenessact.com,0.0705539230341695,2,8,13,13,13,0.0,2.0,11.0,0,0,1
H2462,Largest Catholic Church Pedophile Bust in History,americanjournalreview.com,0.0878375859873984,2,8,13,13,13,11.0,5.0,12.0,1,0,1
H0421,New York Times Falsely Claims No One Believes Muslim Brotherhood Is A Terror Group,sonsoflibertymedia.com,0.103216003511302,2,8,13,13,13,7.0,6.0,13.0,1,0,1
H3198,Alabama Rep. Calls Donald Trump Jr. 'Retarded' and 'His Mother Should Have Aborted Him',thinkamericana.com,0.125553828241878,2,8,13,13,13,11.0,11.0,13.0,1,1,1
H2407,Doocy makes Press Sec's brain short-circuit with quote from Biden's own adviser,rumble.com,0.162505504571073,2,8,13,13,13,4.0,4.0,7.0,0,0,1
H1981,Ohio Gov. John Kasich Vetoes Bill to Ban Abortions After Unborn Baby’s Heartbeat Begins,lifenews.com,0.192545226493423,2,8,13,13,13,8.0,5.0,11.0,1,0,1
H1979,"Lou Dobbs Slams ""Benedict Arnold"" GOP Sen. Lee for ""Snit Fit"" About The Trump Iran Briefing",100percentfedup.com,0.21938033253327,2,8,13,13,13,10.0,7.0,8.0,1,1,1
H3309,Multiple Supreme Court Members Accused Of Lying Under Oath By Senator Gillibrand,bipartisanreport.com,0.228380384066331,2,8,13,13,13,11.0,8.0,12.0,1,1,1
H1552,MORE RED FLAGS: Officials WANTED CRUZ COMMITTED Months Before Massacre | Sean Hannity,hannity.com,0.26091281309063,2,8,13,13,13,7.0,5.0,7.0,1,0,1
H0008,Poll: Only 11 Percent of Voters Were Motivated by Gun Policy,breitbart.com,0.297175368438483,2,8,13,13,13,1.0,2.0,11.0,0,0,1
H1847,"Yes, Diversity Is About Getting Rid Of White People (And That's A Good Thing)",thoughtcatalog.com,0.301184330996598,2,8,13,13,13,5.0,10.0,11.0,0,1,1
H1980,Alleged US Evacuation of Daesh Field Commanders: 'We Are Rescuing Our Allies',sputniknews.com,0.346103349035805,2,8,13,13,13,1.0,4.0,5.0,0,0,0
H3057,What Could Go Wrong When Schools Allow Students To Anonymously Accuse Each Other Of Sexual Crimes? Everything.,dailywire.com,0.357498144984751,2,8,13,13,13,9.0,9.0,12.0,1,1,1
H3295,Trump Wants Ann Coulter as Next DHS Secretary,alternative-science.com,0.382767574950647,2,8,13,13,13,1.0,0.0,11.0,0,0,1
H3485,Kelly Clarkson's Diet That She Says Changed Her Life: Everything You Need to Know! (Exclusive),etonline.com,0.421196500633623,2,8,13,13,13,1.0,1.0,12.0,0,0,1
H0568,Man Who Has Never Seen Horseshoe Crab Before Understandably Freaking The Fuck Out,theonion.com,0.445775894839608,2,8,13,13,13,2.0,4.0,11.0,0,0,1
H1053,Brutal New York Daily News Cover Cartoon Slams Trump for His Helsinki Press Conference by Using His Own Words From 2016 Against Him,secondnexus.com,0.460612497703407,2,8,13,13,13,10.0,7.0,12.0,1,1,1
H2960,Fox News invited a real doctor to talk about coronavirus. He won’t be invited back anytime soon. - Front Page Live,frontpagelive.com,0.491034297248107,2,8,13,13,13,6.0,6.0,12.0,0,0,1
H3756,"Hyundai recalls 978,000 cars; seat belts can come loose",fox13news.com,0.509941076749434,2,8,13,13,13,3.0,5.0,13.0,0,0,1
H1643,New York woman finds dead body in bed of truck after grocery trip: police,foxnews.com,0.534260962262195,2,8,13,13,13,2.0,9.0,10.0,0,1,1
H3599,BREAKING: Baltimore County to have limited reopening,foxbaltimore.com,0.5702923634705,2,8,13,13,13,0.0,2.0,6.0,0,0,0
H2809,And the Climate Term of the Year Is... Regenerative Agriculture?,outsideonline.com,0.59154945555708,2,8,13,13,13,1.0,1.0,3.0,0,0,0
H0006,Worried about your health care? Then don't let them cut EPA's budget.,edf.org,0.620112295017723,2,8,13,13,13,5.0,4.0,9.0,0,0,1
H1318,"'So extra and petty': TikToker superglues 'proof' of boyfriend’s cheating to his wall, sparking debate",dailydot.com,0.645022340394397,2,8,13,13,13,8.0,8.0,10.0,1,1,1
H2586,Harvey to dump heavy rains on Texas; hurricane possible,valleycentral.com,0.657261177553656,2,8,13,13,13,5.0,6.0,11.0,0,0,1
H1717,Some Verizon customers reporting outages,fox8.com,0.676772122938108,2,8,13,13,13,5.0,10.0,13.0,0,1,1
H3499,New 988 mental health hotline goes into effect on Saturday,wsbtv.com,0.724212758167569,2,8,13,13,13,1.0,1.0,13.0,0,0,1
H3235,Ivanka Trump deletes tweet calling pro-Trump rioters ‘patriots’,independent.co.uk,0.734076864473315,2,8,13,13,13,6.0,2.0,12.0,0,0,1
H0940,10 Habits That Will Dramatically Improve Your Life,entrepreneur.com,0.774441836682524,2,8,13,13,13,1.0,1.0,8.0,0,0,1
H0789,"Alaska Air cuts flights, and CEO cuts own pay to zero, as coronavirus crisis hits airline’s bookings",seattletimes.com,0.799029996866919,2,8,13,13,13,5.0,6.0,13.0,0,0,1
H1232,Demand surges for clinicians serving transgender youth,statnews.com,0.816946216297037,2,8,13,13,13,1.0,6.0,10.0,0,0,1
H1661,"When the going gets tough, the GOP turns to the border",nbcnews.com,0.843937401226111,2,8,13,13,13,2.0,2.0,11.0,0,0,1
H1149,Thomas Rivera Schatz ordena cerrar las gradas del Senado mientras se evalúan controversiales medidas,elnuevodia.com,0.863075188175384,2,8,13,13,13,1.0,1.0,2.0,0,0,0
H0725,Beekeepers remove massive honeycomb from behind brick on house,wbtv.com,0.881245084113698,2,8,13,13,13,2.0,1.0,12.0,0,0,1
H3473,Trump accidentally refers to Defense Secretary Esper as 'Mark Esperanto' in tweet defending Syria withdrawal,usatoday.com,0.901007708482031,2,8,13,13,13,3.0,5.0,13.0,0,0,1
H2216,First Known U.S. Lung Transplant For COVID-19 Patient Performed In Chicago,npr.org,0.930525246755544,2,8,13,13,13,2.0,5.0,13.0,0,0,1
H2718,Testing | HIV Basics | HIV/AIDS | CDC,cdc.gov,0.964445730133301,2,8,13,13,13,1.0,1.0,7.0,0,0,1
H1859,"After U.S. Dodd-Frank law changes, lobbyists fight for more",reuters.com,1.0,2,8,13,13,13,5.0,4.0,9.0,0,0,1
H1180,James Woods Uses Michelle Obama Clip from 2013 To Hit Back Against Her DNC Speech,westernjournal.com,0.212942660560995,2,8,13,13,13,9.0,8.0,11.0,1,1,1
H3140,Israel reportedly holds medical cannabis exports plan to avoid upsetting Trump,timesofisrael.com,0.816946216297037,2,8,13,13,13,5.0,5.0,10.0,0,0,1
H3281,"Men should do grocery shopping during pandemic as women take too long, says mayor in Japan",dailymail.co.uk,0.383860647514719,2,8,13,13,13,8.0,8.0,13.0,1,1,1
H3783,Recaudan dinero para una estatua de Trump en Puerto Rico,elnuevodia.com,0.863075188175384,2,8,13,13,13,0.0,0.0,2.0,0,0,0
H0155,GMOs are killing us: Facts you probably don't know,naturalnews.com,0.0,2,8,13,13,13,8.0,8.0,13.0,1,1,1
H1120,South Austin boy sells ‘CoroNo Gel’ sanitizer at neighborhood stand,kxan.com,0.722047911034666,2,8,13,13,13,0.0,0.0,9.0,0,0,1
H2149,Here's What NJ Finally Said In Unemployment Pay 'Endless Battle',patch.com,0.933491002134259,2,8,13,13,13,1.0,2.0,7.0,0,0,1
H0119,Trump Department Of Defense & DARPA Partnering With Bill Gates For New DNA Nanotech COVID-19 Vaccine (Video) - DC Dirty Laundry,dcdirtylaundry.com,0.0916982813557337,2,8,13,13,13,2.0,0.0,9.0,0,0,1
H3020,Colin Kaepernick Rumors: NFL Teams Had 'Fake' Interest in Free-Agent QB,bleacherreport.com,0.734238148179424,2,8,13,13,13,9.0,9.0,10.0,1,1,1
H1307,"Woman accused of swapping barcodes at Walmart paid only $3.70 for $1,800 worth of electronics",aol.com,0.774220388842363,2,8,13,13,13,10.0,10.0,12.0,1,1,1
H2293,The Best Exercises To Get Rid of Double Chin,worldtruth.tv,0.017643643892146,2,9,10,10,10,2.0,2.0,9.0,0,0,1
H1355,"Dr. Francis Boyle, The Man Who First Exposed COVID-19 As Lab-Made, Drops New Bombshells",infowars.com,0.0458475179096454,2,9,10,10,10,2.0,2.0,7.0,0,0,1
H2580,"Geoengineering Watch Global Alert News, May 20, 2017",geoengineeringwatch.org,0.057482507650514,2,9,10,10,10,1.0,1.0,4.0,0,0,0
H3924,"Mike Lindell: Yes, Election Fraud Lawsuit IS Headed To Supreme Court -- Update",welovetrump.com,0.0871406069110147,2,9,10,10,10,2.0,2.0,7.0,0,0,1
H3317,Manhattan DA Charges Bodega Worker with Murder After Stabbing Violent Ex-Con in Self-Defense (VIDEO),thegatewaypundit.com,0.109374585525566,2,9,10,10,10,9.0,9.0,8.0,1,1,1
H2695,CNN Called Out: Mike Lindell Offers 5 Million Dollar Prize To Anyone Who Can Prove He Is Wrong [VIDEO] | DJHJ Media,djhjmedia.com,0.129014666189983,2,9,10,10,10,3.0,3.0,5.0,0,0,0
H0161,"President Trump Calls All Patriots To Washington, on Jan. 6the Electoral Vote in Congress - Geller Report News",gellerreport.com,0.155474348242861,2,9,10,10,10,1.0,1.0,7.0,0,0,1
H0898,"Trump Accuser to NYT: ""I Have Not Been Raped"" - David Harris Jr",davidharrisjr.com,0.189197213121713,2,9,10,10,10,2.0,3.0,4.0,0,0,0
H3945,GOP Candidate Suspended on Twitter; Big Change Happens 45 Minutes After Musk Gets Involved,westernjournal.com,0.212942660560995,2,9,10,10,10,3.0,5.0,6.0,0,0,1
H1495,Denmark: New Bible translation purges all mention of Israel,jihadwatch.org,0.23030350568835,2,9,10,10,10,4.0,4.0,9.0,0,0,1
H3927,Do you know how to save a life? More people around the globe are learning,thriveglobal.com,0.254647451764946,2,9,10,10,10,0.0,0.0,9.0,0,0,1
H1954,Dem Rep. Tlaib: I Was 'Really Afraid of My Fellow Americans' After 9/11 | Breitbart,breitbart.com,0.297175368438483,2,9,10,10,10,6.0,7.0,6.0,1,1,1
H3872,Dr. Fauci promotes vaccine mandate for domestic air travel to boost vaccination rates: 'Would be welcome',theblaze.com,0.319102558515008,2,9,10,10,10,2.0,2.0,10.0,0,0,1
H0532,Trump’s innocence goes up in flames thanks to Manafort’s own daughter,dcbluedot.com,0.345732076201383,2,9,10,10,10,7.0,7.0,6.0,1,1,1
H3780,"BLOOD BROTHER: 'American Sniper' Wife Ends Silence, Joins Vets In Going Directly After Nike & Kaepernick",lifezette.com,0.353302231013722,2,9,10,10,10,7.0,6.0,6.0,1,1,1
H0291,Trump slams Pelosi's $25BN USPS funding as a 'hoax' as bill passes,dailymail.co.uk,0.383860647514719,2,9,10,10,10,5.0,4.0,8.0,0,0,1
H0102,Zuckerberg: Facebook Suppressed Hunter Biden Laptop Story Ahead of 2020 Election,oann.com,0.414524143820094,2,9,10,10,10,9.0,4.0,9.0,1,0,1
H0703,Trump Gives Go-Ahead To Prosecute Omar For Fraud,gnfnews.com,0.433505716768955,2,9,10,10,10,7.0,5.0,9.0,1,0,1
H0558,Susan Collins Accuses Sara Gideon Of 'Defaming My Reputation And Attacking My Integrity',crooksandliars.com,0.454727504062072,2,9,10,10,10,8.0,8.0,9.0,1,1,1
H0091,"BREAKING : Look who ""the Russian"" in Don Jr. Meeting Worked with at FBI",truthfeed.com,0.493357374774002,2,9,10,10,10,3.0,0.0,4.0,0,0,0
H3874,"Update: Vehicle is found, Columbus Police Department is still searching for missing man last seen Oct. 29",wtvm.com,0.515502479905582,2,9,10,10,10,1.0,6.0,10.0,0,1,1
H1645,Lubbock Animal Services offering free kitten adoptions May 11-18,kcbd.com,0.539960927369288,2,9,10,10,10,1.0,1.0,10.0,0,0,1
H1115,Bushwick Bill of Rap Group Geto Boys Dies at 52 After Stage 4 Pancreatic Cancer Diagnosis,people.com,0.55408411231176,2,9,10,10,10,6.0,7.0,10.0,1,1,1
H2664,"Lawmakers introduce bill to withhold pay from Congress, president during shutdowns",koat.com,0.578280690197945,2,9,10,10,10,7.0,7.0,9.0,1,1,1
H2750,Animal cruelty investigators searching for owner who abandoned dog in Oneida Co.,cnycentral.com,0.605890514839029,2,9,10,10,10,9.0,10.0,10.0,1,1,1
H0670,There’s a Seriously Problematic Depiction of a Character in 'Avengers: Endgame',themarysue.com,0.644970408792582,2,9,10,10,10,1.0,2.0,7.0,0,0,1
H0307,Dallas pet owners find glass-filled meat in their backyards,cnn.com,0.658031073873161,2,9,10,10,10,2.0,10.0,10.0,0,1,1
H1403,'Very unhealthy' to even 'hazardous' air quality issues continue across Puget Sound region,komonews.com,0.682059461268985,2,9,10,10,10,4.0,4.0,10.0,0,0,1
H1880,Floyd Mayweather vs. Logan Paul weigh-in: Paul outweighs Mayweather by 34.5 pounds ahead of exhibition,cbssports.com,0.718640148890342,2,9,10,10,10,1.0,1.0,10.0,0,0,1
H1243,"A state senator may soon shadow a nurse for a day, after saying some of them spend much of their time playing cards",foxcarolina.com,0.734086944548371,2,9,10,10,10,7.0,7.0,8.0,1,1,1
H3975,Police Searching For Individual In Connection To University Of Miami Student’s Death,cbslocal.com,0.751190107612549,2,9,10,10,10,7.0,9.0,10.0,1,1,1
H2040,Oregon sheriff seeks anyone who had sex with man while unaware of his HIV status,katu.com,0.799546470406205,2,9,10,10,10,6.0,8.0,9.0,1,1,1
H0950,FDA approves emergency coronavirus treatment: 30 million doses of anti-malaria drugs,americanmilitarynews.com,0.805551571623199,2,9,10,10,10,2.0,1.0,10.0,0,0,1
H1839,"Nearly 40,000 fireworks recalled ahead of Fourth of July",wibw.com,0.843507551082131,2,9,10,10,10,1.0,1.0,10.0,0,0,1
H1218,Kalief Browder’s Suicide Inspired a Push to End Cash Bail. Now Lawmakers Have a Deal.,nytimes.com,0.858776290720608,2,9,10,10,10,2.0,6.0,7.0,0,1,1
H2662,An All-Star Game owned by two Indians pitchers supported in every way: Doug Lesmerises,cleveland.com,0.887855882350251,2,9,10,10,10,1.0,1.0,5.0,0,0,0
H3329,"NASA had a record pool of 18,000 applicants to be an astronaut. These 12 made it.",usatoday.com,0.901007708482031,2,9,10,10,10,1.0,2.0,10.0,0,0,1
H2144,Britain Announces A $2 Billion Rescue Package For The Arts,npr.org,0.930525246755544,2,9,10,10,10,1.0,1.0,9.0,0,0,1
H2768,New National Guard & Reserve units will deploy with active Army divisions and corps,armytimes.com,0.955899260798174,2,9,10,10,10,0.0,0.0,8.0,0,0,1
H0764,Venezuelan military deserters willing to return to fight Maduro,reuters.com,1.0,2,9,10,10,10,8.0,4.0,9.0,1,0,1
H3680,FACT: Joe Biden and Kamala Harris Support Abortions Up to Birth at Taxpayer Expense,lifenews.com,0.192545226493423,2,9,10,10,10,6.0,7.0,10.0,1,1,1
H2918,White House “Taking a Look” Into Regulating Google,infowars.com,0.0458475179096454,2,9,10,10,10,4.0,3.0,9.0,0,0,1
H1564,"In Yemen's Hudaida, 'the sound of warplanes never ceases'",aljazeera.com,0.779267503219657,2,9,10,10,10,4.0,5.0,7.0,0,0,1
H1305,Devin Nunes Goes Insane And Claims Democrats Shot Scalise And Have A Conspiracy Against Him,politicususa.com,0.35845073650398,2,9,10,10,10,7.0,6.0,9.0,1,1,1
H3277,Netflix Gains 2 Million Subscribers By Making Characters In Shows Subscribe To Netflix,theonion.com,0.445775894839608,2,9,10,10,10,5.0,4.0,10.0,0,0,1
H3856,‘The sky is the limit’: Azaleah’s Sewing Academy in Springfield welcomes curious beginners,masslive.com,0.862356607937521,2,9,10,10,10,1.0,1.0,10.0,0,0,1
H0401,MoA - Israel Declares Itself Apartheid State,moonofalabama.org,0.360199000528754,2,9,10,10,10,1.0,1.0,7.0,0,0,1
H1854,Marine Corps Flying Leatherneck Museum to Reopen at Former El Toro Base,military.com,0.879015340541404,2,9,10,10,10,0.0,1.0,9.0,0,0,1
H2796,Trans Woman Whose Beating Went Viral Last Month Has Been Killed,bust.com,0.619919972669728,2,9,10,10,10,1.0,10.0,10.0,0,1,1
H1019,How many people died because mainstream media panned Hydroxychloroquine?,noqreport.com,0.13234742131079,2,9,10,10,10,8.0,9.0,7.0,1,1,1
H0247,Soy protein found to deplete testosterone in men,naturalnews.com,0.0,2,10,10,10,10,9.0,10.0,7.0,1,1,1
H1572,"White Existence Is a Crime, Says South African BFL Party Spokesperson",infowars.com,0.0458475179096454,2,10,10,10,10,7.0,4.0,7.0,1,0,1
H2755,Putin: U.S/NATO Is Irreversibly Pushing the World Towards Nuclear War,awarenessact.com,0.0705539230341695,2,10,10,10,10,8.0,7.0,10.0,1,1,1
H3715,"Roger Stone Posts He Will Subpoena Adam Schiff, Make Him Testify Under Oath!",welovetrump.com,0.0871406069110147,2,10,10,10,10,7.0,5.0,7.0,1,0,1
H1106,Watch Egotism And Ignorance: Obama Schooled With Facts After Claiming Credit for Economy,conservativedailypost.com,0.124791324034711,2,10,10,10,10,4.0,2.0,8.0,0,0,1
H0504,Thank You Border Patrol! A DISGUSTING Child Molester Was Just STOPPED From Entering The US!,en-volve.com,0.126883146357792,2,10,10,10,10,10.0,4.0,8.0,1,0,1
H1148,US/NATO Provoked Ukraine War Say Most Experts On Russia,rumble.com,0.162505504571073,2,10,10,10,10,7.0,8.0,9.0,1,1,1
H3585,"Carter: Jesus Would Approve of Gay Marriage, Some Abortions",truthandaction.org,0.193436388849331,2,10,10,10,10,2.0,2.0,8.0,0,0,1
H1034,JUST IN: The Restaurant Liberals Love to Hate Will Provide Meals For Thousands Of Stranded #AtlantaAirport Passengers * 100PercentFedUp.com,100percentfedup.com,0.21938033253327,2,10,10,10,10,4.0,3.0,6.0,0,0,1
H0414,A Hauntingly Beautiful Short Film About Life and Death,themindunleashed.com,0.226698341110061,2,10,10,10,10,2.0,2.0,7.0,0,0,1
H2141,"12 Pics That'll Make You Say ""That's Enough Internet For Today""",collegehumor.com,0.261510916378325,2,10,10,10,10,2.0,2.0,7.0,0,0,1
H0771,It Took Just One Federal Judge to Bring a Swift End to Years of Lies about Benghazi,tplnews.com,0.298966514107487,2,10,10,10,10,2.0,3.0,9.0,0,0,1
H3222,Lady Gaga blasts Mike Pence at show: 'You are the worst representation of what it means to be a Christian',theblaze.com,0.319102558515008,2,10,10,10,10,7.0,6.0,7.0,1,1,1
H0171,Trump's press secretary praises his 'cease-fire' over footage of ongoing warfare,shareblue.com,0.335857768068227,2,10,10,10,10,2.0,1.0,8.0,0,0,1
H2056,BREAKING: US Navy strike group moves towards North Korea as war fears grow,express.co.uk,0.369894689710756,2,10,10,10,10,4.0,5.0,9.0,0,0,1
H1137,Kamala Harris slammed for pleading for help for small businesses after bailing out rioters,dailymail.co.uk,0.383860647514719,2,10,10,10,10,6.0,6.0,9.0,1,1,1
H0339,"Traitors: Esper, Milley claim they didn't know Trump was attacking Americans for their 'walk'",dailykos.com,0.413735620185017,2,10,10,10,10,6.0,7.0,6.0,1,1,1
H0835,Shocking moment when man throws ALIVE baby girl in DUMPSTER -- people are outraged,ntd.tv,0.43614522152228,2,10,10,10,10,10.0,9.0,8.0,1,1,1
H1068,EXCLUSIVE: Pence Rips Pelosi’s Behavior During Trump’s State Of The Union,dailycaller.com,0.469965661505635,2,10,10,10,10,9.0,7.0,9.0,1,1,1
H3527,"Nancy Pelosi Has a Solution to COVID-Induced Hunger, Evictions and Poverty: Pray for Republicans",mintpressnews.com,0.494701551770883,2,10,10,10,10,6.0,4.0,9.0,1,0,1
H1035,NASA Has a $3.46 Billion Plan to Cool Yellowstone and Harvest it for Energy,interestingengineering.com,0.512062357819041,2,10,10,10,10,2.0,4.0,8.0,0,0,1
H1377,Gorsuch sworn in as Supreme Court justice ahead of key cases | Fox News,foxnews.com,0.534260962262195,2,10,10,10,10,1.0,1.0,9.0,0,0,1
H0601,"Jim Carrey: Trump’s America is so great, ‘I can no longer have packages delivered to my home’",deadstate.org,0.569610523720532,2,10,10,10,10,7.0,6.0,8.0,1,1,1
H3533,"'A nightmare': Florida woman survives COVID-19, discovers husband had died at home",wesh.com,0.578461634386328,2,10,10,10,10,6.0,8.0,9.0,1,1,1
H0591,Ocean Embroidery Inspired by Satellite Images of Earth Showcase the Vast Beauty of the Sea,mymodernmet.com,0.601952330135495,2,10,10,10,10,1.0,1.0,10.0,0,0,1
H0610,What is a Karen? The dreaded ‘white lady’ meme nickname explained,nypost.com,0.638970275002357,2,10,10,10,10,3.0,3.0,9.0,0,0,1
H2126,Community carwash raises money for a family of an infant who died of type 1 diabetes,fox4now.com,0.666277631273014,2,10,10,10,10,4.0,9.0,10.0,0,1,1
H1793,The GOP’s 2019 Agenda Is for Donors’ Eyes Only,nymag.com,0.689029040957724,2,10,10,10,10,5.0,4.0,9.0,0,0,1
H1352,Multiple cars reported stolen in J-town area,wlky.com,0.70671685535604,2,10,10,10,10,4.0,8.0,10.0,0,1,1
H3574,Billboard calling Trump ‘idiot’ roils New Jersey town,pix11.com,0.739336993642173,2,10,10,10,10,5.0,5.0,10.0,0,0,1
H1402,Newly released top secret documents may reveal who was behind JFK assassination,aol.com,0.774220388842363,2,10,10,10,10,5.0,9.0,10.0,0,1,1
H1038,Report: 10 tons of trash left behind on Virginia beach after Memorial Day Weekend event,okcfox.com,0.799575239607355,2,10,10,10,10,4.0,6.0,8.0,0,1,1
H2837,Analysis | This Wisconsin Republican’s letter to Trump is high art,washingtonpost.com,0.818780596798307,2,10,10,10,10,1.0,1.0,6.0,0,0,1
H2182,Trump announces emergency authorization for new COVID-19 treatment after accusing FDA of purposefully delaying research,nbcnews.com,0.843937401226111,2,10,10,10,10,7.0,3.0,9.0,1,0,1
H3670,Bones of new dinosaur species found in Missouri,ktla.com,0.854788060655499,2,10,10,10,10,1.0,2.0,7.0,0,0,1
H1752,Salem man dies after falling 50 feet from tree when harness snaps,wmur.com,0.877291605300351,2,10,10,10,10,2.0,10.0,10.0,0,1,1
H3498,Why Are Coins Left on Headstones?,snopes.com,0.90354981436689,2,10,10,10,10,1.0,2.0,6.0,0,0,1
H2273,DeWitt man's goal: Collect 1 million cans and bottles to fund cancer research,syracuse.com,0.940444469429823,2,10,10,10,10,3.0,4.0,7.0,0,0,1
H3339,Smoking can affect leg arteries for decades after people quit,upi.com,0.950555959253076,2,10,10,10,10,6.0,6.0,9.0,1,1,1
H3553,"'Whoa, that's not right': Georgia towns lead census appeals",apnews.com,0.998049167729267,2,10,10,10,10,1.0,3.0,7.0,0,0,1
H2103,"Hacker who helped expose Ohio rape case pleads guilty, faces more prison time than rapists — RT America",rt.com,0.293277424671587,2,10,10,10,10,8.0,7.0,9.0,1,1,1
H1882,"Anquan Boldin Leaves Bills, Retires After 14-Year NFL Career - Bleacher Report",bleacherreport.com,0.734238148179424,2,10,10,10,10,1.0,1.0,7.0,0,0,1
H3422,How Billy Joel Became a Residency Pioneer and a Touring Titan -- Without Any New Music,billboard.com,0.676096071646937,2,10,10,10,10,1.0,2.0,7.0,0,0,1
H0034,COLORADO: Boulder Residents File Lawsuit Against City Over Firearm Ban,dailycaller.com,0.469965661505635,2,10,10,10,10,6.0,6.0,8.0,1,1,1
H2417,'Biggest Heart In The World:' Beloved NJ Teen ID'd In Fatal Crash,patch.com,0.933491002134259,2,10,10,10,10,3.0,7.0,8.0,0,1,1
H0894,The DOOMSDAY clock is two-and-a-half minutes from midnight | Daily Mail Online,dailymail.co.uk,0.383860647514719,2,10,10,10,10,3.0,3.0,6.0,0,0,1
H2903,"A Black man shot in the back, a viral video and civil unrest: Kenosha and the rest of the country are on edge after latest police shooting",jsonline.com,0.879670844939335,2,10,10,10,10,8.0,9.0,9.0,1,1,1
H1820,Infowars Network Feed: LIVE 24/7,rumble.com,0.162505504571073,2,10,10,10,10,1.0,3.0,5.0,0,0,0
H3018,REPORT: Harvard Grad Fired After Saying She Would ‘Stab’ Anyone Who Says ‘All Lives Matter’ In Viral TikTok,dailycaller.com,0.469965661505635,2,10,10,10,10,7.0,5.0,8.0,1,0,1
H0190,"Martin Scorsese, Helen Mirren, and More Decry Removal of Lillian Gish’s Name From Theater",indiewire.com,0.631031922852167,2,10,10,10,10,6.0,6.0,7.0,1,1,1
H2783,"Man Tries To Photograph The Eclipse, Ends Up Capturing Mysterious Shadow Behind The Moon",worldtruth.tv,0.017643643892146,2,11,10,10,10,0.0,0.0,9.0,0,0,1
H0162,Eerie: Cartoon Depicts Kobe Bryant Helicopter Crash in 2016,infowars.com,0.0458475179096454,2,11,10,10,10,1.0,3.0,9.0,0,0,1
H2245,"European Database of Adverse Reactions Following COVID-19 Vaccines: 10,570 DEAD & 405,259 Injuries",humansarefree.com,0.0572211982440859,2,11,10,10,10,3.0,6.0,9.0,0,1,1
H3206,"FACT CHECK : Yes, Nancy Pelosi Moved Billions from SSI to Cover Impeachment Costs – Americas News Source",americasnewssource.com,0.0880431164085701,2,11,10,10,10,7.0,5.0,9.0,1,0,1
H3131,"Carpe Donktum's Latest: ""Is This the Future of America?""",thegatewaypundit.com,0.109374585525566,2,11,10,10,10,0.0,2.0,2.0,0,0,0
H0666,POLL: Who Is The Bigger Liar - Bill or Hillary?,en-volve.com,0.126883146357792,2,11,10,10,10,5.0,0.0,7.0,0,0,1
H0928,"BOOM: The Rock BODY SLAMS 'Generation Snowflake,' People Who Are 'Always Looking To Be Offended'",ilovemyfreedom.org,0.167993938241521,2,11,10,10,10,7.0,5.0,6.0,1,0,1
H3938,Gov. Newsome Unleashes A $98 Million Bill On CA Taxpayers That'll Grant Undoc'd Migrants Healthcare,thefreedomtimes.com,0.199250892452131,2,11,10,10,10,8.0,8.0,9.0,1,1,1
H0341,"Neighbors Laugh When He Spends $8,300 on 400 Ft of Plastic. Days Later, It Rains 27"" & Saves His House",westernjournal.com,0.212942660560995,2,11,10,10,10,5.0,3.0,9.0,0,0,1
H2300,Senate Democrats Are Letting Trump's Judges Get Confirmed - Liberals Are Furious,americanlookout.com,0.242639223381286,2,11,10,10,10,9.0,8.0,9.0,1,1,1
H3766,IT’S OFFICIAL: NBA Championship the Least Watched Final Series on Record | Sean Hannity,hannity.com,0.26091281309063,2,11,10,10,10,2.0,3.0,9.0,0,0,1
H1009,Schumer Admits His Trump Impeachment Dream | TrumpTrain,trumptrainnews.com,0.297388124193019,2,11,10,10,10,6.0,7.0,8.0,1,1,1
H0264,CNN labels Dem Gov. Ralph Northam a 'Republican' during segment on blackface-KKK controversy,theblaze.com,0.319102558515008,2,11,10,10,10,5.0,5.0,10.0,0,0,1
H1951,Wikileaks Huge Exposure: These Are The Six Republicans That Hillary Had Bribed To ‘Destroy Trump’!,politicslive.net,0.330427239725357,2,11,10,10,10,9.0,8.0,10.0,1,1,1
H1477,Biden Mocked For Restricting Travel From African Nations After He Attacked Trump For Doing The Same,dailywire.com,0.357498144984751,2,11,10,10,10,7.0,6.0,9.0,1,1,1
H1043,PICTURED: Empty COVID vaccination centers in NYC as health workers say 'we blew it',dailymail.co.uk,0.383860647514719,2,11,10,10,10,5.0,2.0,7.0,0,0,1
H3383,"College student, who ended up in the emergency room after receiving her second Covid-19 vaccine dose, was removed from university for not getting third dose even though her doctor requested exemption - NewsBreak",newsbreak.com,0.411188765089231,2,11,10,10,10,4.0,9.0,9.0,0,1,1
H3008,Man dresses puppy up as giant spider—see the reactions it gets in the lift! - NTD Inspired,ntd.tv,0.43614522152228,2,11,10,10,10,3.0,3.0,9.0,0,0,1
H2907,"The Scale of Pentagon Waste Boggles the Mind, But Congress Keeps Giving Them More",counterpunch.org,0.464496009471983,2,11,10,10,10,9.0,2.0,8.0,1,0,1
H0304,Swarm of eels breaks record for most fish ever spotted at one time in abyssal ocean,livescience.com,0.475796155079278,2,11,10,10,10,0.0,0.0,10.0,0,0,1
H3409,Man charged in pipe bomb hoax captured after hospital escape,wkbw.com,0.517221850950033,2,11,10,10,10,8.0,5.0,9.0,1,0,1
H2969,Health professionals report cases where people put sunscreen on their eyeballs to watch eclipse,fox5ny.com,0.541678915519192,2,11,10,10,10,1.0,4.0,9.0,0,0,1
H3909,"Man in white van: ‘I’d love to rape you little girl’, says Union report",wspa.com,0.552649667527312,2,11,10,10,10,10.0,10.0,10.0,1,1,1
H3217,Wahlburgers announces opening date for Olathe location,kmbc.com,0.599200073403383,2,11,10,10,10,0.0,0.0,8.0,0,0,1
H3590,Teacher Sat In Car With Former Student's Baby So New Mom Could Attend Job Fair,lex18.com,0.609340999307784,2,11,10,10,10,1.0,2.0,9.0,0,0,1
H2599,Are ice dams building up on your roof?,ktvb.com,0.643031541674892,2,11,10,10,10,3.0,3.0,7.0,0,0,1
H2423,Biden administration urging state and local governments to use Covid relief funding to address uptick in violent crime,cnn.com,0.658031073873161,2,11,10,10,10,2.0,1.0,8.0,0,0,1
H0672,"Baby found dead after mom went to work, left him alone for 8 hours: police",fox13now.com,0.682023325409777,2,11,10,10,10,8.0,8.0,10.0,1,1,1
H1069,Americans Firing Back After Mike Huckabee Paints His Daughter As A Hero [DETAILS],destinypost.com,0.706471526952145,2,11,10,10,10,6.0,4.0,5.0,1,0,0
H0237,The Wisconsin Supreme Court’s Decision Is Brilliant,aier.org,0.744867571982125,2,11,10,10,10,0.0,0.0,4.0,0,0,0
H1075,Infant deaths in Fisher-Price Rock 'N Play prompts safety alert,11alive.com,0.771488593151581,2,11,10,10,10,6.0,7.0,9.0,1,1,1
H1213,"Teacher writes ""WTF is this?"" on student's homework assignment in Florida",wilx.com,0.778831453241564,2,11,10,10,10,8.0,8.0,9.0,1,1,1
H3569,"White Supremacists, Russia Pose Top Threats, Homeland Security Says",wsj.com,0.804466118117895,2,11,10,10,10,9.0,2.0,9.0,1,0,1
H1163,"Wrong identification of injured man led family to take stranger off life support, lawsuit says",nbcnews.com,0.843937401226111,2,11,10,10,10,5.0,10.0,9.0,0,1,1
H0906,A First in Over a Century: Only One State Has a Split Legislature,nytimes.com,0.858776290720608,2,11,10,10,10,0.0,0.0,6.0,0,0,1
H3271,Auburn’s Deshaun Davis selected by Cincinnati in 6th round of 2019 NFL Draft,al.com,0.886825382677401,2,11,10,10,10,0.0,0.0,7.0,0,0,1
H2272,16-year-old shot while running away from armed teen in South City,kmov.com,0.907222206976868,2,11,10,10,10,9.0,10.0,10.0,1,1,1
H2913,The shocking truth of Stanley Milgram’s obedience experiments,newscientist.com,0.935582630250769,2,11,10,10,10,4.0,3.0,5.0,0,0,0
H2573,Flu Vaccination & Possible Safety Signal Error processing SSI file,cdc.gov,0.964445730133301,2,11,10,10,10,1.0,1.0,3.0,0,0,0
H1734,"On TV, 9/11 was last huge story for ‘Big 3’ network anchors",apnews.com,0.998049167729267,2,11,10,10,10,2.0,2.0,9.0,0,0,1
H1468,3 Foolproof Ways To Manage Stress (That Aren't Meditation),mindbodygreen.com,0.334992264005596,2,11,10,10,10,1.0,0.0,8.0,0,0,1
H0305,Amber Alert: 14-year-old girl from Hondo last seen in October,fox26houston.com,0.675352572723559,2,11,10,10,10,0.0,9.0,8.0,0,1,1
H3424,Border Wall GoFundMe Campaign Raises Over $12 Million; War Vet Founder Comes Under Fire,dailywire.com,0.357498144984751,2,11,10,10,10,6.0,5.0,9.0,1,0,1
H0847,"ATLANTA ANARCHY: Mayor BANS ICE, Orders ALL DETAINEES Removed from City Prisons | Sean Hannity",hannity.com,0.26091281309063,2,11,10,10,10,6.0,4.0,8.0,1,0,1
H0253,"Without A Plan To End It, Trump Is Aggressively Selling The Government Shutdown With A “Higher Purpose”",buzzfeednews.com,0.800096669487342,2,11,10,10,10,7.0,3.0,9.0,1,0,1
H3036,"US stock market could end up dropping 20%-30% before bottom is finally reached, says El-Erian",cnbc.com,0.850264693981546,2,11,10,10,10,0.0,3.0,8.0,0,0,1
H1342,"En video: cliente en Walmart hace gárgaras con un enjuague bucal, escupe el líquido en el envase y lo devuelve al estante",univision.com,0.717076812957865,2,11,10,10,10,4.0,3.0,4.0,0,0,0
H3455,Joe Biden 2020? Not After These Videos of Him Sexually Harassing Women and Little Girls Go Viral,en-volve.com,0.126883146357792,2,11,10,10,10,7.0,9.0,8.0,1,1,1
H1398,"Man charged after killing dog by swerving into it with his truck, police say",kmov.com,0.907222206976868,2,11,10,10,10,8.0,9.0,9.0,1,1,1
H0086,The New War on Comedy - Quillette,quillette.com,0.430144838257422,2,11,10,10,10,1.0,4.0,3.0,0,0,0
H0081,12 Photographs Mainstream Archaeology Does Not Want You To See,worldtruth.tv,0.017643643892146,2,12,12,12,12,5.0,2.0,6.0,0,0,0
H1787,Christians Cancel Easter Celebrations Over ISIS Fears » Alex Jones' Infowars: There's a war on for your mind!,infowars.com,0.0458475179096454,2,12,12,12,12,9.0,11.0,9.0,1,1,1
H0321,"HIllary Clinton Blames Election Loss On '1,000's Of Russian Agents' Using 'Weaponized Data' On Social Media • Now The End Begins",nowtheendbegins.com,0.0731174714253107,2,12,12,12,12,10.0,10.0,11.0,1,1,1
H2411,"Sweden: Looting, Cars Torched, Police Attacked As Riots Break Out In Migrant Suburb (Video)",truthuncensored.net,0.0853217706757043,2,12,12,12,12,6.0,11.0,12.0,0,1,1
H3160,AMEN! Florence Catholic Priest Refuses to Give Communion to Pro-Abortion Joe Biden,thegatewaypundit.com,0.109374585525566,2,12,12,12,12,9.0,6.0,11.0,1,0,1
H3928,Real Jew News,realjewnews.com,0.147820614138928,2,12,12,12,12,0.0,0.0,5.0,0,0,0
H3074,"Heat Causes Aluminum to Leach Foil to Food. Aluminum Toxicity Causes Dementia, Alzheimer’s and Cancer",healthy-holistic-living.com,0.171653494614812,2,12,12,12,12,9.0,6.0,12.0,1,0,1
H0381,Lou Holtz: “Radically Pro-Abortion Joe Biden is Catholic in Name Only”,lifenews.com,0.192545226493423,2,12,12,12,12,4.0,1.0,8.0,0,0,1
H3500,San Francisco Elects DA Who Is the Son of Terrorists and Won't Prosecute Public Urination,westernjournal.com,0.212942660560995,2,12,12,12,12,9.0,5.0,7.0,1,0,1
H1157,Federal Judge Delaying Trial of Scandalous IT Man Imran Awan,frontpagemag.com,0.234772051555315,2,12,12,12,12,7.0,2.0,10.0,1,0,1
H2483,Peter Navarro Lobs a Serious Allegation About Anthony Fauci Over Hydroxychloroquine,townhall.com,0.273514170924363,2,12,12,12,12,6.0,5.0,7.0,0,0,1
H1766,"Mike Pence Is 'Homeless,' Going from Couch to Couch, 'In Fear of His Life Because of Donald Trump'",politicalflare.com,0.28886565387244,2,12,12,12,12,12.0,12.0,10.0,1,1,1
H1956,AOC’s Police Reform Plan Takes Guns Away from Cops,bustatroll.org,0.305763469372666,2,12,12,11,12,8.0,8.0,11.0,1,1,1
H2068,"Ashton Kutcher Rescues 6,000 Sex Trafficking Victims, Helps Arrest Over 2,000 Traffickers",westernsentinel.com,0.341118590914246,2,12,12,12,12,12.0,12.0,12.0,1,1,1
H1165,Putin now reportedly in danger of being overthrown by his own FSB,palmerreport.com,0.360703012753001,2,12,12,12,12,11.0,8.0,11.0,1,1,1
H1133,"Trump Risks Embarrassment When He Doesn't Know Activist He's Speaking To Won Nobel Peace Prize: ""They Gave It To You For What Reason?"" · DC Tribune",dctribune.org,0.384747319165608,2,12,12,12,12,6.0,6.0,9.0,0,0,1
H0640,"As farmers intensify protests in north India, working-class anger erupts in Karnataka in the south",wsws.org,0.420756841985441,2,12,12,12,12,4.0,6.0,9.0,0,0,1
H1946,Ex-DOJ official says Trump's attorney general 'is now in open warfare' with Mueller's team as his own credibility crumbles,alternet.org,0.42818441506045,2,12,12,12,12,8.0,5.0,8.0,1,0,1
H1390,'Don’t apologize! Double down’: Pastor reveals Trump encouraged him to post pictures of Hillary in blackface,rawstory.com,0.461914938868004,2,12,12,12,12,11.0,10.0,10.0,1,1,1
H3385,A Mathematician Wrote a 'Hipster Equation' to Figure Out Why All Hipsters Look Alike,livescience.com,0.475796155079278,2,12,12,12,12,2.0,2.0,8.0,0,0,1
H1556,"Biden Refuses To Believe Unemployment Benefits Incentivizing Ppl To Not Work, Blames Childcare",washingtonexaminer.com,0.508074929491517,2,12,12,12,12,8.0,5.0,11.0,1,0,1
H0768,Subscribe & Stream Tucker Carlson's New Show,foxnews.com,0.534260962262195,2,12,12,12,12,0.0,0.0,9.0,0,0,1
H2740,Stacey Abrams Goes Viral With 2-Minute Takedown of Georgia Voting Law,huffpost.com,0.568450135334297,2,12,12,12,12,5.0,2.0,10.0,0,0,1
H2891,"FDA takes new steps to address epidemic of youth e-cigarette use, including a historic action against more than 1,300 retailers and 5 major manufacturers for their roles perpetuating youth access",fda.gov,0.590162279584314,2,12,12,12,12,9.0,9.0,10.0,1,1,1
H0639,"Police: Murder-suicide under investigation in Port Barre, three dead",klfy.com,0.608805552685598,2,12,12,12,12,5.0,9.0,11.0,0,1,1
H3983,EPD asking for public’s help to identify theft suspect,14news.com,0.629958582225415,2,12,12,12,12,7.0,2.0,10.0,1,0,1
H3183,Louisiana offering travel trailers and other housing to those left without a home after Hurricane Ida,cnn.com,0.658031073873161,2,12,12,12,12,7.0,9.0,12.0,1,1,1
H3245,Why the Minimum Wage Can’t Solve the Poverty Problem | Paul Boyce,fee.org,0.690431005939915,2,12,12,12,12,2.0,4.0,11.0,0,0,1
H3886,Quedan solo 30 vaquitas marinas y su extinción es inminente,univision.com,0.717076812957865,2,12,12,12,12,1.0,0.0,2.0,0,0,0
H1202,"Potentially poisonous chemical found in bottled water sold at Target, Walmart",foxcarolina.com,0.734086944548371,2,12,12,12,12,8.0,5.0,11.0,1,0,1
H3298,"Metro Health Dept. reports 27 deaths, 2,832 cases of COVID-19 in Nashville",wkrn.com,0.767484212606095,2,12,12,12,12,6.0,9.0,11.0,0,1,1
H0169,D.L. Hughley Slams Donald Trump Amidst The Muslim Ban,vibe.com,0.782011610767109,2,12,12,12,12,8.0,8.0,9.0,1,1,1
H0805,"Forget Cancun, Querétaro Is The City In Mexico You Need To Visit ASAP",wearemitu.com,0.815809170397207,2,12,12,12,12,1.0,1.0,11.0,0,0,1
H0753,Spokane-area schools prepare for student walkouts demanding stricter gun control,spokesman.com,0.843545801335292,2,12,12,12,12,3.0,8.0,11.0,0,1,1
H1167,American Airlines fined $1M for long tarmac delays,dallasnews.com,0.868633253227712,2,12,12,12,12,7.0,3.0,11.0,1,0,1
H2114,Man killed in Five Points shooting; no suspect information released,kdvr.com,0.876767073538379,2,12,12,12,12,5.0,12.0,11.0,0,1,1
H1652,"Amy Schumer stands with Kaepernick, declines Super Bowl ads",abc7chicago.com,0.905571729093681,2,12,12,12,12,3.0,3.0,11.0,0,0,1
H3521,"4 arrested after 2 fights break out at Henninger High School, police say",syracuse.com,0.940444469429823,2,12,12,12,12,3.0,3.0,11.0,0,0,1
H1677,"AOC, Bill Nye and the apocalypse: The insanity of SXSW 2019",cnet.com,0.951854977853014,2,12,12,12,12,1.0,0.0,2.0,0,0,0
H1772,Rep. Rashida Tlaib selling ‘Impeach the motherf-----’ shirts for reelection campaign,rollcall.com,0.982850843623789,2,12,12,12,12,6.0,1.0,9.0,0,0,1
H1310,"The American Revolution’s Starving, Barefoot, Heroic Troops | National Review",nationalreview.com,0.573614730794166,2,12,12,12,12,0.0,4.0,4.0,0,0,0
H0425,Authorities Find Smuggling Tunnel Under Arizona KFC - NTD.TV,ntd.tv,0.43614522152228,2,12,12,12,12,3.0,0.0,11.0,0,0,1
H2460,Explosive Dr. David Martin: Who “They” Are: “The Names and Faces of the People Who Are Killing Human,bitchute.com,0.124014428918512,2,12,11,12,12,5.0,2.0,1.0,0,0,0
H2011,"Throw out all your chopped romaine lettuce, it could have E. coli, CDC says",ksdk.com,0.64280305900301,2,12,12,12,12,5.0,4.0,11.0,0,0,1
H1593,"Nurse whistleblower says more kids dead of the vax than COVID-19, many more also speaking out",thelibertyloft.com,0.394934516025911,2,12,12,12,12,8.0,8.0,11.0,1,1,1
H3804,Journalist who took up right-wing invite to Sweden ‘escorted by police out of Rinkeby’ (VIDEO),rt.com,0.293277424671587,2,12,12,12,12,3.0,3.0,8.0,0,0,1
H1153,POLL: Does Donald Trump Need Obama's Help and Guidance To Lead The Country?,en-volve.com,0.126883146357792,2,12,12,12,12,0.0,0.0,9.0,0,0,1
H3843,Obsessive Compulsive Disorder (OCD),medicalmedium.com,0.177688101857909,2,12,12,12,12,1.0,1.0,8.0,0,0,1
H2659,Shelter Dog Covered In Tiny Scars Gets His First Real Hug,thedodo.com,0.598420990203831,2,12,12,12,12,1.0,10.0,12.0,0,1,1
H2666,Russell Brand Credits God And Sobriety For Making Him A New Man,hellochristian.com,0.185584781299087,2,12,12,12,12,1.0,6.0,12.0,0,0,1
H2966,Hundreds of Economists Agree Marijuana Legalization Could Save US taxpayers $13.7 Billion per Year,worldtruth.tv,0.017643643892146,2,13,12,12,12,2.0,5.0,12.0,0,0,1
H1753,NBA Star Charles Barkley Says Waste of Time Worrying Over 'Stupid' Statues » Alex Jones' Infowars: There's a war on for your mind!,infowars.com,0.0458475179096454,2,13,12,12,12,1.0,2.0,6.0,0,0,0
H3507,Young Girl’s Ovaries Completely Destroyed By the Gardasil Vaccine,awarenessact.com,0.0705539230341695,2,13,12,12,12,11.0,12.0,12.0,1,1,1
H0450,**BOMBSHELL* There Were 5 Emails On Hillary’s Server With Details On How To Murder Chris Stevens…HERE THEY ARE,americanjournalreview.com,0.0878375859873984,2,13,12,12,12,11.0,10.0,11.0,1,1,1
H2617,FLASHBACK: FBI Seth Rich Document Dump Included Emails Mentioning the Clintons and Mueller in Discussions of Seth Rich's Death,thegatewaypundit.com,0.109374585525566,2,13,12,12,12,5.0,7.0,9.0,0,1,1
H2318,"Researchers find the Swastika dates back over 11,000 years",ewao.com,0.131186638839105,2,13,12,12,12,0.0,0.0,11.0,0,0,1
H3443,The Legend of Shambhala: A Hidden Land That Exists Within Our Own,collective-evolution.com,0.168563032667644,2,13,12,12,12,0.0,3.0,10.0,0,0,1
H3544,Gary Webb: The Whistleblower Reporter That Exposed The CIA Drug Trade In South Central Los Angeles - David Avocado Wolfe,davidwolfe.com,0.197927783468443,2,13,12,12,12,5.0,4.0,10.0,0,0,1
H1197,"Mother Celebrates as Trans Child Receives Implant, Insists She's Giving Him the Life He Deserves",westernjournal.com,0.212942660560995,2,13,12,12,12,1.0,3.0,12.0,0,0,1
H1489,Paris: Trump Blocks First of Obama's 'Three Authoritarianisms' | Roger L. Simon,pjmedia.com,0.225278100615081,2,13,12,12,12,8.0,5.0,8.0,1,0,1
H3857,CAUGHT RED HANDED! Paul Ryan And Mitch McConnell Caught Engaging In Highly Illegal Activity,democraticmoms.com,0.273574758339533,2,13,12,12,12,10.0,2.0,11.0,1,0,1
H3197,Melania Trump Unveils Her Stunning White House Christmas Decorations for 2019,thepoliticalinsider.com,0.275564764275463,2,13,12,12,12,0.0,1.0,12.0,0,0,1
H2980,PAYBACK: Sean Spicer Goes ALL OUT on CNN and SLAMS Acosta in Front of Everyone!,ustruthwire.com,0.304880897706382,2,13,12,12,12,9.0,9.0,9.0,1,1,1
H3031,Trump Just Released the 48 Second Video Obama Didn’t Want You to See… Liberals are FURIOUS. - Guerrilla News,guerilla.news,0.328729779932138,2,13,12,12,12,10.0,9.0,12.0,1,1,1
H2051,Some 50 Illegal Immigrants Stormed a Port of Entry; Border Agents Had to Use Tear Gas,lifezette.com,0.353302231013722,2,13,12,12,12,10.0,9.0,11.0,1,1,1
H3431,"Kentucky Governor: You Can Reopen Your Church, But Avoid Congregational Singing",toddstarnes.com,0.38550572303315,2,13,12,12,12,5.0,6.0,11.0,0,0,1
H0471,Trump regime protects corporate cronies by censoring science paid for by the American public,dailykos.com,0.413735620185017,2,13,12,12,12,7.0,8.0,8.0,1,1,1
H1588,"This Republican Just Tried To SCOLD Sally Yates For Defying Trump, INSTANTLY RECEIVES A BRUTAL RESPONSE",realtimepolitics.com,0.431190730681202,2,13,12,12,12,9.0,9.0,10.0,1,1,1
H1616,Head of Trump's Pandemic Response Slammed for Misleading Claim That 40% of the U.S. Has 'Extraordinarily Low Number' of Cases,secondnexus.com,0.460612497703407,2,13,12,12,12,8.0,5.0,11.0,1,0,1
H3412,‘Look Before You Lock’ To Prevent Child Heat Stroke And 4 Other Back-to-School Safety Tips For Driving With Your Kids,scarymommy.com,0.475679657982067,2,13,12,12,12,3.0,6.0,11.0,0,0,1
H3496,Racine Police Chief says he will enforce 'Safer at Home' order,journaltimes.com,0.515748363380812,2,13,12,12,12,3.0,4.0,12.0,0,0,1
H3663,Trump's Phone Proves He Is A So-Called Husband And Dad As Well As A So-Called President,liberalamerica.org,0.525908326005,2,13,12,12,12,2.0,0.0,8.0,0,0,1
H3497,U.S. space shuttle docks with Russian space station,history.com,0.564616923333448,2,13,12,12,12,2.0,2.0,10.0,0,0,1
H2276,Invasive ‘murder hornet’ in the U.S. for the first time,wowktv.com,0.583131563726547,2,13,12,12,12,8.0,7.0,12.0,1,1,1
H2562,"BREAKING: 21 People Shot, 5 Dead After Odessa, TX Traffic Stop Shooting Spree - The Truth About Guns",thetruthaboutguns.com,0.623729921629545,2,13,12,12,12,5.0,12.0,12.0,0,1,1
H1617,Lightning strike explodes toilet in Southwest Florida,wptv.com,0.64280305900301,2,13,12,12,12,4.0,4.0,12.0,0,0,1
H0620,Meet the Kenyan schoolgirls who hope to end female genital mutilation with an app,mashable.com,0.656274595912555,2,13,12,12,12,3.0,7.0,11.0,0,1,1
H0257,"Mentor veteran loses battle with PTSD, community wants to remind vets help is out there",cleveland19.com,0.689274090638285,2,13,12,12,12,5.0,11.0,11.0,0,1,1
H0023,Egypt mummies to pass through Cairo in ancient rulers' parade,bbc.co.uk,0.718306150148359,2,13,12,12,12,1.0,2.0,11.0,0,0,1
H0891,Deputies ask for public's help in search for missing Clinton woman with dementia,foxcarolina.com,0.734086944548371,2,13,12,12,12,0.0,9.0,11.0,0,1,1
H3577,Ex-British PM Gordon Brown Slams Own Labour Party for Allowing ‘Demonization of the Entire Jewish People’,algemeiner.com,0.772922744600069,2,13,12,12,12,8.0,8.0,11.0,1,1,1
H3378,Bossier Parish authorities ask for help solving 12-year-old missing person case,ksla.com,0.783416495900999,2,13,12,12,12,0.0,9.0,12.0,0,1,1
H0140,"UPDATED: A soldier's remains return to Mississippi, 68 years after he died in the Korean War",clarionledger.com,0.824123002582032,2,13,12,12,12,4.0,10.0,12.0,0,1,1
H2190,Math Whiz Explains How Russians Do Multiplication And It Might Change The Way You Calculate Things - Digg,digg.com,0.843214097560348,2,13,12,12,12,2.0,1.0,11.0,0,0,1
H0696,"'We're here to stay.' Despite isolation and racism, Black Americans feel at home in California's desert",latimes.com,0.854215102806626,2,13,12,12,12,4.0,8.0,11.0,0,1,1
H2420,Police searching for family of man who died alone,fayobserver.com,0.879015340541404,2,13,12,12,12,2.0,8.0,11.0,0,1,1
H1639,This 85-year-old Special Forces legend has one of the most badass military resumes we’ve ever seen | We Are The Mighty,wearethemighty.com,0.905571729093681,2,13,12,12,12,1.0,1.0,12.0,0,0,1
H2896,Pritzker Administration Keeps Trying To Kill Coronavirus Test Co.,patch.com,0.933491002134259,2,13,12,12,12,9.0,10.0,11.0,1,1,1
H3214,"U.S. service member killed near Mosul, Iraq",militarytimes.com,0.951497998550873,2,13,12,12,12,4.0,12.0,12.0,0,1,1
H1944,Vaccine rollout hits snag as health workers balk at shots,apnews.com,0.998049167729267,2,13,12,12,12,2.0,3.0,9.0,0,0,1
H2973,Josh Dobbs to start Sunday vs. Falcons Pittsburgh Steelers,247sports.com,0.546185208330786,2,13,12,12,12,0.0,1.0,12.0,0,0,1
H3908,"Cockatoo Gets Caught Eating Donut, Throws Epic Tantrum When It's Taken Away",rumble.com,0.162505504571073,2,13,12,12,12,4.0,6.0,11.0,0,0,1
H0173,"Some deported migrant parents may lose their children to U.S. adoption, AP reports",dailykos.com,0.413735620185017,2,13,12,12,12,7.0,12.0,12.0,1,1,1
H3292,Former Nazi and Democrat Donor George Soros Now Connected to Every Major Protest Since November Election,awarenessact.com,0.0705539230341695,2,13,12,12,12,10.0,2.0,12.0,1,0,1
H0677,Let God’s Laws and Principles Train Your Conscience | Study,jw.org,0.274417751767474,2,13,12,12,12,0.0,1.0,8.0,0,0,1
H0778,China Prepares Policy to Increase Access for Foreign Companies,wsj.com,0.804466118117895,2,13,12,12,12,1.0,3.0,11.0,0,0,1
H1611,"Awkward: Bill Clinton Tells CNN ""There is a Limit to How Many Migrants Any Society Can Take""",thegatewaypundit.com,0.109374585525566,2,13,12,12,12,5.0,8.0,9.0,0,1,1
H1602,Greenville man charged with statutory child rape,witn.com,0.752113421642437,2,13,12,12,12,11.0,10.0,12.0,1,1,1
H3710,Why People Who Hate Trump Stick With Him,theatlantic.com,0.803526667450118,2,13,12,12,12,6.0,4.0,10.0,0,0,1
H3614,Breaking ! Former US President George H. W.Bush Dies - NewsLeak.CO,newsleak.co,0.216405500798777,2,13,12,12,12,2.0,7.0,12.0,0,1,1
H2757,Is the measles vaccine more dangerous than the disease?,naturalnews.com,0.0,2,14,11,11,11,2.0,0.0,10.0,0,0,1
H0654,"Soros and Google ""AstroTurf"" net neutrality meeting to preserve censorship » Alex Jones' Infowars: There's a war on for your mind!",infowars.com,0.0458475179096454,2,14,11,11,11,4.0,4.0,7.0,0,0,1
H3571,Catholic Bishop Plans To Drop Holy Water From Helicopter To Rid Entire City of ‘Demons’,awarenessact.com,0.0705539230341695,2,14,11,11,11,6.0,6.0,11.0,1,1,1
H1863,Miami Private School Will Deny Employment To Those Vaccinated,welovetrump.com,0.0871406069110147,2,14,11,11,11,11.0,11.0,11.0,1,1,1
H0201,DOJ Asks for Information on 1.3 Million Visitors to Anti-Trump Protest Organizing Website,thegatewaypundit.com,0.109374585525566,2,14,11,11,11,2.0,3.0,10.0,0,0,1
H3408,"Bed, Bath & Beyond stock collapses by 36% after Mike Lindell canceled",noqreport.com,0.13234742131079,2,14,11,11,11,3.0,6.0,9.0,0,1,1
H1938,What is the definition of sin?,gotquestions.org,0.167813984196301,2,14,11,11,11,0.0,0.0,8.0,0,0,1
H0010,Democrats Push Vote Next Week on ERA That Makes Killing Babies in Abortions a Constitutional Right,lifenews.com,0.192545226493423,2,14,11,11,11,8.0,9.0,11.0,1,1,1
H3706,Clintons' Speaking Tour Starts with Disaster: Attendee Disrupts Show To Tell Them How He Really Feels,westernjournal.com,0.212942660560995,2,14,11,11,11,8.0,7.0,11.0,1,1,1
H1368,REPORT: Trump To Visit Southern Border With Texas Governor Greg Abbott,americanlookout.com,0.242639223381286,2,14,11,11,11,0.0,0.0,10.0,0,0,1
H1670,"Kash’s Corner: Three Bombshell Cases—A Closer Look at the Ghislaine Maxwell, Elizabeth Holmes, and Jussie Smollett Trials",theepochtimes.com,0.262887244589731,2,14,11,11,11,5.0,1.0,8.0,0,0,1
H2739,"A ""Tick Explosion"" Is Coming This Summer and No One Is Safe",theheartysoul.com,0.286588314939784,2,14,11,11,11,5.0,5.0,10.0,0,0,1
H1685,"Holy Crap: San Francisco Named ""Doo-Doo Capital"" Of America",redbluedivide.com,0.304329837810418,2,14,11,11,11,1.0,6.0,11.0,0,1,1
H3405,Investigation reveals Ivanka Trump imported 53 tons of “made in China” clothing since her dad became president - Shareblue,shareblue.com,0.335857768068227,2,14,11,11,11,5.0,0.0,11.0,0,0,1
H3272,"After London tweets, CNN reporters finally call out Donald Trump: ""not presidential"" and a ""piece of shit""",palmerreport.com,0.360703012753001,2,14,11,11,11,8.0,5.0,11.0,1,0,1
H0929,Americans Defending Jim Acosta After Sarah Sanders And Her Father Bash Him On Live Television [WATCH],touchalpha.com,0.380754854158424,2,14,11,11,11,10.0,10.0,11.0,1,1,1
H2427,Cartoon: No chaos!,dailykos.com,0.413735620185017,2,14,11,11,11,0.0,0.0,3.0,0,0,0
H3038,Fordham University backs Cohen's claim that Trump threatened lawsuit to prevent release of his records - The United States Blues,theunitedstatesblues.com,0.435501668033006,2,14,11,11,11,7.0,5.0,11.0,1,0,1
H1361,Trump Signs Legislation To Clean Up Millions Of Tons Of Garbage From The World’s Oceans,dailycaller.com,0.469965661505635,2,14,11,11,11,2.0,3.0,11.0,0,0,1
H1385,Internet sensation 'Grumpy Cat' dies at age 7,fox10phoenix.com,0.479659730503063,2,14,11,11,11,1.0,5.0,11.0,0,0,1
H0679,"In 1939, the Italians used mustard gas to massacre fleeing Ethiopians - Il manifesto global",ilmanifesto.it,0.501725257129702,2,14,11,11,11,11.0,11.0,10.0,1,1,1
H1275,Study: Rural roads in Kansas among most dangerous in US,ksnt.com,0.549836322293704,2,14,11,11,11,1.0,3.0,9.0,0,0,1
H3416,Anderson Cooper Taunts Trump For Speaking Like Elmo,huffpost.com,0.568450135334297,2,14,11,11,11,9.0,9.0,10.0,1,1,1
H2542,TBI: Amber Alert issued for 10-month-old girl,wbir.com,0.578455258625987,2,14,11,11,11,1.0,11.0,10.0,0,1,1
H3392,US Border Patrol now hiring,fox32chicago.com,0.606802292033508,2,14,11,11,11,0.0,0.0,9.0,0,0,1
H0065,FedEx founder/CEO Fred Smith takes temporary 91% pay reduction to help company,wkyc.com,0.64583987230439,2,14,11,11,11,0.0,0.0,9.0,0,0,1
H1345,"GOP congressman, who once lamented not being able to call women 'sluts,' loses to a woman",cnn.com,0.658031073873161,2,14,11,11,11,8.0,7.0,11.0,1,1,1
H2814,Dalagita ginahasa ng 56 anyos amain na 'lulong sa droga',abs-cbn.com,0.695390751092603,2,14,11,11,11,2.0,2.0,1.0,0,0,0
H1326,Muslim mothers thank Allah for death of their sons,israelnationalnews.com,0.724228111218867,2,14,11,11,11,2.0,6.0,8.0,0,1,1
H3086,10 unexpected reasons new moms feel so tired—and what to do about it,mother.ly,0.735170372614168,2,14,11,11,11,0.0,2.0,10.0,0,0,1
H1517,Knoxville foster parent convicted on charges of child molestation,wvlt.tv,0.762869649829406,2,14,11,11,11,11.0,9.0,11.0,1,1,1
H0812,AC-130 Gunship's Newest Capability? A Huge Laser Weapon,nationalinterest.org,0.78650462886682,2,14,11,11,11,0.0,0.0,9.0,0,0,1
H0862,See Renderings of the Wildlife Crossing Being Built Over One of the Nation's Busiest Freeways,nbclosangeles.com,0.801938042597468,2,14,11,11,11,1.0,1.0,10.0,0,0,1
H2161,How to Use Your Toothbrush and Keep It Clean,webmd.com,0.835106281225433,2,14,11,11,11,0.0,1.0,10.0,0,0,1
H1156,"In Italy’s Drought-Hit Vineyards, the Harvest of a Changing Climate",nytimes.com,0.858776290720608,2,14,11,11,11,3.0,4.0,8.0,0,0,1
H0840,How to Motivate Yourself to Exercise When You Have Depression,usnews.com,0.897076683243603,2,14,11,11,11,2.0,2.0,11.0,0,0,1
H3143,Jimmy Carter says Mishawaka site is one of best prepared Habitat builds,southbendtribune.com,0.91841466496127,2,14,11,11,11,0.0,0.0,10.0,0,0,1
H0286,Lawrence teen arrested on federal child pornography charges,eagletribune.com,0.934656389724824,2,14,11,11,11,11.0,9.0,11.0,1,1,1
H0606,Soldier receives ARCOM for his actions during the El Paso shooting,armytimes.com,0.955899260798174,2,14,11,11,11,1.0,2.0,10.0,0,0,1
H0343,Vatican would see U.S. Paris deal exit as slap in face: official,reuters.com,1.0,2,14,11,11,11,6.0,6.0,10.0,1,1,1
H1177,BREAKING: Embattled FBI Lawyer Lisa Page Has Resigned,dailycaller.com,0.469965661505635,2,14,11,11,11,2.0,2.0,10.0,0,0,1
H1187,"Trump Screws Up Kiddie Photo-Op, Gets Caught Cheating Off Of Kindergartner (IMAGES)",bipartisanreport.com,0.228380384066331,2,14,11,11,11,10.0,9.0,8.0,1,1,1
H2389,Police Dog Wears Full Uniform For His Official K-9 Badge Photo,unilad.co.uk,0.615885219031243,2,14,11,11,11,0.0,0.0,9.0,0,0,1
H1682,"America's $21.7 Trillion National Debt Is Becoming a “Threat to Society,"" National Security Adviser Says | Craig Eyermann",fee.org,0.690431005939915,2,14,11,11,11,8.0,8.0,11.0,1,1,1
H0775,Speedometer 'pinned' at 90 in California cliff plunge that killed adopted children,rawstory.com,0.461914938868004,2,14,11,11,11,3.0,11.0,11.0,0,1,1
H0323,"Robert Conrad, Star of “The Wild, Wild West,” Dies at 84",nbcconnecticut.com,0.549997161141727,2,14,11,11,11,1.0,3.0,10.0,0,0,1
H1739,Boy Who Vanished 11 Years Ago Arrested For Allegedly Killing His Kidnapper Dad,oxygen.com,0.75784903279681,2,14,11,11,11,11.0,11.0,11.0,1,1,1
H0501,Vatican Thanks China for ‘Solidarity’ in Donating Medical Supplies,breitbart.com,0.297175368438483,2,14,11,11,11,0.0,0.0,8.0,0,0,1
H2719,"Herodotus lied about famous Greek battle against Carthage, new study finds",livescience.com,0.475796155079278,2,14,11,11,11,5.0,3.0,11.0,0,0,1
H3434,"TRUMP SMASHES ONLINE AUDIENCE RECORDS! 177,474 Viewers Watch Trump Live at Georgia Rally -- 1.7 MILLION Supporters Watch Trump Sunday Rallies on RSBN",thegatewaypundit.com,0.109374585525566,2,14,11,11,11,1.0,1.0,11.0,0,0,1
H3113,Shocking study reveals your doctor is WRONG 88% of the time… second opinions rarely agree with your first diagnosis – NaturalNews.com,naturalnews.com,0.0,2,15,12,12,12,3.0,5.0,9.0,0,0,1
H0624,Researcher Found Dead in Home Following “Significant Findings” on Coronavirus,infowars.com,0.0458475179096454,2,15,12,12,12,2.0,9.0,12.0,0,1,1
H0848,"Sham impeachment vote proves all but two Democrats are complicit in treason against America, attempted political coup against a duly elected president",newstarget.com,0.0723314494829261,2,15,12,12,12,9.0,10.0,9.0,1,1,1
H0428,"Bill Maher Attacks ""Little Prick"" Nick Sandmann: ‘Don’t Get What Catholic Priests See in These Kids’ (Video)",truthuncensored.net,0.0853217706757043,2,15,12,12,12,10.0,11.0,10.0,1,1,1
H3696,Eric Holder Gets Pummeled by Patriotic Americans After Issuing SECOND Warning Against Removing Mueller,thegatewaypundit.com,0.109374585525566,2,15,12,12,12,9.0,9.0,9.0,1,1,1
H3771,Matt Gaetz Goes Full Wolverine on Trey Gowdy – Exposes Gowdy and Paul Ryan Working on Coup Effort…,theconservativetreehouse.com,0.135066562651449,2,15,12,12,12,8.0,6.0,8.0,1,0,1
H1699,Twitter Employee Warns Undercover Project Veritas Journo About Project Veritas,rumble.com,0.162505504571073,2,15,12,12,12,2.0,1.0,8.0,0,0,1
H3176,Oregon’s Liberal Dem Governor Kate Brown That's DEFYING TRUMP Accepted HUGE Payment From George Soros Just Days Before - BB4SP,bb4sp.com,0.195286288414536,2,15,12,12,12,6.0,6.0,11.0,0,0,1
H2657,Military Officially Begins Discharging Unvaccinated Service Members,westernjournal.com,0.212942660560995,2,15,12,12,12,7.0,9.0,11.0,1,1,1
H1513,China at the UN: America Needs To Address Widespread Police Brutality and Racism | Conservative Post,conservativepost.com,0.240975777627046,2,15,12,12,12,6.0,2.0,11.0,0,0,1
H1554,"Maxine Waters Threatens Ben Carson She'll ""Take Him Apart"", Ben Hits Back - Conservative 101",conservative101.com,0.260644847443695,2,15,12,12,12,11.0,10.0,10.0,1,1,1
H3885,Terror-Tied Rep. Ilhan Omar Attacks Christians On House Floor,freedomoutpost.com,0.279844604398071,2,15,12,12,12,10.0,10.0,10.0,1,1,1
H2225,Trump administration denies US embassy requests to fly LGBT pride flag on official flagpoles,theblaze.com,0.319102558515008,2,15,12,12,12,8.0,9.0,12.0,1,1,1
H0723,Tucker Carlson caught saying women are 'primitive' and child rape is fine,shareblue.com,0.335857768068227,2,15,12,12,12,12.0,10.0,12.0,1,1,1
H1876,Cal State LA President Issues Letter Lamenting 'Cost' Of Free Speech Ahead Of Daily Wire's Knowles Event,dailywire.com,0.357498144984751,2,15,12,12,12,2.0,3.0,9.0,0,0,1
H0515,Portland rally could be the most violent since Charlottesville,dailymail.co.uk,0.383860647514719,2,15,12,12,12,3.0,1.0,11.0,0,0,1
H1966,"China threatens national security by buying land next to military base, 51 Republicans tell Biden cabinet: GOP says North Dakota facility has 'intelligence, surveillance, and reconnaissance capabilities' - and communist encroachment - NewsBreak",newsbreak.com,0.411188765089231,2,15,12,12,12,7.0,5.0,10.0,1,0,1
H1161,Study Finds Only 5% Of Americans Have Correct Amount Of Pride In Country,theonion.com,0.445775894839608,2,15,12,12,12,0.0,1.0,10.0,0,0,1
H2526,"Gary Varvel - Mar. 4, 2021",patriotpost.us,0.4561951591261,2,15,12,11,12,0.0,0.0,2.0,0,0,0
H2368,"Giuliani: If Joe Biden Not Prosecuted, Nobody in America Should Ever Be Prosecuted for Bribery",chicksonright.com,0.490047310819928,2,15,12,12,12,7.0,6.0,10.0,1,0,1
H3640,Treating Flu Symptoms with Elderberry Syrup,kjrh.com,0.518656385101639,2,15,12,12,12,1.0,0.0,9.0,0,0,1
H0240,Ted Cruz says President Trump 'absolutely right' to call out mail-in ballot fraud concerns,foxnews.com,0.534260962262195,2,15,12,12,12,2.0,4.0,10.0,0,0,1
H1553,California Wildfires Kill At Least 9 as Trump Blames the State,rollingstone.com,0.561288346769726,2,15,12,12,12,9.0,10.0,12.0,1,1,1
H1287,Authorities searching for missing 3-year-old last seen Jan. 3,kens5.com,0.594889248109946,2,15,12,12,12,0.0,10.0,12.0,0,1,1
H1072,Connersville News-Examiner - newsexaminer.com,newsexaminer.com,0.62238023750962,2,15,12,11,12,0.0,0.0,3.0,0,0,0
H1023,Restaurant evacuated when winds take down brick facade,wthr.com,0.642944173256451,2,15,12,12,12,6.0,5.0,12.0,0,0,1
H1065,"Tonight's speech to Congress: time, live stream, and how to watch online",vox.com,0.653743407913008,2,15,12,12,12,0.0,0.0,8.0,0,0,1
H2816,"Ohio, it seems, is one of the best places in the U.S. to spot Bigfoot",cleveland19.com,0.689274090638285,2,15,12,12,12,1.0,1.0,10.0,0,0,1
H3850,La dramática agonía de un padre mexicano que murió tras perderse con su hijo en el desierto,univision.com,0.717076812957865,2,15,12,12,12,0.0,2.0,2.0,0,0,0
H2399,Police: Pembroke Pines man in custody for battery involving 13-year-old girl,wsvn.com,0.729034875160292,2,15,12,12,12,12.0,12.0,12.0,1,1,1
H0993,'Happy Birthday Loser' Birthday Cake For Toddler Goes Viral,cbslocal.com,0.751190107612549,2,15,12,12,12,1.0,6.0,10.0,0,0,1
H3355,16 dogs are waiting patiently to eat. Now watch her call their names one by one,shareably.net,0.785213966851439,2,15,12,12,12,0.0,0.0,7.0,0,0,1
H3107,Student Awarded Four-Year MC Lyte Scholarship Becomes First Black Woman to Earn Degree In Astrophysics from UW,atlantablackstar.com,0.81829978642398,2,15,12,12,12,0.0,0.0,12.0,0,0,1
H3040,Can Blockchain Disrupt The E-Book Market? Two Startups Will Find Out,forbes.com,0.829500343762818,2,15,12,12,12,1.0,1.0,7.0,0,0,1
H0976,Ivanka Trump calls legal inquiries into Trump business political ‘harassment’,politico.com,0.862520735542115,2,15,12,12,12,2.0,4.0,9.0,0,0,1
H1877,Armored car robbed outside Wells Fargo in Oakland,mercurynews.com,0.876705503211989,2,15,12,12,12,3.0,6.0,11.0,0,0,1
H0138,"Elon Musk Says Tesla, SpaceX Under 'Significant' Inflationary Pressure For Raw Materials, Logistics",benzinga.com,0.913680907435032,2,15,12,12,12,1.0,4.0,10.0,0,0,1
H1032,"MacKenzie Scott is giving away more money, faster, than anyone has before",economist.com,0.926495544108839,2,15,12,12,12,0.0,0.0,9.0,0,0,1
H0256,"Comet Swan is visible to the naked eye, and it may get even brighter",cnet.com,0.951854977853014,2,15,12,12,12,0.0,0.0,11.0,0,0,1
H3676,AstraZeneca vaccine effective against COVID-19 variants identified in India,reuters.com,1.0,2,15,12,12,12,1.0,1.0,11.0,0,0,1
H3024,Martin Shkreli Steers His Old Company From Prison—With Contraband Cellphone,wsj.com,0.804466118117895,2,15,12,12,12,7.0,1.0,10.0,1,0,1
H3475,Project Veritas Leaks Unreleased CNN AOC Puff Piece,rumble.com,0.162505504571073,2,15,12,12,12,7.0,6.0,9.0,1,0,1
H0325,The Fool and the Madman,jacobinmag.com,0.48750281128974,2,15,12,12,12,1.0,1.0,6.0,0,0,0
H1921,Looking for friends: Green Berets are busy in China’s backyard,armytimes.com,0.955899260798174,2,15,12,12,12,0.0,0.0,2.0,0,0,0
H3993,"Teens broke man's jaw after he asked them to turn down music on the MAX, court records say",kgw.com,0.685403029406808,2,15,12,12,12,12.0,12.0,12.0,1,1,1
H3573,Poll finds 83% of people will not be taking the COVID vaccine,intellihub.com,0.331219622729229,2,15,12,12,12,0.0,0.0,11.0,0,0,1
H2516,"7 States Send Trump Electors Forward To ‘Preserve Legal Rights: PA, GA, MI, WI, AZ NV, and New Mexico • Conservative Politics Today",conservativept.com,0.48135626209817,2,15,12,12,12,1.0,0.0,8.0,0,0,1
H3860,"Tesla Autopilot failed when car drove beneath trailer at 68 mph, killing driver, lawsuit says",sun-sentinel.com,0.912897060376715,2,15,12,12,12,8.0,12.0,12.0,1,1,1
H0467,USPS honors late journalist Gwen Ifill with commemorative stamp,thegrio.com,0.645653958637256,2,15,12,12,12,0.0,1.0,11.0,0,0,1
H0900,"Father, daughter killed in Newport News shooting; suspect wanted",wavy.com,0.728818598953096,2,15,12,12,12,11.0,11.0,12.0,1,1,1
H2064,"Netflix goes all-in for pedophilia with new ""Dancing Queen"" series that glorifies the sexualization of children",naturalnews.com,0.0,2,16,10,10,10,10.0,10.0,10.0,1,1,1
H0411,Racist Graffiti Blamed on Trump by Sarah Silverman & Shaun King Was the Work of a Non-White Special Needs Student » Alex Jones' Infowars: There's a war on for your mind!,infowars.com,0.0458475179096454,2,16,10,10,10,8.0,6.0,8.0,1,1,1
H3898,United Nations Forced To Admit That Bill Gates Funded Vaccine Is Actually Causing Polio Outbreaks In Places Like Africa Where It Had Been Eradicated • Now The End Begins,nowtheendbegins.com,0.0731174714253107,2,16,10,10,10,10.0,10.0,10.0,1,1,1
H1833,Backup battery cost fantasies abound,cfact.org,0.0914843426995647,2,16,10,10,10,0.0,0.0,2.0,0,0,0
H3119,BREAKING: Special Investigator John Durham Recovered BlackBerrys Used by Joseph Mifsud to Spy on George Papadopolous and Others,thegatewaypundit.com,0.109374585525566,2,16,10,10,10,9.0,9.0,10.0,1,1,1
H1567,"Former Senior Treasury Financial Crimes Official Pleads Guilty To Leaking Records of Cohen, Manafort, Gates, Butina and More…",theconservativetreehouse.com,0.135066562651449,2,16,10,10,10,9.0,9.0,10.0,1,1,1
H3393,"U.S. Army Lost $1 BILLION Worth Of Arms & Equipment In Iraq, Yet The Media Remains Silent",collective-evolution.com,0.168563032667644,2,16,10,10,10,8.0,5.0,10.0,1,0,1
H2165,"CNN's Don Lemon Claims It's Not Jussie Smollett's Fault, Trump Makes Him Regret It",madworldnews.com,0.198482287294659,2,16,10,10,10,7.0,7.0,6.0,1,1,1
H0698,Watch: Fox's R. Lee Ermey Tribute Will Leave You Smiling and Crying,westernjournal.com,0.212942660560995,2,16,10,10,10,0.0,0.0,10.0,0,0,1
H1731,They knew the 93-year-old neighbor's routine: They run over to her house when she leaves home and it creates headlines,jesusdaily.com,0.236516562472387,2,16,10,10,10,2.0,4.0,3.0,0,0,0
H3145,"Woman, 53, stabbed to death after rolling down car window to give money to panhandler",theepochtimes.com,0.262887244589731,2,16,10,10,10,8.0,10.0,10.0,1,1,1
H0208,Antifa - Just Who Are They?,freedomoutpost.com,0.279844604398071,2,16,10,10,10,2.0,0.0,5.0,0,0,0
H2491,Border Patrol wives blast Pelosi over wall refusal: 'Stop pretending that you care about federal workers',theblaze.com,0.319102558515008,2,16,10,10,10,7.0,7.0,9.0,1,1,1
H1750,It Appears ABC News Withheld Nearly 1000 Words Biden Said During GMA Interview - Here's What They Didn't Air,analyzingamerica.org,0.334544111691153,2,16,10,10,10,6.0,5.0,10.0,1,0,1
H3283,State Dept. Doubles Down On Spending $20K Of Taxpayer Money To Fund Drag Shows In Ecuador,dailywire.com,0.357498144984751,2,16,10,10,10,8.0,8.0,9.0,1,1,1
H2878,Meghan McCain’s Conduct Unbecoming,usdefensewatch.com,0.393157872437169,2,16,10,10,10,3.0,0.0,4.0,0,0,0
H2241,Cartoon: Merry Trumpmas,dailykos.com,0.413735620185017,2,16,10,10,10,1.0,0.0,2.0,0,0,0
H3264,Obama And Former Presidents Release Amazing Hurricane Harvey Relief Video,realtimepolitics.com,0.431190730681202,2,16,10,10,10,0.0,1.0,9.0,0,0,1
H2137,‘I think it was very intentional’: Ex-CIA Director John Brennan breaks down White House transcript cover-up,rawstory.com,0.461914938868004,2,16,10,10,10,3.0,0.0,10.0,0,0,1
H0432,Texas A&M's First Black Coach Called A N*gger After Loss To UCLA,theblackloop.com,0.485752746626203,2,16,10,10,10,4.0,10.0,10.0,0,1,1
H1487,This $4000 Tiny 3D Printed Home Can Be Built In Just One Day,thepremierdaily.com,0.517449981400759,2,16,10,10,10,0.0,0.0,9.0,0,0,1
H2468,West Texas couple take breathtaking wedding photos under beautiful storm clouds,kcbd.com,0.539960927369288,2,16,10,10,10,0.0,0.0,10.0,0,0,1
H1134,West Hollywood approves cannabis cafes and consumption lounges to open in 2019,eater.com,0.55039980061737,2,16,10,10,10,0.0,0.0,10.0,0,0,1
H3861,[WATCH] The First 'Geostorm' Trailer Has To Be Seen To Be Believed,uproxx.com,0.587813877968796,2,16,10,10,10,0.0,0.0,9.0,0,0,1
H3035,Arizona Aid Group Questions Border Patrol Surveillance Following a Raid on Its Camp,theintercept.com,0.607953026497043,2,16,10,10,10,5.0,7.0,9.0,0,1,1
H3667,"Company will pay you $1,000 to go camping for 2 days without internet",fox5atlanta.com,0.625115184961301,2,16,10,10,10,0.0,0.0,10.0,0,0,1
H3942,Florida Officials Tell Public Universities to Move Classes Online,baynews9.com,0.656583577448938,2,16,10,10,10,1.0,1.0,10.0,0,0,1
H3727,PG&E may turn off power to parts of Northern California due to high fire danger,abc30.com,0.695942130393627,2,16,10,10,10,3.0,5.0,10.0,0,0,1
H0125,Shia LaBeouf Is Front Runner For A Big Role In The Next ‘X-Men’,etcanada.com,0.702281846189644,2,16,10,10,10,0.0,0.0,10.0,0,0,1
H3768,Stormy Daniels announces release of 'full disclosure' book about Trump affair,independent.co.uk,0.734076864473315,2,16,10,10,10,6.0,6.0,10.0,1,1,1
H2830,14-year-old girl shot while playing with jump rope in Southwest Philadelphia,6abc.com,0.768853057630876,2,16,10,10,10,4.0,10.0,10.0,0,1,1
H2018,Microsoft Clears the Air About Fighting CLOUD Act Abuses,eff.org,0.799649853780606,2,16,10,10,10,3.0,1.0,6.0,0,0,1
H1392,Liz Cheney aims to recruit crossover Democrats in her primary,washingtonpost.com,0.818780596798307,2,16,10,10,10,1.0,0.0,10.0,0,0,1
H3447,11 Million Viewers Tune In For First Day Of Trump’s Impeachment Trial,forbes.com,0.829500343762818,2,16,10,10,10,5.0,2.0,10.0,0,0,1
H0695,Flushing boy’s family starts blood drive after seeing success with treatments,mlive.com,0.869179293566977,2,16,10,10,10,1.0,2.0,8.0,0,0,1
H0449,Detection of measles virus RNA in urine specimens from vaccine recipients.,nih.gov,0.886771469465883,2,16,10,10,10,1.0,6.0,8.0,0,1,1
H2087,A woman was shocked to see her name in a Mormon church-compiled dossier — which she says was designed to discredit her birth mother,sltrib.com,0.910621073372594,2,16,10,10,10,9.0,9.0,9.0,1,1,1
H1189,Tornado Watch In Effect; Worst Of Isaias To Hit Long Island Soon,patch.com,0.933491002134259,2,16,10,10,10,7.0,6.0,9.0,1,1,1
H1004,"The second stimulus check could be the final one, $1,200 or not. What we know about Round 2",cnet.com,0.951854977853014,2,16,10,10,10,0.0,0.0,9.0,0,0,1
H1267,Senator Collins will not back anti-abortion Supreme Court nominee,reuters.com,1.0,2,16,10,10,10,5.0,4.0,10.0,0,0,1
H3368,Cardinals sign A.J. Green to pair with DeAndre Hopkins on the outside,fansided.com,0.712134490753336,2,16,10,10,10,0.0,0.0,8.0,0,0,1
H2074,LSU students say school’s ‘Tigers’ mascot is a symbol of racism and ‘white privilege’ – TheBlaze,theblaze.com,0.319102558515008,2,16,10,10,10,6.0,6.0,10.0,1,1,1
H0932,Female Dragonflies Fall From The Sky And Lie Motionless On The Ground To Avoid Mating,fempositive.com,0.672682063642808,2,16,10,10,10,1.0,2.0,10.0,0,0,1
H3400,Consumer Wise: Best treatment for under eye circles and bags,baynews9.com,0.656583577448938,2,16,10,10,10,0.0,0.0,9.0,0,0,1
H2402,"Teen gets 15 to 30 years after pleading to killing Homestead man, shooting 2 others",triblive.com,0.843374316803737,2,16,10,10,10,10.0,10.0,10.0,1,1,1
H2576,Melania Says It's The 'Mainstream Media's' Job To Stand Up For The Trump Family,truthexam.com,0.255246480229909,2,16,10,10,10,5.0,5.0,10.0,0,0,1
H1462,You Don’t Meet Anyone by Accident – 6 Types of Cosmic Connections,awarenessact.com,0.0705539230341695,2,16,10,10,10,0.0,0.0,10.0,0,0,1
H1293,It's not over yet: Tropical Storm Epsilon forms in the Atlantic,nbcnews.com,0.843937401226111,2,16,10,10,10,4.0,2.0,10.0,0,0,1
H0760,"The Spice Girls Reunion Is Happening Again, Because They Know What We Want, What We Really, Really Want",bustle.com,0.775937399631442,2,16,10,10,10,0.0,0.0,10.0,0,0,1
H3913,Drivers cash in on Brink's truck incident as money scatters on Route 3,northjersey.com,0.841321722825666,2,16,10,10,10,4.0,8.0,9.0,0,1,1
H0561,Second super moon this month will be visible on the 31st; “super blue blood moon” to be followed by a lunar eclipse,naturalnews.com,0.0,2,17,11,11,11,0.0,0.0,10.0,0,0,1
H0050,"252 Documented Examples of Barack Obama’s Lying, Lawbreaking, Corruption, Cronyism, etc.",infowars.com,0.0458475179096454,2,17,11,11,11,10.0,3.0,9.0,1,0,1
H2829,Chromium-6 Was Just Found in 75% of Drinking Water: The Mass Chemical Suicide of America is Under Way,awarenessact.com,0.0705539230341695,2,17,11,11,11,4.0,11.0,10.0,0,1,1
H1592,Brand New Film On Youtube Teaches Little Children To Sodomize Each Other,shoebat.com,0.0886084846223804,2,17,11,11,11,10.0,11.0,9.0,1,1,1
H3935,Virginia Governor Planning To Increase Corrections Budget in Preparation For Jailing Gun Owners,newspunch.com,0.124271638273759,2,17,11,11,11,8.0,8.0,9.0,1,1,1
H3042,Why We Must Stop the 5G Network,theduran.com,0.125553828241878,2,17,11,11,11,6.0,2.0,7.0,1,0,1
H2434,The Mueller report has become the left's Da Vinci code,americanthinker.com,0.152499978555631,2,17,11,11,11,2.0,2.0,5.0,0,0,0
H0877,NEW: FDA Paid for ‘Fresh and Never Frozen’ Human Fetal Parts for Use In ‘Humanized Mice’ Creation! - Judicial Watch,judicialwatch.org,0.180416617224686,2,17,11,11,11,8.0,5.0,10.0,1,0,1
H2808,"BLM Supporter Accused Of Killing 6, Including 8-Yr-Old Boy In Christmas Parade, Appears In Court...Female Attorney Comforts Him [VIDEO]",100percentfedup.com,0.21938033253327,2,17,11,11,11,9.0,10.0,11.0,1,1,1
H3985,Desperate Democrats Have Subpoenaed the Records of Don Jr.'s Family Member. Their Hilarious Choice is Astonishing and Telling,redstate.com,0.245895808935139,2,17,11,11,11,7.0,7.0,8.0,1,1,1
H0261,"Black Lives Matter Activist Raises $200,000, Spends It On Himself - Now Faces Fraud Charges",flagandcross.com,0.263061962521968,2,17,11,11,11,10.0,4.0,11.0,1,0,1
H3096,"Liberal Media: Obama Immigration Policy ‘Cruel,’ Secretive, Encouraged ‘Sanctuary Cities to Abandon Stance’",cnsnews.com,0.278393927329055,2,17,11,11,11,9.0,4.0,8.0,1,0,1
H1098,Suspect steals little boy's bike just ahead of his birthday. Local police step up with a party — and a gift — he will never forget.,theblaze.com,0.319102558515008,2,17,11,11,11,10.0,11.0,11.0,1,1,1
H0386,"Guards And Inmates Brought To Tears, Praying On Their Knees At Kanye West Visit To TX Jail ⋆ Activist Mommy",activistmommy.com,0.336766508464226,2,17,11,11,11,0.0,0.0,6.0,0,0,1
H0188,Multiple Victims Reported In ‘Islamist-Related’ Mass Stabbing London Terror Attack,dailywire.com,0.357498144984751,2,17,11,11,11,7.0,11.0,11.0,1,1,1
H2646,Accept – then act. | Eckhart Tolle,energytherapy.biz,0.395556997622667,2,17,11,11,11,0.0,0.0,2.0,0,0,0
H0393,U.S. omnibus spending package angers China | One America News Network,oann.com,0.414524143820094,2,17,11,11,11,3.0,4.0,9.0,0,0,1
H1272,"Shaw's drivers, mechanics go on strike in Maine",wmtw.com,0.438421574710806,2,17,11,11,11,1.0,4.0,9.0,0,0,1
H3801,"Why 26,000 Guardsmen?",patriotpost.us,0.4561951591261,2,17,11,11,11,0.0,0.0,1.0,0,0,0
H2234,Health officials now believe coronavirus has been circulating in U.S. since December,disrn.com,0.481134511542231,2,17,11,11,11,2.0,6.0,10.0,0,1,1
H3987,SpaceX prototype rocket captured exploding during test,abc13.com,0.507026243676643,2,17,11,11,11,1.0,3.0,11.0,0,0,1
H2928,Why a Billionaire Died During a Penis Enlargement,thedailybeast.com,0.5381943988207,2,17,11,11,11,1.0,9.0,10.0,0,1,1
H0374,Polk Co man charged with abuse after child suffers traumatic brain injury,wqow.com,0.563663807210591,2,17,11,11,11,10.0,10.0,11.0,1,1,1
H0474,Navajo Nation students likely to do online learning for fall semester,koat.com,0.578280690197945,2,17,11,11,11,0.0,1.0,10.0,0,0,1
H3454,A new cat cafe called 'The Kitty Beautiful' is coming to downtown Orlando and we are here for this,orlandoweekly.com,0.61538150567761,2,17,11,11,11,0.0,0.0,10.0,0,0,1
H2921,Black Detroit firefighters stand by white recruit fired over watermelon,fox2detroit.com,0.643031541674892,2,17,11,11,11,2.0,9.0,8.0,0,1,1
H3404,White House moving to release information on Trump to congressional investigators,cnn.com,0.658031073873161,2,17,11,11,11,3.0,3.0,8.0,0,0,1
H3135,Alleged Pop Smoke Killer Says He Told Shooter to Use Vase Not Gun,vladtv.com,0.683893945995561,2,17,11,11,11,9.0,7.0,6.0,1,1,1
H0139,We need to listen to autistic people's critiques of their portrayal in Sia's 'Music',upworthy.com,0.704498362647696,2,17,11,11,11,3.0,3.0,9.0,0,0,1
H1886,Newsom gives executive order to end death penalty in California,actionnewsnow.com,0.730015721858017,2,17,11,11,11,1.0,2.0,11.0,0,0,1
H2425,Why was China sending empty cargo containers by rail to Europe?,scmp.com,0.76798721913536,2,17,11,11,11,3.0,2.0,8.0,0,0,1
H0534,IRS to launch 'Get My Payment' web application for people to get stimulus money quicker,katu.com,0.799546470406205,2,17,11,11,11,0.0,0.0,10.0,0,0,1
H0159,"Protesters shut down Hong Kong airport as China warns of ‘terrorism,’ raising fears of military crackdown",washingtonpost.com,0.818780596798307,2,17,11,11,11,9.0,8.0,10.0,1,1,1
H1181,"Funeral held for Sgt. La David Johnson, soldier killed in Niger",nbcnews.com,0.843937401226111,2,17,11,11,11,2.0,10.0,11.0,0,1,1
H0713,Woman brings new business to Cedar Valley,wcfcourier.com,0.862593237827736,2,17,11,11,11,0.0,0.0,9.0,0,0,1
H0623,New Interior rule would limit which scientific studies agency can consider,thehill.com,0.898762408412433,2,17,11,11,11,4.0,5.0,6.0,0,0,1
H1587,"Years after he lost his dad on 9/11, a Navy sailor inspires his shipmates every Sept. 11",usatoday.com,0.901007708482031,2,17,11,11,11,1.0,8.0,10.0,0,1,1
H3934,CT Weather: Big Change Predicted For 'Snowy' Friday Forecast,patch.com,0.933491002134259,2,17,11,11,11,0.0,0.0,10.0,0,0,1
H1145,Well-Preserved Visigoth Sarcophagus Found at Roman Villa in Spain,smithsonianmag.com,0.971184072481041,2,17,11,11,11,0.0,0.0,10.0,0,0,1
H3722,Analysis: Biden’s Justice Dept may defend Trump in Capitol riot lawsuits,reuters.com,1.0,2,17,11,11,11,3.0,4.0,11.0,0,0,1
H2579,Sarah Huckabee Sanders is having the worst day ever,palmerreport.com,0.360703012753001,2,17,11,11,11,0.0,6.0,7.0,0,1,1
H1338,Attempted kidnapping of 11-year-old girl caught by surveillance camera in West Pensacola,fox9.com,0.498615762653852,2,17,11,11,11,3.0,11.0,11.0,0,1,1
H2083,Fixed Computer Glitch Turns Losing Republican Into Winner In Oakland County • Conservative Politics Today,conservativept.com,0.48135626209817,2,17,11,11,11,1.0,4.0,9.0,0,0,1
H1131,"After Prince Harry-Meghan Markle decision, Buckingham Palace aide has 'never seen' monarchy in such peril",foxnews.com,0.534260962262195,2,17,11,11,11,3.0,3.0,8.0,0,0,1
H2988,"Swedish Bishop Welcomes Muslim Call to Prayer as ""Good"" For Society » Alex Jones' Infowars: There's a war on for your mind!",infowars.com,0.0458475179096454,2,17,11,11,11,5.0,5.0,8.0,0,0,1
H1471,No Bail: Woman who accused Black teen of stealing phone in NYC Hotel is arrested,foxbaltimore.com,0.5702923634705,2,17,11,11,11,10.0,10.0,10.0,1,1,1
H0410,"Uh Oh: Voters Not Only Enthusiastic, They’re Angry … Very Angry, Poll Finds",dailywire.com,0.357498144984751,2,17,11,11,11,0.0,5.0,9.0,0,0,1
H2844,"Miami is sweatiest city in the South, 4th overall in U.S.",local10.com,0.704671942120245,2,17,11,11,11,0.0,1.0,11.0,0,0,1
H3106,New Laws 2017: Illinois laws that take effect January 1,abc7chicago.com,0.905571729093681,2,17,11,11,11,0.0,0.0,8.0,0,0,1
H0063,Watch Cockatoos Invade Neighborhood in Australia - Videos from The Weather Channel | weather.com,weather.com,0.787979994491179,2,17,11,11,11,7.0,8.0,10.0,1,1,1
H2203,Why WATER is the new GOLD (Health Ranger Science video) – NaturalNews.com,naturalnews.com,0.0,2,18,12,12,12,0.0,0.0,9.0,0,0,1
H3159,Veritas Bombshell: Election Official Admits Non-Citizens Voting in Texas,infowars.com,0.0458475179096454,2,18,12,12,12,3.0,1.0,9.0,0,0,1
H2766,12 Spiritual Powers You Have Had From Birth But Don’t Often Realize,awarenessact.com,0.0705539230341695,2,18,12,12,12,0.0,1.0,10.0,0,0,1
H2920,"WATCH: Funeral Director John O'Looney ""I've Never Seen as Many Deaths,"" Reports Increase in Thrombosis Deaths in Young Vaccinated Adults",welovetrump.com,0.0871406069110147,2,18,12,12,12,3.0,8.0,11.0,0,1,1
H3289,"Facebook Essentially Admits They Censor Conservatives, Have No Plan To Stop - National File",nationalfile.com,0.118408072913053,2,18,12,12,12,9.0,9.0,10.0,1,1,1
H3299,"Kaepernick & Lebron Condone Revolt, Instead of Acknowledging Most Are Calling For Justice. Even Trump | Unite America First",uniteamericafirst.com,0.129014666189983,2,18,12,12,12,5.0,2.0,3.0,0,0,0
H1434,100-Year-Old Lady Cried Tears Of Joy When Garbage Collectors Surprised Her With A Birthday Cake,healthyfoodhouse.com,0.174128271303699,2,18,12,12,12,0.0,2.0,12.0,0,0,1
H3363,"Meghan McCain Says “I Hate This Country,” Fed-Up Patriots Make Her Regret It",madworldnews.com,0.198482287294659,2,18,12,12,12,8.0,8.0,10.0,1,1,1
H0825,"Chicago Store Owner Spends $300,000 To Reopen Destroyed Business After Riots...Only To Be Struck Again By Vandals",100percentfedup.com,0.21938033253327,2,18,12,12,12,12.0,11.0,11.0,1,1,1
H3652,Trump on refugee crisis: 'Our country is more unsafe now than ever before' - Right Side Broadcasting Network (RSBN),rsbnetwork.com,0.227252888499674,2,18,12,12,12,5.0,7.0,8.0,0,1,1
H1718,"REPORT: Ivanka And Donald Trump, Jr. Tried To Keep Tiffany Trump Out Of Their Father’s Will",democraticmoms.com,0.273574758339533,2,18,12,12,12,9.0,10.0,11.0,1,1,1
H2376,Angela Davis Tells Prep School Students to 'Dismantle Capitalism',newsmax.com,0.287207804375952,2,18,12,12,12,5.0,3.0,9.0,0,0,1
H0354,This Dog Goes To Church Every Day Because He’s Waiting For A Miracle…,wikr.com,0.303675923037813,2,18,12,12,12,0.0,1.0,6.0,0,0,0
H0443,6 Expert-Approved Tips To Prevent Lyme Disease This Summer,mindbodygreen.com,0.334992264005596,2,18,12,12,12,3.0,0.0,9.0,0,0,1
H1011,‘Time To Choose’: Newsom Calls On Producers To Film In California Instead Of States That Restrict Abortion,dailywire.com,0.357498144984751,2,18,12,12,12,5.0,3.0,10.0,0,0,1
H3390,ISIS shares disturbing video of Taliban fighter being beheaded in Afghanistan,dailymail.co.uk,0.383860647514719,2,18,12,12,12,9.0,10.0,10.0,1,1,1
H2467,‘Wealth is a curse’: Hobby Lobby founder says he’s giving away his company instead of keeping it in the family because he ‘chose God’ - NewsBreak,newsbreak.com,0.411188765089231,2,18,12,12,12,4.0,3.0,11.0,0,0,1
H1795,Fox News' Chris Wallace calls Rush Limbaugh a hypocrite to his face: ‘You were outraged’ over Obama’s executive actions,alternet.org,0.42818441506045,2,18,12,12,12,8.0,5.0,11.0,1,0,1
H2321,Dog Who Was Physically Abused Has Been Returned to the Shelter 11 Times – Let’s Help Her!,onegreenplanet.org,0.454967779564117,2,18,12,12,12,4.0,12.0,12.0,0,1,1
H0717,Cat Parasite May Make People More Entrepreneurial,livescience.com,0.475796155079278,2,18,12,12,12,3.0,0.0,5.0,0,0,0
H0956,Dan Bongino infected with painful breakthrough case of COVID-19: 'One of the worst things I ever experienced',washingtonexaminer.com,0.508074929491517,2,18,12,12,12,5.0,11.0,11.0,0,1,1
H1684,"Eliza Fletcher kidnapping: Timeline of the Memphis teacher's abduction, murder",foxnews.com,0.534260962262195,2,18,12,12,12,4.0,11.0,10.0,0,1,1
H3751,Teacher carries 10-year-old girl with Spina bifida so she wouldn't miss out on a class field trip,fox5dc.com,0.562394649306125,2,18,12,12,12,1.0,3.0,10.0,0,0,1
H2429,Former Melrose basketball standout shot on Memphis basketball court,fox13memphis.com,0.584152544761327,2,18,12,12,12,3.0,9.0,12.0,0,1,1
H2181,"3-year-old girl, infant brother survive for days in home after parents' murder-suicide",fox32chicago.com,0.606802292033508,2,18,12,12,12,4.0,11.0,10.0,0,1,1
H0849,Report: Linkin Park singer Chester Bennington dead at 41,abc3340.com,0.644158544752914,2,18,12,12,12,0.0,8.0,11.0,0,1,1
H0739,Serena Williams overcomes Simona Halep to set up blockbuster Australian Open semifinal with Naomi Osaka,cnn.com,0.658031073873161,2,18,12,12,12,3.0,5.0,10.0,0,0,1
H0043,"Police: Rape suspect, freed due to coronavirus, kills accuser",wkrg.com,0.676506619147883,2,18,12,12,12,11.0,10.0,9.0,1,1,1
H0405,Volunteers needed for wreath-laying ceremony at Springfield National Cemetery,ky3.com,0.721400590316343,2,18,12,12,12,0.0,0.0,9.0,0,0,1
H1262,The message from Israel is clear: Covid booster shots should be standard | David O’Connor,theguardian.com,0.74959222370997,2,18,12,12,12,0.0,0.0,9.0,0,0,1
H2090,Body found in White River near Indianapolis Zoo,fox59.com,0.762765344566223,2,18,12,12,12,2.0,9.0,10.0,0,1,1
H2563,"LyondellBasell plans to close its Houston refinery, one of the largest in the U.S.",houstonchronicle.com,0.786859789366762,2,18,12,12,12,3.0,0.0,10.0,0,0,1
H2408,"Tampons Confiscated, Guns Allowed as Texas Senate Debates Abortion",theatlantic.com,0.803526667450118,2,18,12,12,12,5.0,1.0,8.0,0,0,1
H3570,An Ode to One of the Most Classic and Important Watches of All Time,bloomberg.com,0.840147313769099,2,18,12,12,12,0.0,0.0,8.0,0,0,1
H1016,"Opinion | Actually, a Health Care Deal Is Possible",nytimes.com,0.858776290720608,2,18,12,12,12,1.0,0.0,6.0,0,0,0
H3377,There’s a crisis in Alabama hospitals. Here’s why you can’t see it,al.com,0.886825382677401,2,18,12,12,12,1.0,5.0,6.0,0,0,0
H2914,San Diego prohibits homeless from living and sleeping in vehicles -,kusi.com,0.911575837998327,2,18,12,12,12,9.0,9.0,11.0,1,1,1
H0592,Still Tippin': Solange At Home In Houston,npr.org,0.930525246755544,2,18,12,12,12,1.0,1.0,5.0,0,0,0
H3984,Eight Secret Societies You Might Not Know,smithsonianmag.com,0.971184072481041,2,18,12,12,12,1.0,1.0,7.0,0,0,1
H2937,U.S. Southeast braces for fuel price rises after pipeline shutdown,reuters.com,1.0,2,18,12,12,12,3.0,5.0,10.0,0,0,1
H2419,IT'S OFFICIAL: This State is Now the POVERTY CAPITAL of the U.S.,patriotbeat.com,0.246325520945605,2,18,12,12,12,2.0,4.0,9.0,0,0,1
H2734,"U.S. nuclear sub that struck Syria is ""not welcome"" back to Naples, Italy",newsweek.com,0.81846380864247,2,18,12,12,12,8.0,7.0,10.0,1,1,1
H2230,"Fetal exposure to painkiller acetaminophen in pregnancy linked to higher risk of ADHD and autism, study says",fox5dc.com,0.562394649306125,2,18,12,12,12,3.0,7.0,11.0,0,1,1
H2099,More CA Stimulus Checks? California's $31 Billion Surplus,patch.com,0.933491002134259,2,18,12,12,12,1.0,0.0,8.0,0,0,1
H1807,Coke-free zones: Georgia Republicans ban Coca-Cola from office over voting law criticism,washingtontimes.com,0.345472108057381,2,18,12,12,12,5.0,4.0,9.0,0,0,1
H1204,Evite que su cuerpo produzca demasiada insulina,mercola.com,0.174179298813923,2,18,12,12,12,0.0,0.0,2.0,0,0,0
H0731,New Study Confirms Liberals Are Far More Intolerant of Other People's Opinions » Alex Jones' Infowars: There's a war on for your mind!,infowars.com,0.0458475179096454,2,18,12,12,12,8.0,5.0,10.0,1,0,1
H1618,"Pentagon brass ""have a duty to go on the record"" after Trump denies shocking new military scandal",salon.com,0.537933612947259,2,18,12,12,12,7.0,4.0,9.0,1,0,1
H1740,Classmates Honor Virginia Teen Killed in Crash on Her 17th Birthday,nbcwashington.com,0.787623172475012,2,18,12,12,12,1.0,12.0,12.0,0,1,1
H0787,Police Officer Forced Himself On 16-Year-Old Homeless Girl While On Duty,femalista.com,0.319457892001573,2,18,12,12,12,12.0,12.0,12.0,1,1,1
H1425,Doctors Warn: Stop Carrying Your Cellphone On Your Body! Here’s Why,worldtruth.tv,0.017643643892146,2,19,11,11,11,4.0,4.0,9.0,0,0,1
H2870,Texas Moves to Block Child Marriages Common in Sharia Law » Alex Jones' Infowars: There's a war on for your mind!,infowars.com,0.0458475179096454,2,19,11,11,11,6.0,7.0,7.0,1,1,1
H2100,The World Economic Forum Tells Us That The Fourth Industrial Revolution Will Completely Merge Man And Machine With Implantable Technology • Now The End Begins,nowtheendbegins.com,0.0731174714253107,2,19,11,11,11,6.0,4.0,7.0,1,0,1
H0347,"Beto goes full communist, threatens to break apart U.S. wealth - DC Dirty Laundry",dcdirtylaundry.com,0.0916982813557337,2,19,11,11,11,9.0,9.0,8.0,1,1,1
H0115,Flashback: Before Smearing and Harassing Catholic Children - Native American Nathan Phillips Accused Frat Boys of Harassment in Similar Event,thegatewaypundit.com,0.109374585525566,2,19,11,11,11,9.0,9.0,7.0,1,1,1
H1936,‘#SayHisName’ Trends After Mainstream Media’s Silence on the Atrocious Killing of 5-Year-Old Cannon Hinnant,thedcpatriot.com,0.125553828241878,2,19,11,11,11,5.0,11.0,11.0,0,1,1
H3589,Doocy And Psaki Trade Jokes Before She Leaves Her Position,rumble.com,0.162505504571073,2,19,11,11,11,0.0,1.0,6.0,0,0,1
H0417,8 Signs There Is A Toxic Person In Your Life - David Avocado Wolfe,davidwolfe.com,0.197927783468443,2,19,11,11,11,4.0,6.0,10.0,0,1,1
H2358,Unprecedented threat level for Trump Inauguration - The Geller Report,pamelageller.com,0.216405500798777,2,19,11,11,11,1.0,6.0,9.0,0,1,1
H3749,"Uh-Oh, Cuomo! Prison Workers Say That They Are NOT Making Hand Sanitizer Touted By The Governor",clashdaily.com,0.231462789131987,2,19,11,11,11,7.0,4.0,8.0,1,0,1
H1500,"Russia Threatens UK: ""One Does Not Give 24Hrs Notice To A Nuclear Power""",zerohedge.com,0.272420899604219,2,19,11,11,11,10.0,9.0,10.0,1,1,1
H3493,BREAKING: Trump Just Got The BEST NEWS Of His Presidency - Democrats LIVID!,federalisttribune.com,0.299050085621009,2,19,11,11,11,4.0,1.0,6.0,0,0,1
H2698,"12 Christians killed, couple kidnapped from church during wedding in Nigeria",endtimeheadlines.org,0.315216786291459,2,19,11,11,11,6.0,10.0,11.0,1,1,1
H3854,Kavanaugh accuser faces Saturday deadline to confirm testimony,washingtontimes.com,0.345472108057381,2,19,11,11,11,4.0,8.0,9.0,0,1,1
H2604,"Democrats Abandon Opposition To Helping Small Businesses After Using Americans As ‘Leverage,’ McConnell Says",dailywire.com,0.357498144984751,2,19,11,11,11,7.0,9.0,9.0,1,1,1
H3798,Mask-less Floridians ignore social distancing at reopened restaurants,dailymail.co.uk,0.383860647514719,2,19,11,11,11,9.0,4.0,11.0,1,0,1
H0024,'iCarly' Revival in the Works With Miranda Cosgrove & More OG Stars,etonline.com,0.421196500633623,2,19,11,11,11,0.0,1.0,11.0,0,0,1
H1515,"Report: Avenatti to Lose Cash, Artwork, Ferrari in Divorce Settlement with Wife - Sara A. Carter",saraacarter.com,0.436144337268981,2,19,11,11,11,7.0,8.0,10.0,1,1,1
H0855,‘The authority is total’: Trump says he can force governors to reopen the country,rawstory.com,0.461914938868004,2,19,11,11,11,7.0,5.0,10.0,1,0,1
H1427,Days After Michael Moore's New Movie Premieres He Receives Some Major Bad News,chicksonright.com,0.490047310819928,2,19,11,11,11,0.0,6.0,8.0,0,1,1
H1424,Fifth Undocumented Immigrant Arrested For Rape In Sanctuary MD County In Last Month,greatamericanpolitics.com,0.523904271578564,2,19,11,11,11,10.0,5.0,11.0,1,0,1
H0777,"Cher urges Pelosi end partial government shutdown, fund border wall",fox5ny.com,0.541678915519192,2,19,11,11,11,3.0,2.0,8.0,0,0,1
H1509,How White People Got Made,filmsforaction.org,0.550615075962297,2,19,11,11,11,1.0,1.0,4.0,0,0,0
H1448,"Blood pressure drug recalled, bottles may contain different drug",wjbf.com,0.575169476761627,2,19,11,11,11,1.0,4.0,10.0,0,0,1
H2763,Burger King offering 37-cent Whoppers to celebrate iconic burger's 64th birthday,fox4news.com,0.602914694779855,2,19,11,11,11,0.0,0.0,11.0,0,0,1
H1105,Missouri man exonerated in 1978 triple murder case gets over $1 million in donations,nypost.com,0.638970275002357,2,19,11,11,11,1.0,9.0,11.0,0,1,1
H1756,Deputies searching for man who went missing on Fourth of July,kfoxtv.com,0.673588160025729,2,19,11,11,11,0.0,7.0,10.0,0,1,1
H0577,"Ivanka Completely Breaks With Her Father Over Family Separations, ‘I Am The Daughter Of An Immigrant’",proudemocrat.com,0.693436237512595,2,19,11,11,11,7.0,8.0,10.0,1,1,1
H3275,D.C. Statehood is a Racial Justice Issue,aclu.org,0.712491043296848,2,19,11,11,11,1.0,2.0,7.0,0,0,1
H3873,Will Smith's magical 'Aladdin' tribute to Robin Williams will make you smile,today.com,0.734238148179424,2,19,11,11,11,0.0,1.0,10.0,0,0,1
H0949,12 members of Allentown family diagnosed with COVID-19; 4 have died,6abc.com,0.768853057630876,2,19,11,11,11,6.0,9.0,9.0,1,1,1
H3686,No Place Back Home | Exodus,weather.com,0.787979994491179,2,19,11,11,11,0.0,2.0,3.0,0,0,0
H0509,‘My skin still smells of death’: The Briton working the front lines of the Kurdish crisis in Syria,itv.com,0.812511702772452,2,19,11,11,11,2.0,5.0,8.0,0,0,1
H1104,"MJ Hegar raised $750,000 off her viral ad, one of a few Texas Democrats boasting big numbers",texastribune.org,0.843374316803737,2,19,11,11,11,0.0,0.0,8.0,0,0,1
H3753,Occupy Alcatraz: Native American Activism in the Modern Era,nytimes.com,0.858776290720608,2,19,11,11,11,0.0,5.0,5.0,0,0,0
H3247,How you could get stuck at the Mackinac Bridge for 5 hours on Labor Day,freep.com,0.876111992817132,2,19,11,11,11,0.0,4.0,8.0,0,0,1
H1124,Charleston congressman Joe Cunningham tests positive for coronavirus,postandcourier.com,0.905833875771101,2,19,11,11,11,3.0,9.0,11.0,0,1,1
H3903,Univeter Road Reopens Following Acid Spill At Chicken Plant,patch.com,0.933491002134259,2,19,11,11,11,3.0,2.0,10.0,0,0,1
H2317,NASA Readies for Future Artemis Moon Missions with Rocket Engine Test,nasa.gov,0.956315766887341,2,19,11,11,11,0.0,0.0,10.0,0,0,1
H1563,"Health care comes in focus, this time as risk for Democrats",apnews.com,0.998049167729267,2,19,11,11,11,1.0,4.0,7.0,0,0,1
H2871,Top Gun and American Decline - The American Conservative,theamericanconservative.com,0.589378204644704,2,19,11,11,11,0.0,1.0,5.0,0,0,0
H2167,Video: Hold Up: Man Claims To Have Bought A Product Off Amazon Using His Social Security Card!,worldstarhiphop.com,0.288824151569851,2,19,11,11,11,2.0,4.0,9.0,0,0,1
H2455,Columbia Co. Sheriff: Do not drive if you do not absolutely have to,nbc15.com,0.700919224385714,2,19,11,11,11,1.0,1.0,8.0,0,0,1
H3270,Toronto Mosque: “O Allah! Give Us Victory Over The Disbelieving People…SLAY Them One By One And Spare Not One Of Them” - Freedom's Final Stand,freedomsfinalstand.com,0.243485698471787,2,19,11,11,11,6.0,6.0,6.0,1,1,1
H2749,"Chicago Weather Advisory: Excessive Heat Warning issued for city, suburbs",abc7chicago.com,0.905571729093681,2,19,11,11,11,2.0,2.0,10.0,0,0,1
H3561,"EXCLUSIVE: Rep. Dan Crenshaw Talks Lockdowns, Dem Hypocrisy, And Conservative Ideas On COVID",dailywire.com,0.357498144984751,2,19,11,11,11,4.0,2.0,8.0,0,0,1
H0763,"Weary postal workers hope Biden will bring new tone, change",apnews.com,0.998049167729267,2,19,11,11,11,1.0,7.0,9.0,0,1,1
H1268,Coroner confirms two dead after crash involving semi in Wolfe County,wkyt.com,0.745250244624973,2,19,11,11,11,3.0,7.0,11.0,0,1,1
H0288,Make your own all-natural and EFFECTIVE home cleaning products,newstarget.com,0.0723314494829261,2,19,11,11,11,0.0,0.0,8.0,0,0,1
H0579,John Brennan hopes 'individuals of conscience' will block Trump's declassification order,washingtonexaminer.com,0.508074929491517,2,19,11,11,11,7.0,4.0,10.0,1,0,1
H3592,These 15 edible plants could save your life in a dangerous situation – NaturalNews.com,naturalnews.com,0.0,2,20,10,10,10,2.0,2.0,10.0,0,0,1
H1672,Justice: FBI Fires Disgraced Agent Peter Strzok Over Anti-Trump Texts,infowars.com,0.0458475179096454,2,20,10,10,10,8.0,7.0,9.0,1,1,1
H3990,12 Toxic Things We Do As Parents That Hurt Our Children In The Long Run,awarenessact.com,0.0705539230341695,2,20,10,10,10,6.0,7.0,8.0,1,1,1
H1015,Scores of Muslims Turning to Christ in Middle East; Churches Are Expecting Millions of Converts | Walid Shoebat,shoebat.com,0.0886084846223804,2,20,10,10,10,0.0,0.0,7.0,0,0,1
H0926,Killer-Asteroid Will Zoom Past Earth On September 1 — Disclose.tv,disclose.tv,0.108523007938914,2,20,10,10,10,4.0,4.0,10.0,0,0,1
H0039,"Jimmy Carter Goes Off: Russians Didn't Interfere, Obama Failed And We Did Not Vote For Hillary - VIDEO - Think Americana",thinkamericana.com,0.125553828241878,2,20,10,10,10,5.0,4.0,7.0,0,0,1
H0635,Sidney Blumenthal: Bob Woodward has been an 'FBI asset' since Deep Throat,americanthinker.com,0.152499978555631,2,20,10,10,10,1.0,1.0,7.0,0,0,1
H2748,Here's Another Reason To Leave Netflix: The Obamas Just Signed A Mega Multi Year Production Deal - David Harris Jr,davidharrisjr.com,0.189197213121713,2,20,10,10,10,5.0,1.0,9.0,0,0,1
H3372,"POLL: Should health care subsidies be taken away for members of Congress? Click, Vote, then SHARE! Let's get 100,000 votes! • Swamp Drain",swampdrain.com,0.220144495464755,2,20,10,10,10,1.0,4.0,8.0,0,0,1
H2965,Democrat Voter Fraud in Minnesota - Frontpagemag,frontpagemag.com,0.234772051555315,2,20,10,10,10,5.0,4.0,8.0,0,0,1
H1303,Kids On The Playground Show Ultimate Respect For Marine Corps,littlethings.com,0.254744161661547,2,20,10,10,10,0.0,0.0,8.0,0,0,1
H3882,40 Different Studies that Confirm GMO Foods are Destroying Your Health,wisemindhealthybody.com,0.279425194885618,2,20,10,10,10,7.0,7.0,9.0,1,1,1
H1997,Student accuses teacher of assault after ripping 'Women for Trump' pin off shirt in class - The American Mirror,theamericanmirror.com,0.300720765172522,2,20,10,10,10,9.0,9.0,9.0,1,1,1
H0444,Bill Maher Unloads On Democrats As ‘Loser Party’ — Says Ginsburg ‘Should Have Quit’ During Obama Presidency,analyzingamerica.org,0.334544111691153,2,20,10,10,10,7.0,6.0,7.0,1,1,1
H0197,Ilhan Omar Blamed American Military For Alleged Crimes Committed During Black Hawk Down,dailywire.com,0.357498144984751,2,20,10,10,10,7.0,5.0,9.0,1,0,1
H1594,Now Chinese scientists claim coronavirus originated in INDIA,dailymail.co.uk,0.383860647514719,2,20,10,10,10,5.0,5.0,9.0,0,0,1
H2942,"After Husband Pa-sses Away, Wife Puts Up Sign. Garbage Men Stop To Tell Her The Truth About Him",zeppfeed.com,0.405947616340221,2,20,10,10,10,4.0,6.0,6.0,0,1,1
H0622,Anti-Gun Utah Lawmaker's 'Psychological' Reasons Insufficient,bearingarms.com,0.440140140389877,2,20,10,10,10,2.0,3.0,8.0,0,0,1
H3238,Horowitz: Do the COVID shots erase natural immunity?,conservativereview.com,0.458785298834695,2,20,10,10,10,3.0,1.0,9.0,0,0,1
H3880,Pete Buttigieg on Bernie Sanders,jacobinmag.com,0.48750281128974,2,20,10,10,10,0.0,0.0,1.0,0,0,0
H0200,"Foxconn looks to bring in the troops; Company plans to hire 3,000 veterans",journaltimes.com,0.515748363380812,2,20,10,10,10,1.0,2.0,9.0,0,0,1
H1591,"Feinstein backing Biden for president, snubbing fellow Californian Kamala Harris: report",foxnews.com,0.534260962262195,2,20,10,10,10,6.0,7.0,9.0,1,1,1
H3210,Lake of the Ozarks native is commander on SpaceX's launch to International Space Station,krcgtv.com,0.56349131825393,2,20,10,10,10,0.0,1.0,8.0,0,0,1
H3220,Black Fatherhood Shines in New Animated FIim | | BlackPressUSA,blackpressusa.com,0.592297847070736,2,20,10,10,10,0.0,0.0,8.0,0,0,1
H3568,"Joe Biden Caves, Raises Refugee Limit To 62,500 Per Year Up From 15,000 Under Trump - MAGA Conservative",magaconservatives.com,0.60994156947239,2,20,10,10,10,7.0,4.0,9.0,1,0,1
H3306,Instagram model dies after insisting her cancer was ‘only a phase’,nypost.com,0.638970275002357,2,20,10,10,10,7.0,9.0,10.0,1,1,1
H0260,$500 Reward Offered for Arrest in Fatal Shooting of Peacocks in Riverview,baynews9.com,0.656583577448938,2,20,10,10,10,4.0,9.0,10.0,0,1,1
H3048,Sheriff: Black teen hurt by man in pickup with Confederate flag at Oregon music festival,kval.com,0.675608082535566,2,20,10,10,10,10.0,10.0,10.0,1,1,1
H3097,"Milwaukee buildings light up in red, white, and blue as a sign of hope",tmj4.com,0.719798163926061,2,20,10,10,10,0.0,2.0,10.0,0,0,1
H2140,Girl badly burned by homemade slime (graphic photos),pix11.com,0.739336993642173,2,20,10,10,10,4.0,8.0,10.0,0,1,1
H3138,"Steph, Ayesha will endorse Biden-Harris presidential ticket",nbcsports.com,0.762377581102117,2,20,10,10,10,0.0,0.0,8.0,0,0,1
H0966,‘Slow execution’: Israel extends Ahmad Manasra’s prison isolation,aljazeera.com,0.779267503219657,2,20,10,10,10,8.0,8.0,9.0,1,1,1
H1721,Opinion | Trump’s retreat from responsibility will fail,washingtonpost.com,0.818780596798307,2,20,10,10,10,1.0,1.0,7.0,0,0,1
H1890,Toronto Film Festival Kicks Off $3 Million Campaign to Support Female Filmmakers,variety.com,0.830936725464152,2,20,10,10,10,0.0,0.0,9.0,0,0,1
H1384,Coronavirus in N.Y.: ‘Deluge’ of Cases Begins Hitting Hospitals,nytimes.com,0.858776290720608,2,20,10,10,10,7.0,6.0,10.0,1,1,1
H0919,"Scientists Mystified, Wary, as Africa Avoids COVID Disaster",usnews.com,0.897076683243603,2,20,10,10,10,2.0,2.0,8.0,0,0,1
H3633,"Payless ShoeSource closing all 2,100 U.S. stores, starting liquidation sales Sunday",cincinnati.com,0.905571729093681,2,20,10,10,10,3.0,3.0,10.0,0,0,1
H3438,Missing Gloucester Woman Disappeared Before Her Super Bowl Party,patch.com,0.933491002134259,2,20,10,10,10,1.0,6.0,9.0,0,1,1
H0608,Add cool new ringtones to your iPhone,cnet.com,0.951854977853014,2,20,10,10,10,0.0,0.0,9.0,0,0,1
H3465,"Musk to resign as Tesla chairman, remain as CEO in SEC settlement",reuters.com,1.0,2,20,10,10,10,1.0,0.0,9.0,0,0,1
H1920,Four parks in Lackawanna County set to reopen,wnep.com,0.517449981400759,2,20,10,10,10,0.0,0.0,9.0,0,0,1
H0516,Rep. Ayanna Pressley: Not Wearing Masks Is ‘Chemical Warfare’,breitbart.com,0.297175368438483,2,20,10,10,10,2.0,1.0,9.0,0,0,1
H3654,GOP senator: ‘No good reason’ to include local tax deductions in GOP tax bill,thehill.com,0.898762408412433,2,20,10,10,10,5.0,4.0,7.0,0,0,1
H3384,Don’t Underestimate the Power of Kindness at Work,hbr.org,0.877291605300351,2,20,10,10,10,0.0,1.0,8.0,0,0,1
H1439,"Pa. survivalists have been prepping for a disaster scenario like coronavirus. Now, many feel vindicated.",inquirer.com,0.84166654415002,2,20,10,10,10,5.0,4.0,10.0,0,0,1
H2163,2.11.22: TYRANTS openly show their allegiance to the ENEMY! They impose FEAR! Stay Together! PRAY!,bitchute.com,0.124014428918512,2,20,10,10,10,6.0,1.0,5.0,1,0,0
H1138,Derek Chauvin Found Guilty In Killing Of George Floyd | BIN: Black Information Network,binnews.com,0.516183984046244,2,20,10,10,10,9.0,10.0,10.0,1,1,1
H3723,The Netherlands held a competition to design new refugee housing. These are the winners.,upworthy.com,0.704498362647696,2,20,10,10,10,1.0,1.0,9.0,0,0,1
H1651,VIDEO: Raiders WR Amari Cooper Gets Knocked Out Cold After Helmet-to-Helmet Hit,12up.com,0.594889248109946,2,20,10,10,10,3.0,9.0,9.0,0,1,1
H3388,Combinatorial treatment with natural compounds in prostate cancer inhibits prostate tumor growth and leads to key modulations of cancer cell metabolism,nature.com,0.964534054690512,2,20,10,10,10,3.0,2.0,8.0,0,0,1
H0724,Scientists Say Smelling Farts Prevents Cancer | World Truth.TV,worldtruth.tv,0.017643643892146,2,21,14,14,14,2.0,2.0,11.0,0,0,1
H1483,"Rand Paul Reveals 6 Broken Ribs, Lung Condition After Attack from Socialist Neighbor » Alex Jones' Infowars: There's a war on for your mind!",infowars.com,0.0458475179096454,2,21,14,14,14,10.0,13.0,12.0,1,1,1
H3318,The Attacks Now Coming At President Trump From Progressive Laodicean Evangelicals Reveals Deep Infiltration By George Soros Front Groups • Now The End Begins,nowtheendbegins.com,0.0731174714253107,2,21,14,14,14,8.0,10.0,11.0,1,1,1
H2105,"Meditation Can ‘Turbo Charge’ the Brain by Synchronizing Two Key Regions, Latest Science",wakingtimes.com,0.0901725391626428,2,21,14,14,14,1.0,1.0,11.0,0,0,1
H1784,"HATE HOAX UPDATE: ""Chicago Media and Police Doubt Jussie Smollett’s Story""",thegatewaypundit.com,0.109374585525566,2,21,14,14,14,5.0,5.0,12.0,0,0,1
H2765,‘Evidence Of Undeclared Nuclear Activities’ Discovered At Locations In Iran…Biden Begs for Peace,uniteamericafirst.com,0.129014666189983,2,21,14,14,14,7.0,6.0,12.0,0,0,1
H0530,Kamala Harris Has Funneled 93K To Maxine Waters Since 2010; Got Huge Endorsement Too! ⋆ WayneDupree.com,waynedupree.com,0.164954060882232,2,21,14,14,14,4.0,2.0,13.0,0,0,1
H2962,Death of Free Speech: Criticizing Israel Will Land You in Prison - Global Research,globalresearch.ca,0.176169765597604,2,21,14,14,14,9.0,11.0,13.0,1,1,1
H3995,WATCH: Trump Was Right. This Video Will DESTROY the Democrats – If People Watch It.,angrypatriotmovement.com,0.207371119696342,2,21,14,14,14,7.0,5.0,12.0,0,0,1
H0396,"PA Supreme Court Rejects Trump's Case To Invalidate 8,329 Ballots",bipartisanreport.com,0.228380384066331,2,21,14,14,14,5.0,5.0,13.0,0,0,1
H2833,"BIDEN on ?: ‘So, One of the Things, That, By the Way, This Whole Notion of Dealing with, The Idea… Look’ | Sean Hannity",hannity.com,0.26091281309063,2,21,14,14,14,2.0,3.0,5.0,0,0,0
H2441,Israeli forces kill Palestinian teen protesting Trump annexation plan – Mondoweiss,mondoweiss.net,0.278851150989863,2,21,14,14,14,14.0,13.0,14.0,1,1,1
H2403,Rep. Tlaib: ‘I’m more Palestinian in the halls of Congress than I am anywhere … in the world’,theblaze.com,0.319102558515008,2,21,14,14,14,2.0,4.0,12.0,0,0,1
H2961,"Donald Trump, on a winning streak, gets ‘icing on cake’ with Avenatti charges",washingtontimes.com,0.345472108057381,2,21,14,14,14,7.0,6.0,14.0,0,0,1
H1296,Manhattan DA Closes Probe Into Nursing Home Deaths Without Charging Disgraced Ex-Gov Cuomo,bongino.com,0.371435995037781,2,21,14,14,14,7.0,11.0,13.0,0,1,1
H3764,Arizona State University Republican group launches fundraiser for Kenosha shooter,dailymail.co.uk,0.383860647514719,2,21,14,14,14,5.0,8.0,12.0,0,1,1
H2154,New Directive Allows ICE Officers to Arrest Pregnant Illegal Immigrants | One America News Network,oann.com,0.414524143820094,2,21,14,14,14,9.0,10.0,13.0,1,1,1
H3623,Two-Headed Rattlesnake Found in Arkansas,ozarksfirst.com,0.431966415771126,2,21,14,14,14,1.0,2.0,13.0,0,0,1
H1294,GOP lawmakers are ignoring Trump because the public no longer cares what he thinks: columnist,rawstory.com,0.461914938868004,2,21,14,14,14,7.0,7.0,14.0,0,0,1
H3324,12 Phrases That Make All Parents Roll Their Eyes,scarymommy.com,0.475679657982067,2,21,14,14,14,2.0,4.0,11.0,0,0,1
H2633,Victim identified after shooting in Avondale,local12.com,0.509941076749434,2,21,14,14,14,5.0,8.0,13.0,0,1,1
H1415,"Mr. Trump, Mr. Putin is sending you a message. You might want to listen",foxnews.com,0.534260962262195,2,21,14,14,14,3.0,2.0,11.0,0,0,1
H2686,Tulsa Police: Wounded Man Is Person Of Interest In Kansas Double Homicide,newson6.com,0.5702923634705,2,21,14,14,14,8.0,9.0,13.0,1,1,1
H3402,Cowboys Reportedly Hosting Packers Free Agent WR Randall Cobb for a Visit,12up.com,0.594889248109946,2,21,14,14,14,1.0,1.0,13.0,0,0,1
H3755,Photographer Captures Proud Lion Standing Triumphantly on a Hill of Bones,mymodernmet.com,0.601952330135495,2,21,14,14,14,1.0,2.0,14.0,0,0,1
H3620,Michael Cohen has Begun Talking to Robert Mueller And he Knows 'Almost Everything' About Trump,hillreporter.com,0.626654347976592,2,21,14,14,14,4.0,3.0,13.0,0,0,1
H0690,Coronavirus: Italia duplica el número de casos de COVID-19 en 24 horas,telemundo.com,0.673588160025729,2,21,14,14,14,2.0,5.0,7.0,0,0,0
H1601,3-year-old Columbus boy dies from complications from the flu,abc6onyourside.com,0.696112529686654,2,21,14,14,14,3.0,12.0,13.0,0,1,1
H2456,"Former NFL receiver David Patten, a member of the Patriots early 2000s dynasty, dies at age 47",cbssports.com,0.718640148890342,2,21,14,14,14,3.0,9.0,13.0,0,1,1
H3839,Whistleblower report reveals how far Trump’s dubious ethics have spread,theguardian.com,0.74959222370997,2,21,14,14,14,9.0,2.0,12.0,1,0,1
H0927,Little Rock mother says son was forced to dig in the toilet by teacher,fox16.com,0.772117986293428,2,21,14,14,14,12.0,13.0,13.0,1,1,1
H2168,"Catastrophic, Historic Flooding Happening Now in Houston; Governor Activates 3,000 Federal and State Guard Members",weather.com,0.787979994491179,2,21,14,14,14,3.0,7.0,14.0,0,0,1
H3598,How I Tried to Defy the Facebook Algorithm,theatlantic.com,0.803526667450118,2,21,14,14,14,3.0,3.0,11.0,0,0,1
H3182,"Trump claims walls work, but the discovery of border tunnels says otherwise",nbcnews.com,0.843937401226111,2,21,14,14,14,3.0,2.0,12.0,0,0,1
H0507,Tornado Warning Cancelled as Storm Weakens in Santa Barbara County,ktla.com,0.854788060655499,2,21,14,14,14,3.0,3.0,12.0,0,0,1
H0412,Floyd Mayweather Just Promoted His Second ICO on Twitter - CoinDesk,coindesk.com,0.876057708998085,2,21,14,14,14,0.0,1.0,11.0,0,0,1
H1797,J.C. Penney closing more stores after exiting bankruptcy. Will your store close in March 2021? See the list.,usatoday.com,0.901007708482031,2,21,14,14,14,4.0,8.0,14.0,0,1,1
H2975,Ruth Bader Ginsburg On Love And Other Things,npr.org,0.930525246755544,2,21,14,14,14,0.0,0.0,11.0,0,0,1
H2736,A bioprosthetic ovary created using 3D printed microporous scaffolds restores ovarian function in sterilized mice : Nature Communications,nature.com,0.964534054690512,2,21,14,14,14,1.0,4.0,12.0,0,0,1
H1664,Plastic straws and bags no more: Canada aims to clean up its act,reuters.com,1.0,2,21,14,14,14,6.0,6.0,13.0,0,0,1
H3792,IN THE DARK: Total Solar Eclipse In August May Cause Massive Loss Of Solar Power Across U.S.,dailywire.com,0.357498144984751,2,21,14,14,14,3.0,7.0,13.0,0,0,1
H3919,Kevin de León Is the Real Deal,laweekly.com,0.658549831212272,2,21,14,14,14,0.0,0.0,8.0,0,0,1
H2147,Biden's USPS Chief of Mail-in Ballots ARRESTED In Child Sex Sting,welovetrump.com,0.0871406069110147,2,21,14,14,14,12.0,9.0,13.0,1,1,1
H3769,EXCLUSIVE: September report released for child sex crimes by illegal aliens in just one state,dennismichaellynch.com,0.660937641909948,2,21,14,14,14,10.0,10.0,13.0,1,1,1
H1028,The Washington Post Corroborates Watermarked Ballots Story!,welovetrump.com,0.0871406069110147,2,21,14,14,14,1.0,1.0,8.0,0,0,1
H0631,Mom arrested after police arrive to witness woman tossing son from apartment and a dead 6-month-baby,ntd.com,0.409683969103314,2,21,14,14,14,13.0,13.0,14.0,1,1,1
H1895,Warriors coach Steve Kerr shaped by tragedy,cbsnews.com,0.879618721504846,2,21,14,14,14,2.0,10.0,12.0,0,1,1
H0865,El Paso shooting: Rifleman is in custody after shopping mall rampage leaving 20 dead and at least 26 wounded,latimes.com,0.854215102806626,2,21,14,14,14,13.0,13.0,14.0,1,1,1
H3128,Why more people are leaving New York than any other state,nypost.com,0.638970275002357,2,21,14,14,14,2.0,5.0,11.0,0,0,1
H2226,"HINDSIGHT: Watch Lefty Marie Harf Destroyed After Claim 'Clinton Dossier' was NEVER used in FISA Warrant Application ""I know it wasn't!"" [Video] * 100PercentFedUp.com",100fedup.com,0.346782192375088,2,21,14,14,14,3.0,6.0,7.0,0,0,0
H1581,"In Epic Speech, Italian Member of Parliament Demands Arrest of Bill Gates As A “Vaccine Criminal” For Pursuing Crimes Against Humanity",worldtruth.tv,0.017643643892146,2,22,12,12,12,11.0,8.0,11.0,1,1,1
H3601,"Congress Discloses Complete Number, Amount of Harassment Settlements In Past 20 Years » Alex Jones' Infowars: There's a war on for your mind!",infowars.com,0.0458475179096454,2,22,12,12,12,5.0,3.0,11.0,0,0,1
H1231,Did You Know That Medicaid In New York Pays For Erectile Dysfunction Medication For Convicted Sex Offenders And Serial Pedophiles? • Now The End Begins,nowtheendbegins.com,0.0731174714253107,2,22,12,12,12,8.0,4.0,12.0,1,0,1
H1763,PATHETIC: Players Protesting National Anthem Claim to Respect Troops in New NFL Commercial (Video),truthuncensored.net,0.0853217706757043,2,22,12,12,12,8.0,7.0,10.0,1,1,1
H0322,General Flynn Tweets Out Cryptic Message About Email Found on Hunter Biden's Deserted Laptop,thegatewaypundit.com,0.109374585525566,2,22,12,12,12,7.0,5.0,11.0,1,0,1
H0520,NASA Finds HIDDEN Portals In Earth’s Magnetic Field,ewao.com,0.131186638839105,2,22,12,12,12,1.0,1.0,11.0,0,0,1
H3495,The Anti-Oxidant Power of Chiropractic,healthnutnews.com,0.151020321006386,2,22,12,12,12,1.0,1.0,7.0,0,0,1
H3124,"As Michelle's Away At Speaking Gig, Barack's Caught 'Sneaking Away' To Sabotage Trump",madworldnews.com,0.198482287294659,2,22,12,12,12,10.0,10.0,8.0,1,1,1
H2439,Man Caught on Video Allegedly Assaulting Another in 'Autonomous Zone' Denies 'Warlord' Label,westernjournal.com,0.212942660560995,2,22,12,12,12,12.0,11.0,11.0,1,1,1
H0002,"Michigan: Hamas-linked CAIR claims “Islamophobia,” sues city of Troy over denial of mosque in residential area",jihadwatch.org,0.23030350568835,2,22,12,12,12,8.0,10.0,11.0,1,1,1
H2148,Supreme Court Ends California's Total Worship Ban,charismanews.com,0.251310897239378,2,22,12,12,12,3.0,6.0,12.0,0,0,1
H2098,BOOM - Senator Sinema Stops Biden’s Plan To Nationalize Federal Election Laws; Angering Fellow Dems,trendingpolitics.com,0.287311270378793,2,22,12,12,12,9.0,9.0,12.0,1,1,1
H3415,Melania Trump Fires Back With Scorching Statement Following Omarosa’s Absurd Claims About Her Marriage |,thetrumpnewsgazette.com,0.303482274426337,2,22,12,12,12,11.0,10.0,11.0,1,1,1
H0598,Top Trump ally in Congress accused of enabling sexual abuse,shareblue.com,0.335857768068227,2,22,12,12,12,12.0,6.0,12.0,1,0,1
H1447,Matthew McConaughey Reveals the Biblical Truths Behind His Son's Name,cbn.com,0.366255771907572,2,22,12,12,12,2.0,2.0,11.0,0,0,1
H1088,NYPD patrol cars ram into protestors who were pelting them with trash during George Floyd protests,dailymail.co.uk,0.383860647514719,2,22,12,12,12,12.0,11.0,12.0,1,1,1
H1080,The Tragic Death of Beloved ESPN Anchor John Saunders | News Break,newsbreak.com,0.411188765089231,2,22,12,12,12,1.0,9.0,12.0,0,1,1
H2150,"A Law Already On The Books May Allow Gun Rights Activists To Win Their Case Against Deerfield, IL",bearingarms.com,0.440140140389877,2,22,12,12,12,5.0,5.0,11.0,0,0,1
H0759,Jake Tapper Calls Coronavirus Vaccines An ‘Unmitigated Success’ For Trump Administration,dailycaller.com,0.469965661505635,2,22,12,12,12,3.0,4.0,9.0,0,0,1
H3668,The Vatican Requests Instagram Probe Into Pope's 'Like' On Racy Instagram Model's Sexy Photo,chicksonright.com,0.490047310819928,2,22,12,12,12,5.0,6.0,12.0,0,0,1
H1482,"Kansas alligator caught on camera spooks neighbors, law enforcement",fox4kc.com,0.518656385101639,2,22,12,12,12,7.0,9.0,10.0,1,1,1
H0536,"Local veteran’s dying wish: a new home for his beloved shepherd, Lady",ksnt.com,0.549836322293704,2,22,12,12,12,1.0,6.0,12.0,0,0,1
H1852,"Sister of shooting victim dies suddenly, funeral services set for Blocker siblings",krcgtv.com,0.56349131825393,2,22,12,12,12,5.0,11.0,12.0,0,1,1
H1909,"Ohio man arrested after calling 911 to request police dog for stolen heroin - WCPO Cincinnati, OH",wcpo.com,0.594496049690941,2,22,12,12,12,7.0,2.0,10.0,1,0,1
H2696,Sweden foreign minister ‘proud’ to recognize Palestine,aa.com.tr,0.613601275347775,2,22,12,12,12,1.0,2.0,10.0,0,0,1
H1985,It's Lit: Salesforce Tower Featuring...Eye of Sauron?,nbcbayarea.com,0.629958582225415,2,22,12,12,12,1.0,1.0,6.0,0,0,0
H0104,The royal family will hold a summit Monday to discuss Prince Harry and Meghan,cnn.com,0.658031073873161,2,22,12,12,12,5.0,6.0,11.0,0,0,1
H0621,The New Season Of  'Orange Is The New Black'  Has Purportedly Been Posted Online,buzzfeed.com,0.699413557211612,2,22,12,12,12,1.0,3.0,10.0,0,0,1
H1598,Microwave cooking and nutrition - Harvard Health,harvard.edu,0.720423961621638,2,22,12,12,12,1.0,1.0,7.0,0,0,1
H0427,Deputies searching for missing 84-year-old man in Spartanburg County,foxcarolina.com,0.734086944548371,2,22,12,12,12,2.0,8.0,12.0,0,1,1
H3440,"Andromeda Galaxy, 2.5M light years away from Earth, is in view now",ktar.com,0.751415633515181,2,22,12,12,12,1.0,1.0,11.0,0,0,1
H0283,Ford set to name a new vehicle the Bronco Outer Banks,pilotonline.com,0.799029996866919,2,22,12,12,12,1.0,1.0,11.0,0,0,1
H1960,Ancient Infant's DNA Reveals New Clues to How the Americas Were Peopled,theatlantic.com,0.803526667450118,2,22,12,12,12,0.0,1.0,9.0,0,0,1
H0244,"Jackie Robinson Museum honoring baseball, civil rights icon opens",nbcnews.com,0.843937401226111,2,22,12,12,12,1.0,1.0,12.0,0,0,1
H3103,"The Creeping, Quiet Gaslighting of the EPA | WIRED",wired.com,0.852038156276351,2,22,12,12,12,4.0,5.0,5.0,0,0,0
H1622,Fred Levin donates $2 million to cancer research,pnj.com,0.879015340541404,2,22,12,12,12,2.0,1.0,11.0,0,0,1
H2982,The Blue Angels Are Taking Their Hornet Out for One Last Flight,popularmechanics.com,0.908495174315373,2,22,12,12,12,1.0,2.0,10.0,0,0,1
H2835,New Chick-fil-A planned near Lancaster Airport at former Hoss's Family Steak & Sea,lancasteronline.com,0.925960447501987,2,22,12,12,12,3.0,3.0,11.0,0,0,1
H1528,2021 Chevy Tahoe first drive review: Come sail away,cnet.com,0.951854977853014,2,22,12,12,12,1.0,2.0,11.0,0,0,1
H1694,"Prop gun in Alec Baldwin accidental movie set shooting had live rounds, police say",reuters.com,1.0,2,22,12,12,12,4.0,4.0,11.0,0,0,1
H2724,Dishonest Dems now trying to change election rules nationwide to make sure they can never lose again,dcclothesline.com,0.154243582961425,2,22,12,12,12,10.0,3.0,12.0,1,0,1
H3998,"First space hotel set to open in 2025 with cruise ship, Disney World amenities",kake.com,0.655066451292426,2,22,12,12,12,1.0,1.0,11.0,0,0,1
H0142,Penny Nance: Shame on Google for dissolving its AI council over African-American leader Kay Coles James,foxnews.com,0.534260962262195,2,22,12,12,12,9.0,9.0,12.0,1,1,1
H3208,Florida Missing Child Alert issued for teen who went missing in Fort Myers,wsvn.com,0.729034875160292,2,22,12,12,12,2.0,10.0,12.0,0,1,1
H3216,One empty chair at G-7 climate meeting: Trump’s,wishtv.com,0.799546470406205,2,22,12,12,12,5.0,2.0,10.0,0,0,1
H1417,There's More to Yesterday's Verdicts in the Michigan Whitmer Kidnapping Case - Much More...,thegatewaypundit.com,0.109374585525566,2,22,12,12,12,5.0,7.0,8.0,0,1,1
H1543,"LISTEN: Trump tells governors they are 'weak,' urges crackdown on protests",pbs.org,0.873758036638568,2,22,12,12,12,10.0,9.0,11.0,1,1,1
H2553,"Pope Admits NATO Likely Provoked Putin's Invasion: ""Barking At The Gates Of Russia""",zerohedge.com,0.272420899604219,2,22,12,12,12,9.0,6.0,12.0,1,0,1
H0678,"Detective Publishes Book Exposing High-Level Gov’t Pedophile Ring, Shot In The Head Days Later",worldtruth.tv,0.017643643892146,2,22,12,12,12,7.0,11.0,12.0,1,1,1
H1535,Ruth Bader Ginsburg Cancels ANOTHER Public Appearance Following Lung Cancer Surgery,thegatewaypundit.com,0.109374585525566,2,22,12,12,12,2.0,7.0,12.0,0,1,1
H0969,The Mark Of The Beast Has Arrived: US Firm Plans To Fit Employees With Microchip Implants,worldtruth.tv,0.017643643892146,2,23,11,11,11,9.0,8.0,9.0,1,1,1
H0497,Video: Mall Fights Erupt Across Nation » Alex Jones' Infowars: There's a war on for your mind!,infowars.com,0.0458475179096454,2,23,11,11,11,1.0,4.0,5.0,0,0,0
H3869,Humans Draw Energy From Each Other the Same Way Plants Do,awarenessact.com,0.0705539230341695,2,23,11,11,11,2.0,3.0,11.0,0,0,1
H0423,Arnold Schwarzenegger's Mistress Of 14 Years Gets Candid About Their Affair And Secret Child,fabiosa.com,0.0905862324182262,2,23,11,11,11,5.0,5.0,10.0,0,0,1
H1714,VIDEO=> Big Sean Raps About Murdering President Trump with Ice Pick... Where's the Secret Service?,thegatewaypundit.com,0.109374585525566,2,23,11,11,11,11.0,11.0,11.0,1,1,1
H1832,Leaked FBI Docs Reveal U.S. Govt. Funded Ukrainian Neo-Nazi Group That Orchestrated Charlottesville Riot To Destabilize The West And Stoke Racial Tension,en-volve.com,0.126883146357792,2,23,11,11,11,9.0,7.0,10.0,1,1,1
H0317,What does it mean that “the truth will set you free” (John 8:32)?,gotquestions.org,0.167813984196301,2,23,11,11,11,0.0,2.0,5.0,0,0,0
H2481,What happened to you black people?,wnd.com,0.192160019649149,2,23,11,11,11,1.0,6.0,2.0,0,1,0
H2990,"This dude in his diesel powered Dodge Ram doesn't care about your ""May Day"" protest! Hahahaha!",redrocktribune.com,0.216405500798777,2,23,11,11,11,4.0,3.0,5.0,0,0,0
H2036,"UK soccer club on terror alert after staffer converts to Islam, sends photos of stadium to Pakistan",jihadwatch.org,0.23030350568835,2,23,11,11,11,8.0,7.0,9.0,1,1,1
H1780,50-year-old transsexual ‘woman’ makes college basketball debut | News | LifeSite,lifesitenews.com,0.257569279591328,2,23,11,11,11,3.0,2.0,10.0,0,0,1
H1681,Chinese Man Allegedly Imprisoned 500 Cats to Sell Them to Restaurants - Breitbart,breitbart.com,0.297175368438483,2,23,11,11,11,11.0,11.0,10.0,1,1,1
H0041,Top Five Celebrity Reactions to Yet Another Donald Trump Impeachment Acquittal,louderwithcrowder.com,0.311310547480834,2,23,11,11,11,4.0,3.0,10.0,0,0,1
H1560,Army continues rollout of World War II-style dress uniforms,washingtontimes.com,0.345472108057381,2,23,11,11,11,1.0,0.0,11.0,0,0,1
H3479,Turns out Americans aren’t as dumb as Donald Trump thinks they are,palmerreport.com,0.360703012753001,2,23,11,11,11,9.0,10.0,9.0,1,1,1
H2522,Chrissy Teigen CONFIRMS her third pregnancy showing her surprise baby bump,dailymail.co.uk,0.383860647514719,2,23,11,11,11,1.0,2.0,11.0,0,0,1
H2268,"Republicans propose 'bipartisan' gutting of planned COVID-19 response, but Democrats aren't biting",dailykos.com,0.413735620185017,2,23,11,11,11,7.0,5.0,10.0,1,0,1
H3288,Bill O'Reilly: Bill's Message of the Day - New Zealand Used For Propaganda,billoreilly.com,0.436253132483361,2,23,11,11,11,2.0,7.0,7.0,0,1,1
H0025,Reporter explains how Biden got Putin to blink after Russian forces amassed near Ukraine,rawstory.com,0.461914938868004,2,23,11,11,11,7.0,6.0,10.0,1,1,1
H0011,"1,200-year-old cross found in Pakistan",christiantoday.com,0.482444145205158,2,23,11,11,11,1.0,0.0,11.0,0,0,1
H3682,Chauvin Trial Blog Update: Derek Chauvin Defense Opens By Arguing Trauma From Arrest Did Not Kill George Floyd,bet.com,0.512337095957491,2,23,11,11,11,7.0,8.0,9.0,1,1,1
H1370,DHS Memo: Capitol Attackers Plotted in Advance,thedailybeast.com,0.5381943988207,2,23,11,11,11,10.0,4.0,8.0,1,0,1
H2228,Teen Who May Have Died Of Coronavirus Was Denied Care For Not Having Insurance: Mayor,huffpost.com,0.568450135334297,2,23,11,11,11,10.0,11.0,11.0,1,1,1
H1625,Gov. DeSantis signs bill providing $500 million to raise Florida teacher starting salaries to 5th in the nation,wftv.com,0.589666275358842,2,23,11,11,11,0.0,1.0,10.0,0,0,1
H1737,Top 10 Jewish Words to Teach Your Kids,kveller.com,0.617675703326665,2,23,11,11,11,2.0,2.0,10.0,0,0,1
H0366,Mom Is Shocked When She Hears Her Son Saying This In His Room. But His Teacher’s Response Is...,hrtwarming.com,0.637419883200921,2,23,11,11,11,2.0,1.0,4.0,0,0,0
H1612,Trump’s Trade War Could Make the Trump Recession a Reality,newyorker.com,0.663452052897644,2,23,11,11,11,10.0,3.0,11.0,1,0,1
H0154,Strake Jesuit teen nicknamed 'White Lightning' runs 100m dash in 9.98 seconds - good enough for Olympics,wltx.com,0.699676702091565,2,23,11,11,11,1.0,1.0,10.0,0,0,1
H2550,Colorized civil rights photos provide new perspective on well-known events,upworthy.com,0.704498362647696,2,23,11,11,11,2.0,2.0,8.0,0,0,1
H3476,Follow the longest lunar eclipse in 580 years – live,independent.co.uk,0.734076864473315,2,23,11,11,11,0.0,1.0,11.0,0,0,1
H3763,Police Searching For Missing Man Who Is Without Needed Medication,cbslocal.com,0.751190107612549,2,23,11,11,11,2.0,8.0,10.0,0,1,1
H1449,Cousins Day: Just be 'cuz',bing.com,0.799649853780606,2,23,11,11,11,1.0,1.0,6.0,0,0,1
H3146,Utah residents are being mailed unidentified seeds from China,newsweek.com,0.81846380864247,2,23,11,11,11,7.0,7.0,11.0,1,1,1
H0794,25 Cities Where Your Paycheck Stretches The Farthest | Forbes,forbes.com,0.829500343762818,2,23,11,11,11,0.0,2.0,11.0,0,0,1
H3520,"In Lebanon Town, Refugees and Locals Agree on 1 Thing: Time for Syrians to Go",nytimes.com,0.858776290720608,2,23,11,11,11,6.0,5.0,9.0,1,0,1
H0059,"Few black people get home mortgages in Detroit, data show",freep.com,0.876111992817132,2,23,11,11,11,5.0,7.0,10.0,0,1,1
H0372,Why you should pay off your mortgage before you retire and what to do if you can't,usatoday.com,0.901007708482031,2,23,11,11,11,2.0,2.0,11.0,0,0,1
H1432,Police Chief Gets Snapping Turtle Off Road: Video,patch.com,0.933491002134259,2,23,11,11,11,1.0,3.0,11.0,0,0,1
H2363,Soldier arrested after run-in with Korean police during curfew suspension test,armytimes.com,0.955899260798174,2,23,11,11,11,4.0,5.0,9.0,0,0,1
H3112,British study shows COVID-19 vaccine efficacy wanes under Delta,reuters.com,1.0,2,23,11,11,11,2.0,2.0,10.0,0,0,1
H0523,Alyssa Milano Challenges Cruz to Gun Debate: So America 'Can Hear Your Bulls**t Firsthand',breitbart.com,0.297175368438483,2,23,11,11,11,4.0,3.0,8.0,0,0,1
H3782,Intellectual\\nsynthesis in mentorship determines success in academic careers,nature.com,0.964534054690512,2,23,11,11,11,1.0,0.0,6.0,0,0,1
H3587,"The Democrat party is now officially a domestic terrorism group: DNC Deputy Chair endorses Antifa terror tactics handbook that promotes ""kill zones"" for conservatives and whites",naturalnews.com,0.0,2,23,11,11,11,8.0,4.0,7.0,1,0,1
H2436,Twitter says it has quit taking action against lies about the 2020 election,cnn.com,0.658031073873161,2,23,11,11,11,4.0,3.0,10.0,0,0,1
H0259,The San Diego Bucket List: 37 Things to Do Before You Die,thrillist.com,0.831406590643075,2,23,11,11,11,2.0,2.0,10.0,0,0,1
H0905,"Chinese Tanks Seen Rolling Through City Streets, Here's All We Know So Far",westernjournal.com,0.212942660560995,2,23,11,11,11,4.0,2.0,9.0,0,0,1
H2584,"Man Tries to Kidnap Girl at Mall But When Mom Pulls Gun Out, It Doesn’t Go to Plan",theepochtimes.com,0.262887244589731,2,23,11,11,11,11.0,11.0,11.0,1,1,1
H1974,Girl Scouts apologize after recognizing Amy Coney Barrett for becoming 5th woman to serve on Supreme Court,theblaze.com,0.319102558515008,2,23,11,11,11,4.0,5.0,9.0,0,0,1
H3558,PHOTOS: Escaped inmate believed to be in the Wilmer-Semmes area,fox10tv.com,0.509941076749434,2,23,11,11,11,5.0,3.0,11.0,0,0,1
H1539,"Woman Says She Was Raised To Take Care Of Her Husband, Gets Roasted With 14 Responses",boredpanda.com,0.651452433781418,2,23,11,11,11,5.0,8.0,9.0,0,1,1
H0229,"DNA from GMOs can pass directly into humans, study confirms",naturalnews.com,0.0,2,24,9,9,9,4.0,5.0,7.0,0,1,1
H1545,Left-Wing Extremist Posted on Instagram: “Should I Bomb Trump Tower?”; Not Banned,infowars.com,0.0458475179096454,2,24,9,9,9,8.0,8.0,9.0,1,1,1
H2769,Boycott Of Retail Giant Target Has Resulted In $10B Loss And Cancellation Of Two High Profile Projects • Now The End Begins,nowtheendbegins.com,0.0731174714253107,2,24,9,9,9,7.0,6.0,9.0,1,1,1
H0225,Watch Free - Natural Torsion Fields and Anti-Gravity,gaia.com,0.075993329502495,2,24,9,9,9,0.0,0.0,3.0,0,0,0
H3147,"WATCH: RNC Chair Ronna McDaniel Says She Has 500 Sworn Affidavits on 11,000 Incidents of Voter Fraud",thegatewaypundit.com,0.109374585525566,2,24,9,9,9,6.0,3.0,9.0,1,0,1
H0331,Former President Obama Appeals to California Voters: “Things Can Get Worse”…,theconservativetreehouse.com,0.135066562651449,2,24,9,9,9,2.0,5.0,7.0,0,1,1
H0925,"$93,000,000,000,000: AOC’s Green New Deal Cost Put Into Perspective",teaparty.org,0.165730757336703,2,24,9,9,9,1.0,1.0,7.0,0,0,1
H2289,Wolves Return To Denmark After 200 Year Absence,anonhq.com,0.189886524894255,2,24,9,9,9,0.0,1.0,9.0,0,0,1
H2352,BREAKING – Chuck Schumer Gets Horrible News – Career Over?,angrypatriotmovement.com,0.207371119696342,2,24,9,9,9,0.0,4.0,5.0,0,0,1
H0570,REPORT: OMAR ATTACKED US SOLDIERS WHO DIED FIGHTING IN ‘BLACK HAWK DOWN’ OPERATION - Alpha News,alphanewsmn.com,0.249654553943354,2,24,9,9,9,9.0,9.0,9.0,1,1,1
H3021,12 Household Tricks That Can Save You Tons of Time and Energy,brightside.me,0.263978635522076,2,24,9,9,9,0.0,0.0,9.0,0,0,1
H2789,"Feds Use Unmarked Vans to ‘Kidnap’ Protesters Off Portland Streets, Enraging Local Officials",anewspost.com,0.287943335410797,2,24,9,9,9,8.0,8.0,9.0,1,1,1
H0276,NYPD arrests illegal alien in shocking subway MS-13 murder — but they're accused of hiding him from the media,theblaze.com,0.319102558515008,2,24,9,9,9,9.0,8.0,7.0,1,1,1
H0105,Texas files suit against San Antonio over Chick-fil-A decision,washingtontimes.com,0.345472108057381,2,24,9,9,9,5.0,4.0,6.0,1,0,1
H2043,"Meet Geoff Diehl, The Man Who Plans To Defeat Elizabeth Warren",dailywire.com,0.357498144984751,2,24,9,9,9,6.0,5.0,9.0,1,1,1
H0294,Meow Mix Sued For False Advertising After Study Shows Cats Were Just Making Standard Cat Noises And Not Asking For A Particular Brand Of Food,babylonbee.com,0.386461021828994,2,24,9,9,9,7.0,5.0,9.0,1,1,1
H3524,"In internal memo, cybersecurity experts warn the White House is making itself dangerously vulnerable",dailykos.com,0.413735620185017,2,24,9,9,9,3.0,7.0,9.0,0,1,1
H0675,Republicans are desperately trying to defend Trump's dangerous security clearance decisions — but they're making him look even worse,alternet.org,0.42818441506045,2,24,9,9,9,6.0,3.0,7.0,1,0,1
H1350,Trump tweets he will ‘temporarily hold off’ plan to have the US military cross the border into Mexico,rawstory.com,0.461914938868004,2,24,9,9,9,5.0,4.0,8.0,1,0,1
H1878,This 1967 Ford Mustang 'Eleanor' From 'Gone In 60 Seconds' Can Now Be Yours,maxim.com,0.485752746626203,2,24,9,9,9,0.0,0.0,9.0,0,0,1
H0963,Rev. Al Sharpton Demands Full Investigation Into Killing Of Ahmaud Arbery In Georgia,bet.com,0.512337095957491,2,24,9,9,9,3.0,9.0,9.0,0,1,1
H1478,"Blood pressure medication may reduce coronavirus-related deaths, severity of illness: study",foxnews.com,0.534260962262195,2,24,9,9,9,5.0,3.0,9.0,1,0,1
H2840,The 8 Best Pieces Money Advice For 50-Somethings We’ve Ever Heard – The Penny Hoarder,thepennyhoarder.com,0.553766827502455,2,24,9,9,9,0.0,0.0,8.0,0,0,1
H3491,Mueller requests subpoenas for 35 witnesses in Manafort trial,msnbc.com,0.588104595861507,2,24,9,9,9,1.0,1.0,6.0,0,0,1
H2919,Vladimir Putin announces ceasefire between Syrian government and rebels,telegraph.co.uk,0.611623869385344,2,24,9,9,9,3.0,3.0,9.0,0,0,1
H2556,"El Rodeo, El Toreo restaurants ordered to pay $3 million in back wages and damages to workers",wsls.com,0.626938789780294,2,24,9,9,9,9.0,9.0,9.0,1,1,1
H3912,Fifth grader finds wallet full of money – returns it back despite his family having nothing,boreddaddy.com,0.662318476272384,2,24,9,9,9,0.0,0.0,9.0,0,0,1
H0492,Strange lights across skies? SpaceX's Starlink satellites spotted in the Valley,abc15.com,0.692391064855794,2,24,9,9,9,0.0,0.0,8.0,0,0,1
H1533,SCAM WARNING: Woman claiming to be from Sullivan County Humane Society allegedly trying to take pets,wthitv.com,0.705646468793219,2,24,9,9,9,8.0,8.0,9.0,1,1,1
H2711,US airlines pushing for massive bailout gave $45bn to shareholders in five years,theguardian.com,0.74959222370997,2,24,9,9,9,4.0,4.0,7.0,0,0,1
H3099,K9 shot in face released from hospital,11alive.com,0.771488593151581,2,24,9,9,9,3.0,8.0,9.0,0,1,1
H3709,"US-Mexico border wall would harm land, water, and wildlife (among other things)",wilderness.org,0.799649853780606,2,24,9,9,9,8.0,9.0,8.0,1,1,1
H0148,Israel’s peace with the UAE means peace between religions,timesofisrael.com,0.816946216297037,2,24,9,9,9,1.0,1.0,9.0,0,0,1
H2690,Fast food workers to stage walkout Thursday over coronavirus,dailynews.com,0.841516581141074,2,24,9,9,9,7.0,8.0,9.0,1,1,1
H3554,More Americans than ever say they’ve postponed seeking care for a ‘serious’ medical condition over cost concerns,marketwatch.com,0.852971942626457,2,24,9,9,9,6.0,7.0,9.0,1,1,1
H1499,Calls for California budget to embrace Native American fire management plan,axios.com,0.897141919676178,2,24,9,9,9,0.0,0.0,9.0,0,0,1
H0539,Why Sleep Deprivation Kills,quantamagazine.org,0.915776893019192,2,24,9,9,9,5.0,4.0,9.0,1,0,1
H2192,Migrant Parents Separated From Kids Since 2018 Return to US,voanews.com,0.943723767994693,2,24,9,9,9,2.0,8.0,9.0,0,1,1
H2996,How Mastiffs Became the World’s Top Dogs | Science | Smithsonian,smithsonianmag.com,0.971184072481041,2,24,9,9,9,0.0,0.0,9.0,0,0,1
H3224,Penn. Supreme Court says Uber driver is employee entitled to unemployment benefits,reuters.com,1.0,2,24,9,9,9,2.0,4.0,9.0,0,0,1
H3650,Ticks are on the rise -- here's how to protect yourself from Lyme,cnet.com,0.951854977853014,2,24,9,9,9,6.0,6.0,9.0,1,1,1
H2415,"Chris Rock Says He ""Got Smacked By the Softest N**** that Ever Rapped""",vladtv.com,0.683893945995561,2,24,9,9,9,8.0,8.0,9.0,1,1,1
H1646,Cardinal Burke: Limiting Muslim immigration is patriotic,americamagazine.org,0.804559768523178,2,24,9,9,9,6.0,7.0,9.0,1,1,1
H2873,"Christian Hate-Preacher, Banned from Australia, Says Bushfires Are God’s Revenge",patheos.com,0.786958288006023,2,24,9,9,9,7.0,6.0,9.0,1,1,1
H1143,First Look at Ryan Murphy's Ultra-Queer Reimagining of Hollywood,advocate.com,0.621482406623711,2,24,9,9,9,0.0,0.0,6.0,0,0,1
H3091,Ted Cruz accepts offer to discuss gun rights in person with Alyssa Milano. The actress is already quoting Scripture at him.,theblaze.com,0.319102558515008,2,24,9,9,9,4.0,3.0,9.0,0,0,1
H0922,Obama Bombed 5 of 7 Countries Trump Banned - Media Didn't Care » Alex Jones' Infowars: There's a war on for your mind!,infowars.com,0.0458475179096454,2,24,9,9,9,6.0,6.0,3.0,1,1,0
H1024,TV Reporter is Fired After She's Caught On Video Calling a Cop a 'F***ing Piece of S**t' | John Hawkins' Right Wing News,rightwingnews.com,0.235355269400232,2,24,9,9,9,9.0,9.0,9.0,1,1,1
H0135,OFFICIAL: Mueller's MAJOR Anti-Trump Move EXPOSED - FIRE HIM NOW!,consnation.com,0.216405500798777,2,24,9,9,9,7.0,8.0,7.0,1,1,1
H0681,YouTube suspends Giuliani again for questioning election fraud,oann.com,0.414524143820094,2,24,9,9,9,7.0,7.0,9.0,1,1,1
H0815,Zika: The $183 million dollar FRAUD – NaturalNews.com,naturalnews.com,0.0,2,25,11,11,11,5.0,3.0,5.0,0,0,0
H2954,Piers Morgan Asks ‘Where Britain would be without America’s Guns?’ Alex Jones’ Friend: ‘You’d be speaking German’,infowars.com,0.0458475179096454,2,25,11,11,11,2.0,2.0,7.0,0,0,1
H2334,Prepare For the Upcoming Full Moon In Sagittarius With This Grounding Full Moon Ritual,awarenessact.com,0.0705539230341695,2,25,11,11,11,1.0,0.0,7.0,0,0,1
H1306,Vaccine Terrorism? Indian TV Exposes Pfizer's Criminal COVID-19 Jab Contracts,welovetrump.com,0.0871406069110147,2,25,11,11,11,8.0,4.0,10.0,1,0,1
H0807,Palestinians Broadcast Ramadan Mini-Series Inciting Muslim Children To Kill Jews - Rashida Tlaib and Ilhan Omar Silent (VIDEO),thegatewaypundit.com,0.109374585525566,2,25,11,11,11,10.0,11.0,10.0,1,1,1
H1615,The Antibiotic Resistance Crisis and Vaccines,thevaccinereaction.org,0.143534855190357,2,25,11,11,11,1.0,2.0,9.0,0,0,1
H1190,Comey Investigated Clintons Four Times: Let Them Off Each Time While He and His Family Benefited from Clinton Related Work - Tea Party News,teaparty.org,0.165730757336703,2,25,11,11,11,6.0,5.0,9.0,1,0,1
H0153,Former FBI: 'Vast Majority' of US Mosques and Islamic Centers are Part of 'Jihad Network' -...,truthandaction.org,0.193436388849331,2,25,11,11,11,2.0,1.0,8.0,0,0,1
H2650,GROAN: Jim Acosta to Kayleigh McEnany: Why is the president sharing fake videos about two toddlers?,therightscoop.com,0.221205826840493,2,25,11,11,11,5.0,5.0,6.0,0,0,1
H0721,What Could Possibly Go Wrong? AOC Wants a Government Bank Operated by the Post Office,pjmedia.com,0.225278100615081,2,25,11,11,11,3.0,2.0,9.0,0,0,1
H0455,"Scientists Test 1,000-Year-Old Viking General's DNA, Prove Themselves Wrong",theepochtimes.com,0.262887244589731,2,25,11,11,11,1.0,0.0,7.0,0,0,1
H1910,Obama Education Chief Arne Duncan Urges Boycott of Public Schools Until Gun Control Passed | Breitbart,breitbart.com,0.297175368438483,2,25,11,11,11,4.0,6.0,11.0,0,1,1
H2843,Vandals Smash Monumental Fountain in Ancient Greek City of Apollonia,ancient-origins.net,0.312475129451709,2,25,11,11,11,10.0,9.0,10.0,1,1,1
H3439,It’s Confirmed: New Investigation Starting Against Obama And Soros – Democrats In Panic Mode,flashnewscorner.com,0.328633442713656,2,25,11,11,11,3.0,6.0,8.0,0,1,1
H0846,More Than 80 Tigers Rescued From Thailand's 'Tiger Temple' In 2016 Have Died,ladbible.com,0.364617475206097,2,25,11,11,11,5.0,10.0,10.0,0,1,1
H3078,"'If you read anything today, read this grandmother's obituary'",dailymail.co.uk,0.383860647514719,2,25,11,11,11,0.0,2.0,9.0,0,0,1
H1809,New 'Wonder Woman 1984' Trailer Reveals Kristen Wiig as The Cheetah,etonline.com,0.421196500633623,2,25,11,11,11,3.0,2.0,10.0,0,0,1
H1263,Motorcyclists ride on one of the world’s most dangerous roads—and it’s not for the fainthearted - NTD Inspired,ntd.tv,0.43614522152228,2,25,11,11,11,1.0,2.0,10.0,0,0,1
H1494,The Inspiring True Story Behind This Classic Christmas Carol,dailysignal.com,0.472969940011651,2,25,11,11,11,0.0,1.0,11.0,0,0,1
H2255,Governor signs permitless conceal carry bill into law - ABC 36 News,wtvq.com,0.487394078218927,2,25,11,11,11,1.0,0.0,9.0,0,0,1
H3525,'She's coming back home to me alive': Husband emotional over wife last seen 2 weeks ago,abc13.com,0.507026243676643,2,25,11,11,11,0.0,7.0,9.0,0,1,1
H0650,Watch Dr. Fauci’s Reaction When Trump Rants About The 'Deep State Department' At Coronavirus Briefing,politicaldig.com,0.547183375556366,2,25,11,11,11,4.0,2.0,9.0,0,0,1
H2806,"Educators face termination for proposing male-only, female-only bathrooms in schools",justthenews.com,0.570053239872502,2,25,11,11,11,3.0,9.0,10.0,0,1,1
H0893,Project Clean & Green: DPW crews will pick up unwanted household items for free May 6-June 24,fox6now.com,0.593319429205137,2,25,11,11,11,1.0,1.0,11.0,0,0,1
H0845,US envoy Haley: Palestinian right of return should be ‘off the table’,middleeastmonitor.com,0.61963378291933,2,25,11,11,11,4.0,5.0,6.0,0,0,1
H3293,"Aaron Hernandez commits suicide, found hanging in jail cell",fox17online.com,0.643031541674892,2,25,11,11,11,2.0,8.0,11.0,0,1,1
H2348,Take this quiz to see if you would pass the US citizenship test,cnn.com,0.658031073873161,2,25,11,11,11,1.0,0.0,10.0,0,0,1
H2800,"Obama Speaks Out, ‘Plaid Shirt Guy’ Silently Trolls Trump",proudemocrat.com,0.693436237512595,2,25,11,11,11,8.0,7.0,5.0,1,1,0
H1498,New I-75 express lanes open this weekend in South Florida,local10.com,0.704671942120245,2,25,11,11,11,0.0,0.0,10.0,0,0,1
H2286,USGS: 5.2 magnitude earthquake reported in Puerto Rico,wsvn.com,0.729034875160292,2,25,11,11,11,3.0,6.0,11.0,0,1,1
H1904,15-Year-Old Girl Missing From Hagerstown,cbslocal.com,0.751190107612549,2,25,11,11,11,0.0,7.0,11.0,0,1,1
H3651,Robber Breaks into Elderly Woman's House and Is Stunned to See His Photos on the Wall — Story of the Day,amomama.com,0.786039751122183,2,25,11,11,11,10.0,11.0,10.0,1,1,1
H3902,Check out Gulfstream's next generation $58 million G600 private jet,businessinsider.com,0.804965428527866,2,25,11,11,11,1.0,0.0,10.0,0,0,1
H3835,Ohio Election Day cyber attack attempt traced to Panama,dispatch.com,0.841321722825666,2,25,11,11,11,11.0,10.0,11.0,1,1,1
H3291,"Seven days, 29 killings: L.A. County’s deadliest week reveals pain, inequity and injustice",latimes.com,0.854215102806626,2,25,11,11,11,2.0,9.0,9.0,0,1,1
H1096,Trump threatened to fire White House counsel if he didn't deny threatening to resign: report,thehill.com,0.898762408412433,2,25,11,11,11,9.0,9.0,9.0,1,1,1
H0700,"Who killed Princess Diana? Conspiracy theories still endure, twenty years later",usatoday.com,0.901007708482031,2,25,11,11,11,2.0,9.0,10.0,0,1,1
H3739,Pelosi: Impeachment Inquiry Has Yielded Evidence That Trump Engaged In Bribery,npr.org,0.930525246755544,2,25,11,11,11,9.0,2.0,11.0,1,0,1
H3014,Portland soccer fans boo during halftime military swearing-in ceremony,stripes.com,0.970705909096091,2,25,11,11,11,6.0,9.0,10.0,1,1,1
H3767,War via TikTok: Russia's new tool for propaganda machine,apnews.com,0.998049167729267,2,25,11,11,11,6.0,3.0,8.0,1,0,1
H1014,How the Gaetz probe grew from sex trafficking to medical pot,apnews.com,0.998049167729267,2,25,11,11,11,5.0,5.0,9.0,0,0,1
H1669,15-Foot Great White Shark Named ‘Luna’ Spotted Off North Carolina’s Outer Banks,cbslocal.com,0.751190107612549,2,25,11,11,11,0.0,2.0,11.0,0,0,1
H0397,"Yes, eating too much salt can harm your body… but the right kind of salt can boost your mineral intake – NaturalNews.com",naturalnews.com,0.0,2,25,11,11,11,4.0,4.0,10.0,0,0,1
H3901,"Congratulations, America! You've Elected an Actual Fascist President | Alternet",alternet.org,0.42818441506045,2,25,11,11,11,5.0,4.0,6.0,0,0,1
H3761,"Biden Officials Felt ‘Relief’ When Supreme Court Forced Admin To Reinstate Trump Immigration Policy, NYT Reports",dailywire.com,0.357498144984751,2,25,11,11,11,6.0,6.0,10.0,1,1,1
H0824,Three men share heartwarming meal with widowed elderly woman,fox32chicago.com,0.606802292033508,2,25,11,11,11,1.0,4.0,10.0,0,0,1
H2170,Teen Mummy was Buried with Bridal Trousseau in Ancient Thebes,ancient-origins.net,0.312475129451709,2,25,11,11,11,1.0,4.0,7.0,0,0,1
H3622,'Please Pray': Tony Evans Shares Wife Lois Needs a Miracle in Her Cancer Battle,endtimeheadlines.org,0.315216786291459,2,25,11,11,11,3.0,9.0,11.0,0,1,1
H2067,Homeless Vet Forced From Shelter And Freezes To Death… Just Across Town ‘Refugees’ Get Free Housing And Food!,usjournalreview.com,0.733816320357053,2,25,11,11,11,4.0,10.0,9.0,0,1,1
H0871,Meet Post-Materialist Science: Following the footsteps of Nikola Tesla,ewao.com,0.131186638839105,2,25,11,11,11,0.0,0.0,6.0,0,0,1
H3523,Man Born Female Gives Birth To Baby Fathered By Woman Born Male,worldtruth.tv,0.017643643892146,2,26,11,11,11,0.0,0.0,7.0,0,0,1
H1433,‘It’s Time for People to Go to Jail’: Mark Meadows Unloads After New Declassified Docs Further Expose Russia Hoax,infowars.com,0.0458475179096454,2,26,11,11,11,6.0,2.0,8.0,1,0,1
H0009,"Despite Relentless Assualt From The LGBTQ+P For Pedophile Mafia, Chick-Fil-A Sales Not Only Are Increasing But They've Actually Doubled Since 2009 • Now The End Begins",nowtheendbegins.com,0.0731174714253107,2,26,11,11,11,8.0,7.0,5.0,1,1,0
H1689,"HATE CRIME BLACKOUT: Oghaleoghene Atuno, 21, Circled Car Before Ramming 2 Boys In Aurora, Colo. Neighborhood - DC Dirty Laundry",dcdirtylaundry.com,0.0916982813557337,2,26,11,11,11,10.0,10.0,7.0,1,1,1
H0441,Just In: Mueller’s Team Denies ‘Political Allegations’ As Two Lawyers Leave,conservativedailypost.com,0.124791324034711,2,26,11,11,11,6.0,4.0,7.0,1,0,1
H1078,kid shouts SHUT THE FUCK UP to joe bidens wife LOL,brandnewtube.com,0.147384934649398,2,26,11,11,11,9.0,9.0,8.0,1,1,1
H1741,Dumb Ukrainian Sob Story Propaganda Turns Out To Be Literal Nazi,rumble.com,0.162505504571073,2,26,11,11,11,6.0,2.0,7.0,1,0,1
H1840,Every Illegal Alien Costs Taxpayers an Average of $70k During Their Lifetime,steadfastandloyal.com,0.199250892452131,2,26,11,11,11,9.0,10.0,9.0,1,1,1
H2802,Melania Trump Puts Michelle Obama to SHAME With What She Did Momenrs Ago - You'll LOVE It!,usanewsflash.com,0.216405500798777,2,26,11,11,11,7.0,6.0,8.0,1,1,1
H1576,"Black Woman Goes Facebook Viral and Says ""All Men Who Do Not Eat P*ssy Are Gay"" - TRENDING",tmzhiphop.com,0.226559656099486,2,26,11,11,11,4.0,5.0,9.0,0,0,1
H3829,"After Meeting With Intelligence Officials, Schiff Makes Assessment About Likelihood US Gets All Americans Out by Deadline",townhall.com,0.273514170924363,2,26,11,11,11,3.0,6.0,9.0,0,1,1
H3711,Suspect in UK Knife Rampage Named as Libyan Migrant Khairi Saadallah,breitbart.com,0.297175368438483,2,26,11,11,11,11.0,3.0,9.0,1,0,1
H0312,Horowitz: Masking children playing sports outdoors is anti-science child abuse,theblaze.com,0.319102558515008,2,26,11,11,11,1.0,9.0,9.0,0,1,1
H3562,Trump Unleashes on 'Third Rate' Republican Congressman Who Threatens to Hold Up Stimulus Relief,analyzingamerica.org,0.334544111691153,2,26,11,11,11,7.0,5.0,9.0,1,0,1
H1087,John Lennon's sons Julian and Sean remember 'tragic' final conversation with Beatles star,express.co.uk,0.369894689710756,2,26,11,11,11,0.0,6.0,9.0,0,1,1
H0634,Husband shoots dead his wife and her father after his in-law told him to get a job,dailymail.co.uk,0.383860647514719,2,26,11,11,11,11.0,11.0,10.0,1,1,1
H0538,Puerto Ricans face yet another crisis—with water rationing a possibility as soon as next week,dailykos.com,0.413735620185017,2,26,11,11,11,3.0,7.0,8.0,0,1,1
H3887,DJs Now Deliberately Making Mistakes To Prove They Are Real DJs,wundergroundmusic.com,0.445775894839608,2,26,11,11,11,5.0,3.0,7.0,0,0,1
H1723,Another College's Speech Code at Odds With First Amendment Values,dailysignal.com,0.472969940011651,2,26,11,11,11,3.0,2.0,8.0,0,0,1
H2183,Change Columbus Day to Indigenous Peoples’ Day,moveon.org,0.475212058163947,2,26,11,11,11,1.0,2.0,8.0,0,0,1
H1957,Sign Outside Popeye's Says Management Reserves Right To 'Refuse Service To White People' - Cops Investigating,washingtonexaminer.com,0.508074929491517,2,26,11,11,11,10.0,10.0,9.0,1,1,1
H2169,The First Thanksgiving story shows us how disparate people come together in challenging times,foxnews.com,0.534260962262195,2,26,11,11,11,0.0,1.0,9.0,0,0,1
H2594,Drag queens are planning a massive protest at the Missouri state capitol & you’re invited,lgbtqnation.com,0.570917979879575,2,26,11,11,11,4.0,5.0,9.0,0,0,1
H2457,'You Guys Are Brutes!' St. Albans Cop Punches Handcuffed Woman,sevendaysvt.com,0.598909713642671,2,26,11,11,11,11.0,10.0,7.0,1,1,1
H2939,See inside St. Louis' abandoned historic Virginia Theater,thetelegraph.com,0.609340999307784,2,26,11,11,11,0.0,2.0,6.0,0,0,1
H1341,"Cockroaches are becoming immune to insecticides, researchers say",wreg.com,0.625115184961301,2,26,11,11,11,1.0,3.0,7.0,0,0,1
H2955,"BREAKING: House Passes $1.4 Trillion Tax Bill, Nukes Obamacare Mandate",talkingpointsmemo.com,0.671258048059993,2,26,11,11,11,5.0,4.0,8.0,0,0,1
H3407,"Wolf killed in Northeast Oregon, officials seek public’s help",opb.org,0.698310820199249,2,26,11,11,11,2.0,9.0,8.0,0,1,1
H2477,Volunteers requested in Alda for Wednesday,nebraska.tv,0.722257795803294,2,26,11,11,11,0.0,0.0,5.0,0,0,0
H3593,"Tennessee man loses $1.2M lottery ticket, but finds it hours later in parking lot",abcactionnews.com,0.736018435351385,2,26,11,11,11,0.0,2.0,10.0,0,0,1
H2991,Miami International Airport Wins Approval For $5 Billion In Modernization Projects,cbslocal.com,0.751190107612549,2,26,11,11,11,0.0,0.0,9.0,0,0,1
H3785,Police killing sparks riots across Colombia that leave seven dead,aljazeera.com,0.779267503219657,2,26,11,11,11,9.0,10.0,10.0,1,1,1
H0488,Crabtree Valley Mall holding two-day job fair for nearly 40 businesses,abc11.com,0.81633964127538,2,26,11,11,11,0.0,0.0,10.0,0,0,1
H2251,Why the Heck Are Social Security Benefits Taxable? -- The Motley Fool,fool.com,0.843301206986885,2,26,11,11,11,0.0,3.0,8.0,0,0,1
H3256,White House says Mexico tariffs set to take effect as talks continue,pbs.org,0.873758036638568,2,26,11,11,11,1.0,3.0,9.0,0,0,1
H1653,Bata explosion: Equatorial Guinea blasts kill 31,bbc.com,0.881685504350007,2,26,11,11,11,4.0,9.0,7.0,0,1,1
H1269,This was the largest battleship ever planned but never built,wearethemighty.com,0.905571729093681,2,26,11,11,11,0.0,0.0,5.0,0,0,0
H3125,Humans couldn't pronounce 'f' and 'v' sounds before farming developed,newscientist.com,0.935582630250769,2,26,11,11,11,0.0,1.0,6.0,0,0,1
H2642,Collapse of Aztec society linked to catastrophic salmonella outbreak : Nature News & Comment,nature.com,0.964534054690512,2,26,11,11,11,6.0,8.0,9.0,1,1,1
H1976,FCC chairman rejects Trump suggestion on broadcast licenses,reuters.com,1.0,2,26,11,11,11,4.0,3.0,8.0,0,0,1
H3939,‘Backbone of steel’: Slain Green Beret receives Silver Star four years after attack in Jordan,armytimes.com,0.955899260798174,2,26,11,11,11,2.0,10.0,8.0,0,1,1
H0802,Victoria police filmed handcuffing PREGNANT beachgoer as state authorities consider extending lockdown rules,rt.com,0.293277424671587,2,26,11,11,11,8.0,9.0,7.0,1,1,1
H0522,Whitley County murder case leads to man being charged with kidnapping,wymt.com,0.560443357172838,2,26,11,11,11,10.0,5.0,8.0,1,0,1
H2392,The 2020 Democrats Trumpworld fears most,axios.com,0.897141919676178,2,26,11,11,11,3.0,4.0,4.0,0,0,0
H3813,Construction worker killed in Highway 412 crash identified,kait8.com,0.913680907435032,2,26,11,11,11,1.0,9.0,8.0,0,1,1
H2575,Earth's magnetic north pole is moving too fast for experts to keep up. Now scientists might know why.,businessinsider.com,0.804965428527866,2,26,11,11,11,0.0,0.0,8.0,0,0,1
H1230,Digby the therapy dog saved the life of a woman who was about to jump off a bridge,upworthy.com,0.704498362647696,2,26,11,11,11,0.0,7.0,10.0,0,1,1
H2186,"Clinton Allies Paid $700,000 For Women To Accuse Trump of Sexual Misconduct Week Before Election",sonsoflibertymedia.com,0.103216003511302,2,26,11,11,11,11.0,11.0,10.0,1,1,1
H0842,FBI agent says Sussmann claims of Trump ties to Russia bank ‘didn’t make any sense’,washingtontimes.com,0.345472108057381,2,26,11,11,11,5.0,6.0,8.0,0,1,1
H3672,Sailor killed in Pearl Harbor to be laid to rest in Minnesota after 78 years,fox9.com,0.498615762653852,2,26,11,11,11,0.0,11.0,9.0,0,1,1
H0118,Is cannabis the cure-all for migraines? Scientists think so – NaturalNews.com,naturalnews.com,0.0,2,27,13,13,13,2.0,3.0,13.0,0,0,1
H0143,Flashback: 77% Say Mainstream Media Reports Fake News,infowars.com,0.0458475179096454,2,27,13,13,13,9.0,6.0,12.0,1,0,1
H2012,Ultimate Irony As Dakota Access Pipeline Environmental Protesters Leave Behind Mountain Of Garbage,nowtheendbegins.com,0.0731174714253107,2,27,13,13,13,11.0,9.0,13.0,1,1,1
H2569,It Took a Billionaire Pedophile to Die in Jail for Media to Finally Report On Elite Child Sex Trafficking,wakingtimes.com,0.0901725391626428,2,27,13,13,13,12.0,12.0,12.0,1,1,1
H1278,WATCH: The Four Most Creepy Things In Outer Space – Disclose.tv,disclose.tv,0.108523007938914,2,27,13,13,13,1.0,0.0,10.0,0,0,1
H2534,WATCH: Almost NO ONE Shows Up To Greet Kamala In Her Own Home Town,en-volve.com,0.126883146357792,2,27,13,13,13,4.0,7.0,13.0,0,1,1
H2703,7 Muslims Jailed for Massive Collision Plot On Russian High-Speed Train - Geller Report News,gellerreport.com,0.155474348242861,2,27,13,13,13,12.0,12.0,13.0,1,1,1
H0033,Iran to Sue the US and Trump for Killing General Soleimani - Global Research,globalresearch.ca,0.176169765597604,2,27,13,13,13,11.0,12.0,13.0,1,1,1
H3013,"Trailer for New 'Ghostbusters' Movie Angers Leftists: 'Racist, Toxic Masculinity'",westernjournal.com,0.212942660560995,2,27,13,13,13,8.0,7.0,13.0,1,1,1
H3032,Trump offers condolences to Japan for Godzilla attack,the-postillon.com,0.2268247115119,2,27,13,13,13,11.0,11.0,13.0,1,1,1
H0730,HANNITY: The FIX Was in For Hillary Clinton from the Start | Sean Hannity,hannity.com,0.26091281309063,2,27,13,13,13,5.0,6.0,8.0,0,0,1
H1574,Over 110 Shot in 9 Days in Mayor De Blasio's New York City,breitbart.com,0.297175368438483,2,27,13,13,13,6.0,11.0,12.0,0,1,1
H3917,Why You Should Wear Blue on April 2 for World Autism Awareness Day | Autism Speaks,autismspeaks.org,0.305779691436367,2,27,13,13,13,0.0,2.0,11.0,0,0,1
H2818,Joe Biden says Hillary Clinton lost because she never figured out why she was running,washingtontimes.com,0.345472108057381,2,27,13,13,13,3.0,5.0,12.0,0,0,1
H3759,Felony Crimes End Pharma Immunity: U.S. Criminal Conspiracy Strikes Root of Covid Nightmare – Forbidden Knowledge TV,forbiddenknowledgetv.net,0.361771039593586,2,27,13,13,13,8.0,3.0,10.0,1,0,1
H2294,Outrageous moment man in India slaps monkey as he offers food,dailymail.co.uk,0.383860647514719,2,27,13,13,13,13.0,12.0,11.0,1,1,1
H3362,New Biden ad on coronavirus 'hoarding' does something Trump really hates: Using Trump's own words,dailykos.com,0.413735620185017,2,27,13,13,13,7.0,5.0,12.0,1,0,1
H0637,Effects of the Affordable Care Act on Economic Productivity - Imprimis,hillsdale.edu,0.427225519794495,2,27,13,13,13,1.0,1.0,10.0,0,0,1
H3082,Rick Wilson goes scorched earth on Trump for putting on a show for his fans while ‘the bodies pile up’,rawstory.com,0.461914938868004,2,27,13,13,13,11.0,8.0,12.0,1,1,1
H2821,Tiny 'immortal' crab entombed in amber discovered in a first of its kind,livescience.com,0.475796155079278,2,27,13,13,13,1.0,3.0,11.0,0,0,1
H0072,Stephanie Tanner Is Confirmed Bisexual in New 'Fuller House' Season?!,pride.com,0.521089939566674,2,27,13,13,13,1.0,2.0,12.0,0,0,1
H0128,"Holidays stress out 88 percent of Americans, study claims",foxnews.com,0.534260962262195,2,27,13,13,13,6.0,8.0,13.0,0,1,1
H3964,"Strong fall system to bring snow, wind, cold to Central and Northern part of U.S.",abc57.com,0.57152549470152,2,27,13,13,13,4.0,6.0,13.0,0,0,1
H1340,Honduran Exec Who Threatened Berta Caceres Arrested for Her Murder,therealnews.com,0.580992218469679,2,27,13,13,13,13.0,13.0,13.0,1,1,1
H3325,"Sherin Mathews' mother asks for a lower bond, hearing postponed",fox4news.com,0.602914694779855,2,27,13,13,13,4.0,5.0,11.0,0,0,1
H0876,Wells Fargo to pay $110 million to settle fake account suit | abc7.com,abc7.com,0.646796242304377,2,27,13,13,13,11.0,6.0,13.0,1,0,1
H2454,UPDATE: Missing 12-year-old boy found safe,wtol.com,0.666530729650961,2,27,13,13,13,0.0,10.0,13.0,0,1,1
H1599,Roundup weed killer found in all kids' oat cereals tested | TreeHugger,treehugger.com,0.69408275809965,2,27,13,13,13,12.0,13.0,13.0,1,1,1
H3134,Why Atlanta apparently won't be winning Amazon's HQ2 - Atlanta Business Chronicle,bizjournals.com,0.724403551456599,2,27,13,13,13,0.0,2.0,11.0,0,0,1
H2351,Trump claims to have improved the lives of Black people. The numbers say otherwise,independent.co.uk,0.734076864473315,2,27,13,13,13,8.0,10.0,13.0,1,1,1
H3773,Gary Varvel for 5/12/2017,arcamax.com,0.760592742983746,2,27,13,13,13,0.0,1.0,3.0,0,0,0
H1233,Greensboro police officer on TV's 'Titan Games' doesn't want to be 'just some girl',greensboro.com,0.78650462886682,2,27,13,13,13,2.0,4.0,9.0,0,0,1
H2033,"Intense earthquake swarm shaking southern Puerto Rico, damage reported after today's M5.8",watchers.news,0.804982826816325,2,27,13,13,13,8.0,10.0,12.0,1,1,1
H0301,‘The Crown’: First Look at Imelda Staunton as Queen Elizabeth II in Season 5,variety.com,0.830936725464152,2,27,13,13,13,0.0,1.0,13.0,0,0,1
H2479,"DUI Arrest Made, Lanes Blocked After Big-Rig Driver Dies in Fiery Crash on SR-22 in Garden Grove",ktla.com,0.854788060655499,2,27,13,13,13,5.0,12.0,13.0,0,1,1
H0904,Trump surveys South Carolina supporters on preferred Democratic opponent,thehill.com,0.898762408412433,2,27,13,13,13,4.0,3.0,12.0,0,0,1
H2433,Warren drafts document for Bloomberg to sign that would release employees from NDAs,usatoday.com,0.901007708482031,2,27,13,13,13,4.0,4.0,12.0,0,0,1
H2511,20 Stunning New Allegations In Colts Neck Caneiro Murder Case,patch.com,0.933491002134259,2,27,13,13,13,6.0,10.0,11.0,0,1,1
H0757,MSNBC to host town hall with Elizabeth Warren in Fort Wayne next week,indystar.com,0.957207994613488,2,27,13,13,13,0.0,0.0,13.0,0,0,1
H3540,"After anti-Trump protests, the president's fans organize their own rallies | Reuters",reuters.com,1.0,2,27,13,13,13,5.0,3.0,13.0,0,0,1
H2885,"Grocery stores limit sales of meat, increasing prices as shortages grow",wsbtv.com,0.724212758167569,2,27,13,13,13,7.0,5.0,13.0,1,0,1
H0544,Severed foot found floating in the Abyss Pool hot spring of Yellowstone National Park,theblaze.com,0.319102558515008,2,27,13,13,13,1.0,7.0,12.0,0,1,1
H0044,Arizona Man Jailed for Defacing Statue at State Capitol,welovetrump.com,0.0871406069110147,2,27,13,13,13,13.0,9.0,13.0,1,1,1
H3750,Amazon’s Alexa Caught Lying About The CIA » Alex Jones' Infowars: There's a war on for your mind!,infowars.com,0.0458475179096454,2,27,13,13,13,13.0,12.0,10.0,1,1,1
H0752,Edward Snowden Tells NPR: The Executive Branch 'Sort Of Hacked The Constitution',npr.org,0.930525246755544,2,27,13,13,13,10.0,7.0,11.0,1,1,1
H0691,The fatal chokehold funded by GoFundMe,dailykos.com,0.413735620185017,2,27,13,13,13,8.0,3.0,7.0,1,0,1
H0017,"Flour sold at Target, Walmart nationwide being recalled due to E. coli",kfvs12.com,0.446555260566952,2,27,13,13,13,4.0,8.0,12.0,0,1,1
H1697,Walgreens clerk refuses to sell condoms 'because of his faith',dailymail.co.uk,0.383860647514719,2,27,13,13,13,9.0,8.0,12.0,1,1,1
H2614,BREAKING: Comey Lied!! The Truth Is Out!!! * USA Newsflash,usanewsflash.com,0.216405500798777,2,27,13,13,13,9.0,1.0,5.0,1,0,0
H3941,Montana’s Epic Adventures,travelandleisure.com,0.619858391185572,2,27,13,12,13,0.0,0.0,7.0,0,0,1
H2716,Breast Cancer Fund exposes the cancer-causing chemicals lurking in food,naturalnews.com,0.0,2,28,9,9,9,3.0,4.0,8.0,0,0,1
H3001,Spain “Authorizes” Military Planes To Spray Disinfectants Over Cities,infowars.com,0.0458475179096454,2,28,9,9,9,7.0,7.0,8.0,1,1,1
H1701,"Communist Bernie Sanders Promises Executive Order Day One Forcing All Americans To Fund Planned Parenthood, Due Date Abortion • Now The End Begins",nowtheendbegins.com,0.0731174714253107,2,28,9,9,9,8.0,7.0,8.0,1,1,1
H2127,"JUST IN: SMILE IS WIPED OFF SMUG CNN White House Reporter Kaitlyn Collins’ Face, After New Tweets From Her College Days Are Revealed",americanjournalreview.com,0.0878375859873984,2,28,9,9,9,6.0,9.0,8.0,1,1,1
H0470,Could A Full UFO Disclosure Help Unite The Nation? — Disclose.tv,disclose.tv,0.108523007938914,2,28,9,9,9,1.0,1.0,5.0,0,0,1
H2047,"Trump Broke The Atlantic, in Jealous fit the Failing Magazine Jumps off Cliff, Calls for End of Nobel Peace Prize",djhjmedia.com,0.129014666189983,2,28,9,9,9,8.0,7.0,4.0,1,1,0
H0552,25 Reasons to Avoid the Gardasil Vaccine that Never Should Have Been Approved by the FDA,vaccineimpact.com,0.151269473665017,2,28,9,9,9,8.0,1.0,7.0,1,0,1
H2729,COVID: two vital experiments that have never been done « Jon Rappoport's Blog,nomorefakenews.com,0.180653021312018,2,28,9,9,9,2.0,1.0,4.0,0,0,0
H2626,Tom Hanks Describes How Obama 'Screwed’ Him While They Were On Vacation,defiantamerica.com,0.217994897222802,2,28,9,9,9,9.0,9.0,6.0,1,1,1
H0567,Week of Prayer for Kavanaugh – Day 8,concernedwomen.org,0.240975777627046,2,28,9,9,9,1.0,3.0,5.0,0,0,1
H2382,BREAKING NOW: Illinois Judge ‘UNSEALS’ All Court Docs in Jussie Smollett Criminal Case | Sean Hannity,hannity.com,0.26091281309063,2,28,9,9,9,4.0,3.0,8.0,0,0,1
H0242,Ilhan Omar Hit With State Campaign Finance Violations | Breitbart,breitbart.com,0.297175368438483,2,28,9,9,9,6.0,3.0,7.0,1,0,1
H0619,Media KNEW CLINTON INVOLVED: COVERED UP Dossier Story for A YEAR,theblacksphere.net,0.302142512370181,2,28,9,9,9,6.0,3.0,6.0,1,0,1
H3347,WOW: Why is The Justice Dept. blocking Sharyl Attkisson from getting THESE Obama facts – twitchy.com,twitchy.com,0.348691813768861,2,28,9,9,9,7.0,7.0,5.0,1,1,1
H1656,Biden Grilled Over If He’s ‘Mentally Fit’ For Office; Ex-Obama Doc Demands Immediate Cognitive Test,dailywire.com,0.357498144984751,2,28,9,9,9,6.0,5.0,9.0,1,1,1
H0669,Medicinal cannabis does NOT help treat depression or anxiety,dailymail.co.uk,0.383860647514719,2,28,9,9,9,3.0,1.0,9.0,0,0,1
H2060,GRAPHIC: Man who raped girl executed in Pakistan,hoodsite.com,0.41117908529827,2,28,9,9,9,9.0,9.0,9.0,1,1,1
H0214,My 2-Month-Old Son Won’t Stop Demanding Soda In A Grown Man’s Voice. Does Anyone Have Any Advice?,clickhole.com,0.429002301902458,2,28,9,9,9,3.0,3.0,7.0,0,0,1
H0528,ACKERMAN: There’s Only One Candidate Who Will Stand Up To Socialism — And That’s President Donald Trump,dailycaller.com,0.469965661505635,2,28,9,9,9,4.0,1.0,7.0,0,0,1
H1674,A U.S. Soldier Died In Niger. What On Earth Are We Doing There?,mintpressnews.com,0.494701551770883,2,28,9,9,9,4.0,8.0,8.0,0,1,1
H3775,"Cross Co. deputies searching for 2 inmates, 2 arrested for aiding escape",thv11.com,0.512062357819041,2,28,9,9,9,7.0,2.0,9.0,1,0,1
H1018,Not a hate crime? Man goes on anti-Asian rant against NYPD detective - and it's all caught on camera,lawenforcementtoday.com,0.540955577980124,2,28,9,9,9,9.0,9.0,9.0,1,1,1
H1256,One dead after plane crashes into Prince George's County house,fox5dc.com,0.562394649306125,2,28,9,9,9,4.0,7.0,9.0,0,1,1
H0863,Trump Aides On Don Jr.'s Emails: 'It's What We’ve All Been Dreading',uproxx.com,0.587813877968796,2,28,9,9,9,4.0,4.0,6.0,0,0,1
H2312,Federal judge: Pennsylvania’s pandemic restrictions unconstitutional,abc27.com,0.617782217161343,2,28,9,9,9,5.0,4.0,9.0,1,0,1
H0014,Mom says Hopewell boy who can’t smile ‘looks different’ after surgery,wtvr.com,0.643368894899599,2,28,9,9,9,2.0,6.0,5.0,0,1,1
H0486,"""Don't You Get It, Guys?"" Wall Street Journal Sticks It To Trumps For How Screwed They Are Now",dieharddemocrat.com,0.659746476322274,2,28,9,9,9,4.0,4.0,5.0,0,0,1
H2678,Fraternity chapter in Lowcountry helps lessen school lunch debt at DD2 elementary school,live5news.com,0.683117340614217,2,28,9,9,9,1.0,1.0,9.0,0,0,1
H2639,"A Murderer on Death Row is Going to Get the Electric Chair, Not Lethal Injection",rare.us,0.703323645335147,2,28,9,9,9,5.0,5.0,9.0,1,1,1
H0371,'He was our leader and he is gone' – Harvey Milk's legacy after 40 years,theguardian.com,0.74959222370997,2,28,9,9,9,1.0,3.0,8.0,0,0,1
H0353,"Sacramento Home For Sale, But Not To Trump Supporters",cbslocal.com,0.751190107612549,2,28,9,9,9,3.0,6.0,7.0,0,1,1
H1522,Boston Police Release Person of Interest Photo in Missing Woman Case,necn.com,0.790947602704414,2,28,9,9,9,5.0,7.0,8.0,1,1,1
H2308,"Say What Now? 8-Year-Old Biracial Boy Gets Hung By a Group of White Teens, Police Won't Release Information About the Case | B. Scott | lovebscott.com",lovebscott.com,0.814498454489221,2,28,9,9,9,9.0,9.0,9.0,1,1,1
H1849,Opinion | Teaching about racism is urgent — but tricky - The Boston Globe,bostonglobe.com,0.83531290976054,2,28,9,9,9,1.0,2.0,7.0,0,0,1
H3563,Opinion | The Left Needs the A.C.L.U. to Keep Defending Awful Speech,nytimes.com,0.858776290720608,2,28,9,9,9,2.0,2.0,4.0,0,0,0
H3330,"Highway 85 closed in Brighton due to crash involving car, semi",kdvr.com,0.876767073538379,2,28,9,9,9,2.0,5.0,9.0,0,1,1
H1707,"Honda Recalls 200,000 Inverter Generators",consumerreports.org,0.905188871112721,2,28,9,9,9,4.0,2.0,8.0,0,0,1
H0442,WATCH: 2 American Women Astronauts Venture Out For First All-Female Spacewalk,npr.org,0.930525246755544,2,28,9,9,9,1.0,1.0,9.0,0,0,1
H2201,Trouble tracking your stimulus check or setting up direct deposit? 9 reasons why,cnet.com,0.951854977853014,2,28,9,9,9,1.0,2.0,6.0,0,0,1
H0361,"U.S. oil prices extend gains as equities rise, but economic worries weigh",reuters.com,1.0,2,28,9,9,9,1.0,1.0,6.0,0,0,1
H1081,Why 'toxic' Ivanka Trump thinks SHE could be President,dailymail.co.uk,0.383860647514719,2,28,9,9,9,6.0,1.0,6.0,1,0,1
H3567,"60,000 Children a year – 1 Every 9 minutes – End up in the ER from FDA approved drug poisoning (Audio)",newstarget.com,0.0723314494829261,2,28,9,9,9,8.0,8.0,7.0,1,1,1
H2270,Pro-Abortion Billionaire George Soros Launches Campaign to Topple Pro-Life Laws in Catholic Countries | LifeNews.com,lifenews.com,0.192545226493423,2,28,9,9,9,6.0,6.0,9.0,1,1,1
H3840,How Is Kavanaugh Likely To Rule On Critical Issues? Here's A Look At His Record,npr.org,0.930525246755544,2,28,9,9,9,2.0,1.0,8.0,0,0,1
H2073,Los Angeles DJ Calls For Covington Catholic School to be Burned Down - With Kids Locked Inside - TWITTER SAYS HE DIDN'T VIOLATE RULES,thegatewaypundit.com,0.109374585525566,2,28,9,9,9,9.0,7.0,6.0,1,1,1
H1982,"Earthquake today: Earthquakes strike California, Alaska, Philippines and Japan today",express.co.uk,0.369894689710756,2,28,9,9,9,5.0,6.0,9.0,1,1,1
H0860,Earthquakes rumbles through southeast Idaho,katu.com,0.799546470406205,2,28,9,9,9,6.0,6.0,9.0,1,1,1
H0994,Publix purchasing several Lucky's Market locations including in Central Florida,fox35orlando.com,0.854788060655499,2,28,9,9,9,1.0,1.0,8.0,0,0,1
H0053,CDC Inside Knowledge,cdc.gov,0.964445730133301,2,28,9,9,9,2.0,1.0,1.0,0,0,0
H3433,BREAKING: Top Clinton Aide Summoned By Congress Turns Up Dead,americanpresident.co,0.142346939929233,2,28,9,9,9,2.0,7.0,8.0,0,1,1
H0111,Soy protein found to deplete testosterone in men,naturalnews.com,0.0,2,29,10,10,10,8.0,9.0,8.0,1,1,1
H1902,"Leftists Cheer Apple Purging Alex Jones From iTunes For ‘Hate Speech,’ Demand More Censorship",infowars.com,0.0458475179096454,2,29,10,10,10,8.0,7.0,9.0,1,1,1
H3081,Russia Furious As Israel Launches Twin F-15 Jets For Pre-Dawn Airstrike On Iranian Base In Syria Killing 3 Iranians • Now The End Begins,nowtheendbegins.com,0.0731174714253107,2,29,10,10,10,9.0,9.0,9.0,1,1,1
H2214,The First Weaponized Hurricane Caused Widespread Destruction in 1947 : Waking Times,wakingtimes.com,0.0901725391626428,2,29,10,10,10,9.0,3.0,9.0,1,0,1
H3009,Kentucky Family Helped Rescue Injured Tourist During Champs-Elysees ISIS Attack (Video),thegatewaypundit.com,0.109374585525566,2,29,10,10,10,10.0,10.0,10.0,1,1,1
H2093,BREAKING: Illegal Ballot Harvesting Scheme By Ilhan Omar Supporters EXPOSED — President Trump Responds,en-volve.com,0.126883146357792,2,29,10,10,10,9.0,2.0,10.0,1,0,1
H1949,"If ultrasound destroys sperm, why is it safe for a fetus?",healthnutnews.com,0.151020321006386,2,29,10,10,10,4.0,6.0,10.0,0,1,1
H0223,Evangelicals Won't Take the Equality Act on Faith,frc.org,0.199250892452131,2,29,10,10,10,3.0,2.0,5.0,0,0,0
H3884,Dave Ramsey Gives Crucial Financial Advice for Coronavirus Chaos: 'Don't Get Off a Roller Coaster in the Middle of the Ride',westernjournal.com,0.212942660560995,2,29,10,10,10,3.0,2.0,8.0,0,0,1
H0510,EX-Muslim Has DIRE WARNING For IGNORANT Americans Who Are “Welcoming The People I Fled From” [WATCH],freedomsfinalstand.com,0.243485698471787,2,29,10,10,10,7.0,7.0,8.0,1,1,1
H3043,"One Gen Z'er Dares To Speak Out: ""I'm Done With Your Bull$hit!""",zerohedge.com,0.272420899604219,2,29,10,10,10,1.0,3.0,5.0,0,0,0
H0290,"Donald Trump's Support Among Blacks Has Doubled Since 2016, Amid Racism Claims | Breitbart",breitbart.com,0.297175368438483,2,29,10,10,10,1.0,5.0,9.0,0,0,1
H1610,James Comey claimed he was 'vindicated' by IG report on Russia probe — Horowitz says that's not the case at all,theblaze.com,0.319102558515008,2,29,10,10,10,7.0,3.0,8.0,1,0,1
H2372,"Antifa isn’t a ‘hate group,’ Southern Poverty Law Center claims",washingtontimes.com,0.345472108057381,2,29,10,10,10,2.0,5.0,9.0,0,0,1
H0012,Donald Trump’s day of reckoning is finally upon us,palmerreport.com,0.360703012753001,2,29,10,10,10,5.0,2.0,6.0,0,0,1
H0326,"Trump Wants More White House Staffers, What He Wants Them To Do Is SHAMEFUL (TWEETS)",addictinginfo.org,0.393157872437169,2,29,10,10,10,9.0,7.0,7.0,1,1,1
H3046,Queen Elizabeth Gives Prince William a New Royal Title amid Prince Harry & Meghan Markle's Exit | News Break,newsbreak.com,0.411188765089231,2,29,10,10,10,1.0,0.0,9.0,0,0,1
H3239,"Melania Trump Claims She Worked Hard at G20 Summit, More Like Hardly Working - Social Media in an Uproar! [Tweets]",realtimepolitics.com,0.431190730681202,2,29,10,10,10,5.0,5.0,7.0,0,0,1
H0776,Fusion GPS Founders Lay Waste To GOP Lies About Steele Dossier,crooksandliars.com,0.454727504062072,2,29,10,10,10,8.0,6.0,7.0,1,1,1
H3474,"Teen dies after fall from drop tower ride at Orlando's ICON PARK, authorities say",fox9.com,0.498615762653852,2,29,10,10,10,5.0,10.0,10.0,0,1,1
H0103,Melania Trump and the Hypocrisy of White American Motherhood,theroot.com,0.508451103212391,2,29,10,10,10,5.0,4.0,7.0,0,0,1
H1712,Woman on run after poisoning husband to avoid sex,fox5ny.com,0.541678915519192,2,29,10,10,10,10.0,10.0,10.0,1,1,1
H2823,Police searching for missing Carbondale teen,pahomepage.com,0.560443357172838,2,29,10,10,10,0.0,10.0,9.0,0,1,1
H0526,Should Confederate statues be protected?,fox13memphis.com,0.584152544761327,2,29,10,10,10,2.0,3.0,7.0,0,0,1
H2675,Checkpoints set up along Florida-Alabama border to keep COVID-19 from spreading in the sunshine state,wjhl.com,0.623381208979617,2,29,10,10,10,5.0,4.0,10.0,0,0,1
H0228,Iowa Nursing Home Has 21 New Confirmed Coronavirus Cases,whotv.com,0.636394911227421,2,29,10,10,10,10.0,10.0,10.0,1,1,1
H1042,Dentists push back after new warning from WHO to delay routine dental checkups in areas where COVID is spreading,goodmorningamerica.com,0.657261177553656,2,29,10,10,10,6.0,4.0,8.0,1,0,1
H2285,Trump Is Terrified Giuliani’s Ukraine Work Will Be Exposed,nymag.com,0.689029040957724,2,29,10,10,10,6.0,3.0,6.0,1,0,1
H1201,Urgent update on food assistance program from El Paso County,kktv.com,0.713547021491593,2,29,10,10,10,0.0,2.0,4.0,0,0,0
H3088,"All in favor of a test for aortic aneurysms, raise your hand",yale.edu,0.745946183671792,2,29,10,10,10,3.0,1.0,4.0,0,0,0
H0453,Britney Spears' '...Baby One More Time’ is Finally Coming Out on Vinyl,vice.com,0.754994791293065,2,29,10,10,10,0.0,0.0,8.0,0,0,1
H0462,"The Uncharted Movie Has Been In Development Hell For So Long That Mark Wahlberg, Once Cast As Nathan Drake, Is Now Playing Sully Instead",kotaku.com,0.796667623537208,2,29,10,10,10,1.0,4.0,8.0,0,0,1
H2772,Grímsvötn: Iceland’s Most Active Volcano May Be About To Erupt,iflscience.com,0.806033481715774,2,29,10,10,10,5.0,1.0,7.0,0,0,1
H0971,A Warning to Trump From Friedrich Hayek - Bloomberg View,bloomberg.com,0.840147313769099,2,29,10,10,10,2.0,0.0,3.0,0,0,0
H1642,"At least 19 children, 2 adults killed in Texas school shooting",pbs.org,0.873758036638568,2,29,10,10,10,5.0,10.0,10.0,0,1,1
H0656,CONSUMER FIRST ALERT: Census scams,wbay.com,0.879334607656032,2,29,10,10,10,9.0,6.0,8.0,1,1,1
H3960,Amputee Skiers inspire at Winter Park,9news.com,0.905833875771101,2,29,10,10,10,0.0,0.0,6.0,0,0,1
H1008,Nestle will continue donating water to Flint,clickondetroit.com,0.92604876697167,2,29,10,10,10,1.0,2.0,9.0,0,0,1
H1257,Eclipse: Who? What? Where? When? and How? | Total Solar Eclipse 2017,nasa.gov,0.956315766887341,2,29,10,10,10,0.0,0.0,8.0,0,0,1
H1561,Trump backs 25-cent-a-gallon gasoline tax hike: senator,reuters.com,1.0,2,29,10,10,10,4.0,2.0,9.0,0,0,1
H2824,BREAKING: Federal Judge Blows Obama IRS Scandal Wide Open,christiannewsalerts.com,0.634141830619293,2,29,10,10,10,8.0,4.0,6.0,1,0,1
H3453,President Obama’s Pardon for Oscar Lopez Rivera Trades a Terrorist for Votes,heritage.org,0.607730505187479,2,29,10,10,10,8.0,3.0,9.0,1,0,1
H1144,"Remember That Time Donald Trump Approved Sale Of 20% Of US Uranium To Russia? No, Wait...That Was Hillary • Now The End Begins",nowtheendbegins.com,0.0731174714253107,2,29,10,10,10,6.0,4.0,8.0,1,0,1
H2618,Drone Pilots Have Bank Accounts and Credit Cards Frozen by Feds For Exposing US Murder,worldtruth.tv,0.017643643892146,2,29,10,10,10,9.0,9.0,8.0,1,1,1
H2061,Biden Administration Asks Supreme Court to Intervene after Federal Judge's Decision Blocks Navy SEALs from Vaccine Mandate,thegatewaypundit.com,0.109374585525566,2,29,10,10,10,6.0,7.0,9.0,1,1,1
H1898,"Child pushed from third floor of Mall of America, suspect in custody",11alive.com,0.771488593151581,2,29,10,10,10,10.0,10.0,10.0,1,1,1
H1282,Stop 'Pandering To Ignorance And Fear':  Consumers Speak Out Against Triscuit's Non-GMO Label,forbes.com,0.829500343762818,2,29,10,10,10,9.0,8.0,9.0,1,1,1
H0204,Hibbing Police Investigate Body Found in Woods,wdio.com,0.733466092140311,2,29,10,10,10,2.0,10.0,10.0,0,1,1
H2139,Four-day school week goes into effect in Colorado district,fox59.com,0.762765344566223,2,29,10,10,10,0.0,0.0,9.0,0,0,1
H0116,Nearly half of Trump's Cabinet is now 'acting',theweek.com,0.639426986322585,2,29,10,10,10,1.0,1.0,7.0,0,0,1
H1464,10 highly intelligent questions to ask your relatives this Thanksgiving... (or not),naturalnews.com,0.0,2,30,9,9,9,0.0,0.0,7.0,0,0,1
H3689,"FEC Targets Infowars, Drudge, Breitbart » Alex Jones' Infowars: There's a war on for your mind!",infowars.com,0.0458475179096454,2,30,9,9,9,5.0,4.0,4.0,1,0,0
H0688,Gaslighting: The Mind Game That Changes Everything (Everyone Should Know About This!),awarenessact.com,0.0705539230341695,2,30,9,9,9,3.0,3.0,8.0,0,0,1
H3215,"Bombshell New York Times Report Shows That A ""Stand Down"" Order Was Giving To Capitol Police On January 6th",welovetrump.com,0.0871406069110147,2,30,9,9,9,3.0,2.0,7.0,0,0,1
H0298,Leftists Flip Out As Feds Descend On Portland to Bring Peace to the Streets - Democrat Leaders Blame Trump For Violence While Ignoring BLM Rioters,thegatewaypundit.com,0.109374585525566,2,30,9,9,9,5.0,4.0,7.0,1,0,1
H1693,"Fake News About the Death of Officer Sicknick, Used To Define Events Even Shakes Liberals",uniteamericafirst.com,0.129014666189983,2,30,9,9,9,3.0,8.0,5.0,0,1,1
H2107,"Tlaib Campaign Received $2,500 Donation — From A Deceased Man",waynedupree.com,0.164954060882232,2,30,9,9,9,0.0,2.0,8.0,0,0,1
H0120,Judicial Watch Sues ATF for Records About Obama Administration Attempt to Restrict AR-15 Ammunition - Judicial Watch,judicialwatch.org,0.180416617224686,2,30,9,9,9,4.0,4.0,6.0,0,0,1
H2465,"It Happened Again, This Time to a Woman: Border Patrol Agent Killed",westernjournal.com,0.212942660560995,2,30,9,9,9,0.0,9.0,8.0,0,1,1
H0945,New Democrat Hennepin County Sheriff Will Not Alert ICE of Illegal Immigrants - Alpha News,alphanewsmn.com,0.249654553943354,2,30,9,9,9,5.0,4.0,8.0,1,0,1
H1655,Joe Biden Blindsided After Book Reveals $1B Swamp Skeleton,patriotjournal.org,0.262624980707126,2,30,9,9,9,2.0,3.0,3.0,0,0,0
H1915,"Rep. Steve King: ‘If a Heartbeat Is Detected, the Baby Must Be Protected’",cnsnews.com,0.278393927329055,2,30,9,9,9,1.0,4.0,9.0,0,0,1
H2085,New Paper on WTC ‘Collapses’ Adds to Literature Refuting Progressive Collapse Theory,ae911truth.org,0.305468473720623,2,30,9,9,9,0.0,1.0,4.0,0,0,0
H3369,Illegal Immigrant Gets Less Than Two Years After Helping Another Illegal Evade Arrest in Murder Case,analyzingamerica.org,0.334544111691153,2,30,9,9,9,7.0,4.0,7.0,1,0,1
H1002,"About that whole ""unwittingly"" thing today between Donald Trump and the Russians",palmerreport.com,0.360703012753001,2,30,9,9,9,1.0,1.0,4.0,0,0,0
H2022,Muslim scholar and two brothers 'raped their child sister' in Pakistan,dailymail.co.uk,0.383860647514719,2,30,9,9,9,8.0,8.0,8.0,1,1,1
H2717,"Social worker, 39, who was 'in good health' is found dead by her boyfriend while awaiting coronavirus results after first turning test down to allow elderly to use them | News Break",newsbreak.com,0.411188765089231,2,30,9,9,9,1.0,8.0,9.0,0,1,1
H0819,Corporate Retreat Teaches Employees How To Dick Around As Team,theonion.com,0.445775894839608,2,30,9,9,9,2.0,2.0,5.0,0,0,1
H1783,Australian Company Plans Construction of 3D-Printed Hemp Homes,hightimes.com,0.46021569277693,2,30,9,9,9,1.0,0.0,9.0,0,0,1
H0655,"Vice President Pence, Detached from Reality, Says Florida, Texas, and Arizona Covid-19 Outbreaks Are Improving",jezebel.com,0.493729304201801,2,30,9,9,9,4.0,2.0,9.0,0,0,1
H2310,Polk sheriff: Pregnant woman overdosed in hot car with 2 children inside,fox13news.com,0.509941076749434,2,30,9,9,9,4.0,8.0,8.0,0,1,1
H1214,Fox News Poll: Biden and Warren gain ground in Democratic race,foxnews.com,0.534260962262195,2,30,9,9,9,0.0,0.0,8.0,0,0,1
H0069,Georgia moves to limit citizen arrests after Black man slain,wspa.com,0.552649667527312,2,30,9,9,9,4.0,7.0,7.0,0,1,1
H3661,DC mayor calls in National Guard ahead of pro-Trump protests,redstateobserver.com,0.575959326919546,2,30,9,9,9,2.0,2.0,7.0,0,0,1
H0297,"An Abortion Is Not An Easy Choice, Don't Make Assumptions From The Sidelines",samuel-warde.com,0.60882795907066,2,30,9,9,9,0.0,1.0,9.0,0,0,1
H1604,"AC Moore going out of business, will close all 145 stores",nypost.com,0.638970275002357,2,30,9,9,9,1.0,2.0,9.0,0,0,1
H3323,Boy George celebrates 9 years of being sober,gaystarnews.com,0.660038258611462,2,30,9,9,9,0.0,1.0,8.0,0,0,1
H0122,19 Long German Words Straight Outta Hell,buzzfeed.com,0.699413557211612,2,30,9,9,9,2.0,0.0,4.0,0,0,0
H1288,Hawaii's Most Wanted: Joshua Halemano,khon2.com,0.716046902597474,2,30,9,9,9,5.0,2.0,5.0,1,0,1
H1627,White woman who tried to block black tenant from entering building speaks out,pix11.com,0.739336993642173,2,30,9,9,9,8.0,8.0,8.0,1,1,1
H0500,Short Sleeping Compounds Risks for Some Conditions,aarp.org,0.773408289471493,2,30,9,9,9,1.0,1.0,7.0,0,0,1
H3274,"Howie Carr: Oh, what a tangled web Elizabeth Warren wove",bostonherald.com,0.797928569694443,2,30,9,9,9,1.0,1.0,1.0,0,0,0
H3044,NASA Is About To Make A Big Announcement About The One Thing We've All Been Waiting For...,iflscience.com,0.806033481715774,2,30,9,9,9,0.0,0.0,4.0,0,0,0
H1968,USA Today wrapped its newspaper with a fake cover about 'hybrid babies' with antlers to advertise a new Netflix show,insider.com,0.846631575693017,2,30,9,9,9,2.0,4.0,5.0,0,0,1
H1060,UFC 249 on track; Ferguson-Gaethje atop card,espn.com,0.85282809463095,2,30,9,9,9,0.0,0.0,3.0,0,0,0
H3376,"Amazon's big internet plan: 3,236 satellites to beam faster, cheaper web to millions | ZDNet",zdnet.com,0.879015340541404,2,30,9,9,9,0.0,0.0,7.0,0,0,1
H2684,Opinion: Issue 1 is pushback against failed war on drugs,cincinnati.com,0.905571729093681,2,30,9,9,9,1.0,1.0,7.0,0,0,1
H2113,9 Region restaurants with tasty lemon rice soup,nwitimes.com,0.925960447501987,2,30,9,9,9,0.0,0.0,9.0,0,0,1
H3101,Mysterious radio bursts are buzzing Earth with an unusual rhythm,cnet.com,0.951854977853014,2,30,9,9,9,1.0,1.0,9.0,0,0,1
H0989,"Beef prices up at groceries, but market prices fall. Senators seek answers.",rollcall.com,0.982850843623789,2,30,9,9,9,1.0,3.0,9.0,0,0,1
H3821,Man Who Rammed into the Winnipeg Trucker Protest is a Member of Antifa and an Accused Pedophile [GRAPHIC VIDEO] | DJHJ Media,djhjmedia.com,0.129014666189983,2,30,9,9,9,7.0,5.0,7.0,1,1,1
H0074,Trump Hits Back After Mitt Romney Calls His IG Firing 'a Threat to Accountable Democracy',wnd.com,0.192160019649149,2,30,9,9,9,4.0,4.0,6.0,0,0,1
H3559,Proud Progressive Book Banners,patriotpost.us,0.4561951591261,2,30,9,9,9,0.0,0.0,4.0,0,0,0
H0498,Science Confirms that Dogs can Recognize a Bad Person | News Break,newsbreak.com,0.411188765089231,2,30,9,9,9,3.0,1.0,8.0,0,0,1
H1387,Child Running Around House In Bathing Suit Has No Immediate Plans To Visit Body Of Water,theonion.com,0.445775894839608,2,30,9,9,9,0.0,2.0,5.0,0,0,1
H1132,Tiffany Cabán Knows Who the Bad Guys Are,jacobinmag.com,0.48750281128974,2,30,9,9,9,4.0,2.0,5.0,0,0,1
H1829,"Vandal Who Destroyed Trump’s Star Gets Hit w/ Devastating Justice, Facing Federal Charge/ Prison Time",americanjournalreview.com,0.0878375859873984,2,30,9,9,9,8.0,7.0,9.0,1,1,1
H0382,Snowden says he hopes France will grant him asylum,reuters.com,1.0,2,30,9,9,9,2.0,4.0,8.0,0,0,1
H3070,Spring Break Health and Safety Tips - Family Health - CDC,cdc.gov,0.964445730133301,2,30,9,9,9,1.0,0.0,8.0,0,0,1
H2396,Democrats Propose Stopping Coyotes By Distracting Them With Decoy Roadrunners,babylonbee.com,0.386461021828994,2,30,9,9,9,6.0,5.0,8.0,1,1,1
H2387,Four natural ways to prevent the negative effects of ionizing radiation caused by CT scans,naturalnews.com,0.0,2,31,12,12,12,5.0,1.0,11.0,0,0,1
H3691,"'Global Warming' Is a Myth, Say 58 Scientific Papers in 2017 » Alex Jones' Infowars: There's a war on for your mind!",infowars.com,0.0458475179096454,2,31,12,12,12,2.0,2.0,8.0,0,0,1
H0830,Just One Teaspoon Can Empty Over 15 Pounds Of Waste From Your Colon,awarenessact.com,0.0705539230341695,2,31,12,12,12,2.0,3.0,6.0,0,0,0
H0938,Doctors Dismissed A Woman's Back Pain As Fatigue. Turns Out She Has Terminal Cancer,fabiosa.com,0.0905862324182262,2,31,12,12,12,12.0,12.0,12.0,1,1,1
H1266,Bundy Ranch Trial Exposes Just How Corrupt The Prosecution Is,sonsoflibertymedia.com,0.103216003511302,2,31,12,12,12,6.0,4.0,9.0,0,0,1
H2813,Federal Judge Overseeing Release of Jeffrey Epstein’s Sealed Records Found Dead,breakingnewshouse.com,0.14918697926684,2,31,12,12,12,4.0,11.0,11.0,0,1,1
H3151,BOOM: Mike Pence just WALKED OUT of an NFL game because they disrespected our anthem!!!,ilovemyfreedom.org,0.167993938241521,2,31,12,12,12,6.0,8.0,12.0,0,1,1
H1254,"Court Rejects Parents’ Appeal, Allows Hospital to Shut Off Alfie Evans’ Life Support Over Their Objections",lifenews.com,0.192545226493423,2,31,12,12,12,10.0,11.0,12.0,1,1,1
H1374,First NATO Country Calls for No-Fly Zone Over Ukraine,westernjournal.com,0.212942660560995,2,31,12,12,12,5.0,5.0,12.0,0,0,1
H2764,Breaking: Lawless Adam Schiff Rocked With Lawsuit • Breaking First,breakingfirst.com,0.240975777627046,2,31,12,12,12,5.0,5.0,8.0,0,0,1
H2247,Claiming to Be a Pro-Choice Pastor is Like Claiming to Be a Moloch-Worshiping Christian,townhall.com,0.273514170924363,2,31,12,12,12,2.0,0.0,8.0,0,0,1
H1416,Report: Hunter Biden Sells 5 Pieces of Art for $75K Each in LA Show,breitbart.com,0.297175368438483,2,31,12,12,12,0.0,0.0,12.0,0,0,1
H2447,Former Biden aide says high gas prices won't matter 'if an insurrection is successful and y’all living under martial law!',theblaze.com,0.319102558515008,2,31,12,12,12,5.0,5.0,12.0,0,0,1
H2831,Stephen Colbert Embarrasses Himself While Gushing Over Obama: ‘I Just Want To Take A Moment To Drink You In’,analyzingamerica.org,0.334544111691153,2,31,12,12,12,4.0,6.0,11.0,0,0,1
H2842,SHAPIRO: Why the Left is Wrong About Gun Control,dailywire.com,0.357498144984751,2,31,12,12,12,4.0,2.0,10.0,0,0,1
H2561,American crowned queen in Thai transgender pageant,dailymail.co.uk,0.383860647514719,2,31,12,12,12,1.0,1.0,11.0,0,0,1
H3430,"US-led Coalition Admits It Killed 1,319 Civilians in Syria-Iraq",telesurenglish.net,0.401310838304637,2,31,12,12,12,12.0,12.0,12.0,1,1,1
H2266,15 Supplements That Boost Your Immune System | Health,powerofpositivity.com,0.431690576697883,2,31,12,12,12,0.0,0.0,12.0,0,0,1
H0262,15 Year Old Boy Arrested for Double Homicide in Stockton - 209 Times,209times.com,0.46634054810992,2,31,12,12,12,11.0,5.0,11.0,1,0,1
H1961,This $130 Christmas Commercial Is Making The Internet Feel Things,scarymommy.com,0.475679657982067,2,31,12,12,12,1.0,1.0,9.0,0,0,1
H0748,"VIDEO: Tlaib, Meadows clash over alleged 'racism' at Cohen hearing",dmlnews.com,0.517274691748991,2,31,12,12,12,3.0,5.0,7.0,0,0,1
H1258,The RNC Chairwoman just tried to use D-Day to praise Trump in disgusting Fox segment,washingtonpress.com,0.547910234131419,2,31,12,12,12,6.0,4.0,9.0,0,0,1
H2728,Body of Missing Houston Man Found in Wyoming After Media Attention on Gabby Petito Led to Tips,people.com,0.55408411231176,2,31,12,12,12,2.0,9.0,12.0,0,1,1
H1192,"Boy, 13, dies over a week after being sucker-punched at California middle school",fox6now.com,0.593319429205137,2,31,12,12,12,4.0,12.0,12.0,0,1,1
H2041,Floral Ideas For Spring That Are Truly Groundbreaking,popsugar.com,0.624068248073698,2,31,12,12,12,0.0,0.0,11.0,0,0,1
H3824,Disney hiring Georgia residents to work from home,13wmaz.com,0.64280305900301,2,31,12,12,12,0.0,0.0,12.0,0,0,1
H1437,Have you seen this child? AnnieMae Ripley,missingkids.org,0.657261177553656,2,31,12,12,12,1.0,6.0,9.0,0,0,1
H1364,Employees at Sister Schubert’s in Luverne test positive for COVID-19,wsfa.com,0.695773709992985,2,31,12,12,12,7.0,10.0,12.0,1,1,1
H1407,"Pete Prisco's Week 14 NFL picks: Giants win again, Bears finally end slide, Steelers take another loss",cbssports.com,0.718640148890342,2,31,12,12,12,2.0,3.0,12.0,0,0,1
H2898,Orphaned puppies adopted by dog who lost her own litter,wsvn.com,0.729034875160292,2,31,12,12,12,0.0,6.0,12.0,0,0,1
H1033,Wonder Woman Lynda Carter is Rowing - AARP,aarp.org,0.773408289471493,2,31,12,12,12,0.0,0.0,6.0,0,0,0
H0889,Some vaccines last a lifetime. Here’s why COVID-19 shots don’t.,foxbusiness.com,0.794456492811081,2,31,12,12,12,1.0,0.0,11.0,0,0,1
H3189,The Secret Is Out: Scientists Spot Penguin ‘Super-Colony’ in Antarctica,wsj.com,0.804466118117895,2,31,12,12,12,1.0,1.0,11.0,0,0,1
H3184,Construction crews in Utah County uncover family's pioneer-era home,wlos.com,0.838318507593956,2,31,12,12,12,1.0,2.0,10.0,0,0,1
H2872,"Dead Whale, 220 Pounds of Debris Inside, Is a ‘Grim Reminder’ of Ocean Trash",nytimes.com,0.858776290720608,2,31,12,12,12,6.0,9.0,12.0,0,1,1
H2470,8 spectacular Lake Michigan lighthouses to visit in Wisconsin,jsonline.com,0.879670844939335,2,31,12,12,12,0.0,0.0,11.0,0,0,1
H0182,"'Another horrific act of gun violence': 1 student dead, officer injured in high school shooting in Knoxville, Tennessee",usatoday.com,0.901007708482031,2,31,12,12,12,4.0,12.0,12.0,0,1,1
H1236,Crash discovered in Northern Michigan believed to be plane missing since 1997,clickondetroit.com,0.92604876697167,2,31,12,12,12,1.0,4.0,12.0,0,0,1
H3933,4 vehicles troops can buy at 27% APR instead of a Dodge Charger,militarytimes.com,0.951497998550873,2,31,12,12,12,0.0,0.0,9.0,0,0,1
H0403,"After Indonesian earthquake terror, hundreds trek down from volcano",reuters.com,1.0,2,31,12,12,12,8.0,8.0,12.0,1,1,1
H3233,Worst of ice storm expected to spare Northwest Indiana,nwitimes.com,0.925960447501987,2,31,12,12,12,7.0,4.0,11.0,1,0,1
H3212,White woman caught on camera calling 911 on a black family BBQing,dailymail.co.uk,0.383860647514719,2,31,12,12,12,12.0,12.0,12.0,1,1,1
H0146,NYPD Will No Longer Stop and Search Over Cannabis Smell,hightimes.com,0.46021569277693,2,31,12,12,12,4.0,0.0,12.0,0,0,1
H3789,"Here it comes - Globalists call for cashless society in response to coronavirus, warning physical money is dirty",naturalnews.com,0.0,2,31,12,12,12,6.0,7.0,11.0,0,1,1
H0094,Trump plans to return Cuba to U.S. list of state sponsors of terrorism: source,reuters.com,1.0,2,31,12,12,12,9.0,8.0,11.0,1,1,1
H3609,"Jail inmate convulsed on cell floor for days before death, lawsuit claims",mlive.com,0.869179293566977,2,31,12,12,12,4.0,12.0,11.0,0,1,1
H2337,Ken Starr Pulls Back Impeachment Curtain – Accuses Pelosi Of Unconstitutional Stall Tactic | Daily USA News,newsrapter.com,0.300777350409604,2,31,12,12,12,11.0,10.0,12.0,1,1,1
H3659,Let Me Be Clear: I Don’t Think Trump Sold Us Out,rushlimbaugh.com,0.160402617264852,2,31,12,12,12,2.0,2.0,7.0,0,0,1
H1461,King Randall wants to teach students to live off the land with 40-acre purchase,walb.com,0.673410798933277,2,31,12,12,12,1.0,1.0,7.0,0,0,1
H3094,The AP Interview: Meng Hongwei's wife slams 'monster' China,apnews.com,0.998049167729267,2,31,12,12,12,9.0,8.0,6.0,1,1,0
H1730,"Mercury injection “season” is here, and it’s not even safe in your mouth, so imagine the DAMAGE that’s being done to 100 million Americans",naturalnews.com,0.0,2,32,8,8,8,6.0,7.0,7.0,1,1,1
H2309,Washington Post: Fake-news Partner with the CIA » Alex Jones' Infowars: There's a war on for your mind!,infowars.com,0.0458475179096454,2,32,8,8,8,4.0,0.0,3.0,0,0,0
H0796,NO JAIL for Cops Who Kidnapped Teen and Raped Her in the Police Van,humansarefree.com,0.0572211982440859,2,32,8,8,8,8.0,8.0,8.0,1,1,1
H1993,Trump Leaves White House To Pay Respects To Slain Navy SEAL,truthuncensored.net,0.0853217706757043,2,32,8,8,8,3.0,6.0,7.0,0,1,1
H1325,Another Obama Solar Company Burns Out - DC Solar Owners Plead Guilty to Largest Ponzi Scheme in Eastern California History,thegatewaypundit.com,0.109374585525566,2,32,8,8,8,8.0,4.0,8.0,1,0,1
H3647,Why is Washington DC So Intensely Focused on Targeting Donald Trump and Labeling His Supporters as Threats to Democracy? - The Last Refuge,theconservativetreehouse.com,0.135066562651449,2,32,8,8,8,8.0,6.0,7.0,1,1,1
H0178,Iranian President Hassan Rouhani: America Must ‘Bow Down Before’ Iran - Geller Report News,gellerreport.com,0.155474348242861,2,32,8,8,8,6.0,6.0,8.0,1,1,1
H3994,Historic Judicial Watch Gerrymander Win Could Set National Precedent - Judicial Watch,judicialwatch.org,0.180416617224686,2,32,8,8,8,2.0,1.0,6.0,0,0,1
H1947,"German city bans new ""refugees"" after numerous attacks by Muslim migrants - Geller Report",pamelageller.com,0.216405500798777,2,32,8,8,8,7.0,8.0,8.0,1,1,1
H2941,The “Ground Zero Bible” Miracle - What a 9/11 Fireman Found Burned into Steel,jesusdaily.com,0.236516562472387,2,32,8,8,8,2.0,2.0,6.0,0,0,1
H0151,"The “Ice Pick Killer” Was Put To Death, And These Are The Last Four Words He Ever Said",awm.com,0.262107362277878,2,32,8,8,8,7.0,1.0,7.0,1,0,1
H3552,"Tear gas, water cannons, clashes in Nantes, Lyon at week 26 of Yellow Vest protests (VIDEO, PHOTOS)",rt.com,0.293277424671587,2,32,8,8,8,2.0,1.0,5.0,0,0,1
H3925,"Top US Psychology Group Pushes Polyamory, Sex with NO Boundaries",endtimeheadlines.org,0.315216786291459,2,32,8,8,8,2.0,0.0,7.0,0,0,1
H1796,"California Sheriff Says She's Not Enforcing Lockdown, Says Too Busy ‘Re-Arresting’ Criminals",analyzingamerica.org,0.334544111691153,2,32,8,8,8,5.0,3.0,8.0,1,0,1
H0788,Big Tech's Black Friday,bongino.com,0.371435995037781,2,32,8,8,8,2.0,0.0,4.0,0,0,0
H3177,New Video Reveals What Exactly Ref Was Doing When It Looked Like He Was Celebrating A Patriots TD,dailysnark.com,0.397773157571401,2,32,8,8,8,1.0,0.0,3.0,0,0,0
H1114,California seeks death penalty in ‘Golden State Killer’ case,ntd.com,0.409683969103314,2,32,8,8,8,6.0,3.0,8.0,1,0,1
H2050,Judge Tells Trump He’s NOT Above The Law And Will Face Justice - The Ring of Fire Network,trofire.com,0.438762793330326,2,32,8,8,8,8.0,3.0,7.0,1,0,1
H1759,From Democracy to a Dictatorship,theblueroute.org,0.457597511577419,2,32,8,8,8,2.0,2.0,4.0,0,0,0
H3343,Big Breaking! Trump’s Deportation Army Just Shot a Legal Resident.,indiaarising.com,0.48738503006336,2,32,8,8,8,7.0,7.0,8.0,1,1,1
H1762,Dozens still displaced by Manatee County flooding,fox13news.com,0.509941076749434,2,32,8,8,8,7.0,8.0,8.0,1,1,1
H1596,"Socialism rising: Universities and ‘radical’ profs helping steer leftward shift in politics, critics say",foxnews.com,0.534260962262195,2,32,8,8,8,4.0,2.0,7.0,0,0,1
H3846,Taylor Swift Reveals She Felt 'Lower Than Ever' After Kim Kardashian's Snake Emoji 'Hate Campaign',people.com,0.55408411231176,2,32,8,8,8,7.0,8.0,6.0,1,1,1
H3790,Dahmer has finally been knocked off Netflix's top spot by extremely dark new series,unilad.com,0.59233506492421,2,32,8,8,8,3.0,3.0,6.0,0,0,1
H3468,Bakersfield girl needs help to get a service dog that could change her life,kget.com,0.601952330135495,2,32,8,8,8,2.0,2.0,8.0,0,0,1
H1790,WATCH: Rubio Shares Video Allegedly Showing FL Ballots Being Privately Transported,magavoter.com,0.648301999870806,2,32,8,8,8,2.0,1.0,7.0,0,0,1
H0445,Israel approves plans for ‘separate road for Palestinians’ to enable settlement construction,haaretz.com,0.671801281529131,2,32,8,8,8,3.0,2.0,7.0,0,0,1
H0733,31 Teachers Share The Best Gift They've Ever Received,buzzfeed.com,0.699413557211612,2,32,8,8,8,1.0,0.0,6.0,0,0,1
H0569,Drugged ‘attack squirrel’ seized in north Alabama drug raid,ky3.com,0.721400590316343,2,32,8,8,8,5.0,4.0,7.0,1,0,1
H3949,White House refuses to explain immigration status of Melania's parents,independent.co.uk,0.734076864473315,2,32,8,8,8,5.0,2.0,8.0,1,0,1
H1850,Morey's Piers Named 2019 'Park Of The Year' By Amusement Today Magazine,cbslocal.com,0.751190107612549,2,32,8,8,8,1.0,0.0,8.0,0,0,1
H2925,"""It’s all so senseless"": String of shootings, murders in Virginia Beach appear to be random",pilotonline.com,0.799029996866919,2,32,8,8,8,2.0,2.0,7.0,0,0,1
H2645,Analysis | Obama’s harsh words for Trump after Paris withdrawal,washingtonpost.com,0.818780596798307,2,32,8,8,8,5.0,4.0,7.0,1,0,1
H0901,"After three marriages, six children, alcoholism, Gordon Lightfoot is happy to still be performing",nationalpost.com,0.830057231645153,2,32,8,8,8,1.0,0.0,7.0,0,0,1
H3089,"Hack Brief: Someone Posted Private Facebook Messages From 81,000 Accounts",wired.com,0.852038156276351,2,32,8,8,8,3.0,7.0,8.0,0,1,1
H3332,Six-year-old YouTube star earns $11M reviewing toys,cbsnews.com,0.879618721504846,2,32,8,8,8,1.0,1.0,8.0,0,0,1
H1613,"Apocalyptic emergency alert flashes on TVs, freaks out Californians",usatoday.com,0.901007708482031,2,32,8,8,8,5.0,6.0,8.0,1,1,1
H0236,A Dutch rapper said she chose the stage name 'Anne Frank' as a tribute. Turns out she's anti-Semitic. - Jewish Telegraphic Agency,jta.org,0.925960447501987,2,32,8,8,8,7.0,6.0,7.0,1,1,1
H2134,Watch in Person | InSight,nasa.gov,0.956315766887341,2,32,8,8,8,0.0,0.0,0.0,0,0,0
H2089,Report: US fails in funding obligation to Native Americans,apnews.com,0.998049167729267,2,32,8,8,8,8.0,8.0,7.0,1,1,1
H1679,Six children shot dead in only a week in Chicago,iheartintelligence.com,0.299613120366154,2,32,8,8,8,3.0,8.0,8.0,0,1,1
H2341,2 Arrested In Connection With Fatal Shooting At Howard Street Red Line In Rogers Park,cbslocal.com,0.751190107612549,2,32,8,8,8,4.0,2.0,8.0,0,0,1
H0320,Watch as the Lamar Hunt Trophy arrives at Arrowhead Stadium,kctv5.com,0.877610873198093,2,32,8,8,8,1.0,0.0,7.0,0,0,1
H1901,Govt. shutdown cost $11 billion & Trump says another one's possible,msnbc.com,0.588104595861507,2,32,8,8,8,4.0,1.0,6.0,0,0,1
H2811,Ft. Knox warns April training may be louder than normal for nearby communities,wave3.com,0.633723925492384,2,32,8,8,8,3.0,4.0,6.0,0,0,1
H2529,Trump employees sworn to secrecy about Trump family — or else they’re fired,shareblue.com,0.335857768068227,2,32,8,8,8,6.0,8.0,8.0,1,1,1
H0772,"Screw It, Let's Just Watch People Make Shiny Aluminum Foil Balls",buzzfeed.com,0.699413557211612,2,32,8,8,8,1.0,0.0,6.0,0,0,1
H3662,State's Attorney Who Let Smollett Off Also Let Black Man Get Away With Murder,thefederalistpapers.org,0.251152108890861,2,32,8,8,8,8.0,0.0,8.0,1,0,1
H1445,Two sons of San Antonio cross paths at historic moment,expressnews.com,0.714651749581638,2,32,8,8,8,1.0,0.0,5.0,0,0,1
H3607,"Unredacted Clinton emails to be reviewed in court, despite State Dept. resistance",rt.com,0.293277424671587,2,32,8,8,8,2.0,2.0,7.0,0,0,1
H3878,"YouTube TYRANTS now attacking your ability to think, speak or question the state... are we living under Communist China?",naturalnews.com,0.0,2,33,14,14,14,12.0,8.0,11.0,1,1,1
H3625,Read The Secret 45 Goals of Communism Leaked to Congress in 1963,infowars.com,0.0458475179096454,2,33,14,14,14,1.0,1.0,9.0,0,0,1
H3116,Deep State is Behind the Plandemic and Rioting to Usher in the New World Order,humansarefree.com,0.0572211982440859,2,33,14,14,14,8.0,0.0,9.0,1,0,1
H1045,Modern Paganism: 13 Rituals to Celebrate Samhain,gaia.com,0.075993329502495,2,33,14,14,14,0.0,0.0,10.0,0,0,1
H0533,"Dead Registered Democrats Caught Voting In New York City, Election Records Show",newspunch.com,0.124271638273759,2,33,14,14,14,9.0,3.0,13.0,1,0,1
H3841,"And as Monsanto would love for this article to not go viral, all we can ask is that you share, share",ewao.com,0.131186638839105,2,33,14,14,14,7.0,4.0,8.0,0,0,1
H3371,President Trump pulling up the drawbridge on goodies for illegals,americanthinker.com,0.152499978555631,2,33,14,14,14,5.0,4.0,9.0,0,0,1
H1521,"@Marklevinshow - Marklevinshow - TONIGHT on Life, Liberty, and Levin my exclusive...",parler.com,0.198773136735254,2,33,14,14,14,1.0,0.0,2.0,0,0,0
H2193,Gallup: Biden Loses More Approval from Start of Term Than Any President Since WWII,westernjournal.com,0.212942660560995,2,33,14,14,14,0.0,5.0,12.0,0,0,1
H3560,Muslim Man Stands Up During Flight… Media Won’t Tell You What He Did Next,americasfreedomfighters.com,0.236491354728934,2,33,14,14,14,3.0,3.0,7.0,0,0,0
H1063,Several Voter Fraud Allegations Turn out to Be Not What They Seem,theepochtimes.com,0.262887244589731,2,33,14,14,14,1.0,2.0,9.0,0,0,1
H1179,Brett Kavanaugh's 1982 Calendar Released; Grounded Three Weekends | Breitbart,breitbart.com,0.297175368438483,2,33,14,14,14,1.0,1.0,7.0,0,0,0
H0832,WATCH: Pelosi Confirms ‘China Would Prefer Joe Biden’,thenationalpulse.com,0.309168146597413,2,33,14,14,14,1.0,1.0,10.0,0,0,1
H1551,Donald Trump slams ‘corrupt’ former FBI officials for opening spy probe of him,washingtontimes.com,0.345472108057381,2,33,14,14,14,13.0,11.0,13.0,1,1,1
H3973,"Pelosi Defends Omar, Says She Didn't Intend to be Anti-Semitic – Dan Bongino",bongino.com,0.371435995037781,2,33,14,14,14,7.0,4.0,11.0,0,0,1
H2689,Search For The Two Best Possible Candidates For President Concludes,babylonbee.com,0.386461021828994,2,33,14,14,14,1.0,1.0,12.0,0,0,1
H2124,Grandad dies after being glassed outside home in 'cowardly and disgusting' attack | News Break,newsbreak.com,0.411188765089231,2,33,14,14,14,2.0,13.0,10.0,0,1,1
H1665,The View's Joy Behar: I’d Vote for a Rapist as Long as They’re Liberal,newsbusters.org,0.434315848944785,2,33,14,14,14,7.0,1.0,12.0,0,0,1
H3067,Name Purge Reveals What the Woke Left’s War on History Is Really About,dailysignal.com,0.472969940011651,2,33,14,14,14,5.0,5.0,10.0,0,0,1
H1823,Stop What You’re Doing Right Now And Watch This.,chicksonright.com,0.490047310819928,2,33,14,14,14,1.0,1.0,6.0,0,0,0
H1736,Don Lemon Asks Trump Why He Can’t Stop Obsessing Over Obama: Is It Because He Didn’t Need Daddy’s Help?,theroot.com,0.508451103212391,2,33,14,14,14,7.0,6.0,10.0,0,0,1
H1862,Smart condom i-Con will rate your sexual performance | Fox News,foxnews.com,0.534260962262195,2,33,14,14,14,0.0,1.0,12.0,0,0,1
H3537,Woman Slams Biden for Exploiting Daughter's Death in Launch Vid: He 'Capitalized' on Her Murder,pluralist.com,0.572789588243329,2,33,14,14,14,9.0,11.0,13.0,1,1,1
H2895,“I’m F---ing Doing It My Way”: A Jubilant Trump Prepares for War with Mueller,vanityfair.com,0.580064024893862,2,33,14,14,14,7.0,4.0,10.0,0,0,1
H2792,Trooper Rips Up Speeding Ticket After Driver's Unusually Kind Response,inspiremore.com,0.61930929325953,2,33,14,14,14,3.0,4.0,11.0,0,0,1
H0547,20 Photos: My Seven Months of Living at Standing Rock by Desiree Kane — YES! Magazine,yesmagazine.org,0.6431461058752,2,33,14,14,14,0.0,2.0,10.0,0,0,1
H3240,Thousands rally in Israeli Arab town after state demolishes homes - Israel News - Haaretz.com,haaretz.com,0.671801281529131,2,33,14,14,14,12.0,11.0,12.0,1,1,1
H0390,OCC's Paul Teutul Sr. coming to Leesburg Bikefest,dailycommercial.com,0.692626292313905,2,33,14,14,14,0.0,0.0,12.0,0,0,1
H0465,Stephen Colbert Offers A Scathing Takedown Of Trump's Cruel Immigration Policy,huffingtonpost.com,0.715235206216845,2,33,14,14,14,10.0,4.0,12.0,1,0,1
H0358,Donald Trump might be the dimmest President the US has ever had | The Independent,independent.co.uk,0.734076864473315,2,33,14,14,14,5.0,9.0,10.0,0,1,1
H2524,New York State Police Cancel Amber Alert For 14-Year-Old Girl,cbslocal.com,0.751190107612549,2,33,14,14,14,4.0,8.0,12.0,0,1,1
H1768,The Worst Photo-op Ever,thebulwark.com,0.786011286898456,2,33,14,14,14,0.0,1.0,4.0,0,0,0
H2084,WHO | Clean hands protect against infection,who.int,0.822010458547328,2,33,14,14,14,5.0,3.0,14.0,0,0,1
H2957,UAE's Hope mission is about to reach Mars and the stakes are high,space.com,0.837419794076792,2,33,14,14,14,2.0,2.0,11.0,0,0,1
H3232,Vanilla Ice and Coolio are coming to Pittsburgh for a '90's House Party',wtae.com,0.857633305221127,2,33,14,14,14,1.0,0.0,14.0,0,0,1
H1382,Commerce secretary: Trump administration makes deal on ZTE,thehill.com,0.898762408412433,2,33,14,14,14,1.0,0.0,11.0,0,0,1
H3863,Human breast milk may help babies tell time via circadian signals from mom,theconversation.com,0.91790623699568,2,33,14,14,14,1.0,1.0,12.0,0,0,1
H2564,Hundreds Of People At 2 LA Universities Quarantined Because Of Measles Exposure,npr.org,0.930525246755544,2,33,14,14,14,8.0,13.0,14.0,1,1,1
H0274,Hubble Snaps a Galactic Potpourri of Particles,nasa.gov,0.956315766887341,2,33,14,14,14,0.0,0.0,8.0,0,0,1
H2299,Woman who falsely accused Black bird watcher in Central Park sues ex-employer,reuters.com,1.0,2,33,14,14,14,11.0,12.0,11.0,1,1,1
H2497,Hero Down: Town of Madison Sgt. Jessica Fischer Commits Suicide - Blue Lives Matter,themaven.net,0.590641602112286,2,33,14,14,14,0.0,9.0,11.0,0,1,1
H0311,12-year-old boy seriously injured after being shot near 59th and Webster in KCK,fox4kc.com,0.518656385101639,2,33,14,14,14,3.0,13.0,13.0,0,1,1
H0292,The city in a time of plague,asiatimes.com,0.69806557642282,2,33,14,14,14,3.0,5.0,6.0,0,0,0
H3470,"City puts a stop to KCK homeowner’s Chiefs mural, ordering him to take it down",fox4kc.com,0.518656385101639,2,33,14,14,14,8.0,8.0,11.0,1,1,1
H3805,Alex Jones begs fans for donations after being found guilty in Sandy Hook defamation cases,deadstate.org,0.569610523720532,2,33,14,14,14,11.0,6.0,12.0,1,0,1
H2495,Science Has Consistently Underestimated Women Because Scientists Are Sexist,vice.com,0.754994791293065,2,33,14,14,14,12.0,12.0,13.0,1,1,1
H2578,THE UNITED STATES BECAME A FOREIGN CORPORATION IN 1871 | The Liberty Beacon,thelibertybeacon.com,0.125581250305294,2,33,14,14,14,1.0,0.0,9.0,0,0,1
H1297,"New poll has Trump approval rating at 37%, Obama at 55%",usatoday.com,0.901007708482031,2,33,14,14,14,2.0,2.0,13.0,0,0,1
H0952,Did Biden Teach Constitutional Law for 21 Years?,snopes.com,0.90354981436689,2,33,14,14,14,0.0,1.0,10.0,0,0,1
H1054,8 Things About You That Will Change When Your Parents Pass Away,shared.com,0.602914694779855,2,33,14,14,14,0.0,4.0,12.0,0,0,1
H1923,"9/11 Conspiracy Author Phillip Marshall, His 2 Kids And Dog Found Dead In California",worldtruth.tv,0.017643643892146,2,34,11,11,11,1.0,8.0,10.0,0,1,1
H0947,"Secret Service Looking Into Dem Lawmaker's Threat to Make Trump ""Half Term President"" » Alex Jones' Infowars: There's a war on for your mind!",infowars.com,0.0458475179096454,2,34,11,11,11,8.0,8.0,8.0,1,1,1
H0823,Breaking: Did Awan Murder Seth Rich…? Anonymous Says So! Disturbing Photo Rises… | Conspiracy Theories,beforeitsnews.com,0.0560036536327054,2,34,11,11,11,7.0,8.0,8.0,1,1,1
H3513,PDMJ,pdmj.org,0.075993329502495,2,34,11,11,11,0.0,0.0,0.0,0,0,0
H3108,Just In: NY Time Double Standard Fuels Jewish-Hate As Nazi Propaganda Reborn,conservativedailypost.com,0.124791324034711,2,34,11,11,11,8.0,9.0,8.0,1,1,1
H2307,WATCH: Joe Biden Describes Trump Supporters: 'The Dregs of Society',thinkamericana.com,0.125553828241878,2,34,11,11,11,9.0,8.0,10.0,1,1,1
H2206,"Trump Calls Out Murkowski For ""Letting Our Country Down"" On Obamacare Vote! ⋆ WayneDupree.com",waynedupree.com,0.164954060882232,2,34,11,11,11,8.0,5.0,9.0,1,0,1
H2288,The Fourth of July Is “Matrix Reinforcement Day” | Global Research - Centre for Research on Globalization,globalresearch.ca,0.176169765597604,2,34,11,11,11,1.0,0.0,6.0,0,0,1
H3322,Pelosi Claims Climate Change Threatens Women More Than Men,westernjournal.com,0.212942660560995,2,34,11,11,11,6.0,8.0,10.0,1,1,1
H1431,Mandatory Vaccination Stopped for Children in Italy,naturalblaze.com,0.22719579301307,2,34,11,11,11,2.0,5.0,10.0,0,0,1
H0093,Is Anyone More Annoying or Treacherous than Barack Obama?,townhall.com,0.273514170924363,2,34,11,11,11,8.0,1.0,6.0,1,0,1
H3576,BOOM: Rush Limbaugh Reveals Pervert Michelle Obama’s Immoral Past After She Trashed Trump,federalisttribune.com,0.299050085621009,2,34,11,11,11,10.0,10.0,10.0,1,1,1
H1649,"SMOKING GUN: Hard Evidence Shows Camp Fire Was Manmade, Genocide and Mass Destruction of Paradise Carefully Planned | SOTN: Alternative News, Analysis & Commentary",stateofthenation2012.com,0.303556790123943,2,34,11,11,11,4.0,7.0,8.0,0,1,1
H2603,Biden Claimed He Went to Synagogue That Was Attacked by White Supremacists — Synagogue Says That's Not True,analyzingamerica.org,0.334544111691153,2,34,11,11,11,6.0,6.0,10.0,1,1,1
H1209,Donald Trump attacks Lisa Murkowski after she officially comes out against filling Supreme Court seat - Palmer Report,palmerreport.com,0.360703012753001,2,34,11,11,11,10.0,9.0,9.0,1,1,1
H0999,"Homeless man who ate 10,000 calories a day loses 10 stone and finds love",dailymail.co.uk,0.383860647514719,2,34,11,11,11,0.0,1.0,9.0,0,0,1
H3825,Colin Kaepernick & Nike's Sweatshops,dailykos.com,0.413735620185017,2,34,11,11,11,5.0,2.0,6.0,0,0,1
H2052,"They Told Candace Cameron Bure “Don’t Talk About Jesus”, Her Reply Blows Them Away",politifeed.net,0.439179051681855,2,34,11,11,11,6.0,7.0,10.0,1,1,1
H2867,Here's Why Liberal Media Outlets Are Firing Hundreds Of Employees,dailycaller.com,0.469965661505635,2,34,11,11,11,7.0,8.0,8.0,1,1,1
H0511,New CDC report shows 94% of COVID-19 deaths in US had underlying medical conditions,mystateline.com,0.491451036385089,2,34,11,11,11,4.0,4.0,9.0,0,0,1
H3817,Ted Cruz: Missiles fired at US forces in Iraq 'were paid for' by Obama administration,washingtonexaminer.com,0.508074929491517,2,34,11,11,11,9.0,8.0,10.0,1,1,1
H3754,Eric Holder Just Revealed How Many Times 'Obama Asked Him To Drop a Case',politicaldig.com,0.547183375556366,2,34,11,11,11,7.0,4.0,7.0,1,0,1
H0202,Black Virginia Woman Labeled 'Troublemaker' By Neighbors For Outing Cops As Capitol Rioters,comicsands.com,0.554823087534595,2,34,11,11,11,10.0,9.0,10.0,1,1,1
H3692,"WOW! Barack And Michelle Obama Make HUGE Move Regarding Their Future, Donald Trump WILL NOT Be Happy",leftscoop.com,0.591361548936094,2,34,11,11,11,4.0,3.0,6.0,0,0,1
H3565,"Professor Says 'White People Have To Die,' And Here's How The University Responds",redwhiteandright.com,0.608761003993634,2,34,11,11,11,10.0,9.0,9.0,1,1,1
H2082,Editorial | Cuomo seems ready to double down on another white elephant,nypost.com,0.638970275002357,2,34,11,11,11,6.0,2.0,3.0,1,0,0
H0645,7 mind-soothing apps that will help you sleep better,mashable.com,0.656274595912555,2,34,11,11,11,0.0,0.0,8.0,0,0,1
H1952,"Trump's Golf Club That He Once Called The ""Summer White House"" Has ""High Levels"" Of Toxic Chemicals In Drinking Water",politicaltribune.org,0.691729818324111,2,34,11,11,11,5.0,4.0,9.0,0,0,1
H2322,"""Menos delincuentes disfrazados de políticos"", Farruko y Anuel claman por un cambio en Puerto Rico",univision.com,0.717076812957865,2,34,11,11,11,1.0,1.0,1.0,0,0,0
H1891,A true account of one mama's 'restful' evening,mother.ly,0.735170372614168,2,34,11,11,11,0.0,1.0,5.0,0,0,0
H1203,Family desperate to find missing C.J. Elliott,11alive.com,0.771488593151581,2,34,11,11,11,0.0,9.0,9.0,0,1,1
H3962,"NYET HAVING IT: Russia's Gazprom cuts gas to Germany, Denmark over ruble fight",foxbusiness.com,0.794456492811081,2,34,11,11,11,10.0,10.0,10.0,1,1,1
H3164,Dolphins airlifted out of Cuba ahead of Hurricane Irma,nydailynews.com,0.807592058139583,2,34,11,11,11,4.0,7.0,10.0,0,1,1
H1116,Josh Brolin Joins Denis Villenueve’s ‘Dune’ At Legendary,deadline.com,0.835574663378622,2,34,11,11,11,1.0,1.0,7.0,0,0,1
H1049,Column: Kids with bulletproof backpacks provide bad but real optics for Chicago,chicagotribune.com,0.868915852849806,2,34,11,11,11,2.0,6.0,9.0,0,1,1
H1339,Trump Jr.'s new book to get boost from RNC preordering copies for donors,thehill.com,0.898762408412433,2,34,11,11,11,1.0,0.0,10.0,0,0,1
H0912,Jeff Bezos: President Trump's media criticism is 'dangerous',usatoday.com,0.901007708482031,2,34,11,11,11,10.0,4.0,10.0,1,0,1
H2277,Baton Rouge Officers Will Not Be Charged In Alton Sterling's Killing,npr.org,0.930525246755544,2,34,11,11,11,6.0,10.0,11.0,1,1,1
H1735,The Puppeteer Who Brought Balloons to the Thanksgiving Day Parade,smithsonianmag.com,0.971184072481041,2,34,11,11,11,0.0,0.0,8.0,0,0,1
H1943,5G-connected cows test milking parlor of the future,reuters.com,1.0,2,34,11,11,11,2.0,1.0,9.0,0,0,1
H1609,Latino Writer Turns Republican After Kavanaugh Debacle,steadfastandloyal.com,0.199250892452131,2,34,11,11,11,2.0,2.0,7.0,0,0,1
H3155,CNBC Tries to Sell Readers on Biden's Escalating Inflation with 'Upside' Being Your Wages Might Go Up Too,westernjournal.com,0.212942660560995,2,34,11,11,11,8.0,7.0,9.0,1,1,1
H3115,Morgan Freeman Scandal Raises Questions About His Comments to Female Reporters in Past ET Interviews,etonline.com,0.421196500633623,2,34,11,11,11,10.0,9.0,8.0,1,1,1
H0476,7 Signs You Found The Person You Were Meant To Spend Your Life With,awarenessact.com,0.0705539230341695,2,34,11,11,11,0.0,0.0,9.0,0,0,1
H2615,Jerry Rice Has A Blunt Response To Randy Moss Disrespecting His Status At Greatest WR of All-Time (PIC),totalprosports.com,0.564616923333448,2,34,11,11,11,9.0,9.0,8.0,1,1,1
H0230,Fishermen catch 'world's largest shark' at 5.7 metres long and weighing 700kg,dailystar.co.uk,0.446815532977406,2,34,11,11,11,4.0,5.0,9.0,0,0,1
H3221,"Commentary: Prosecutor in Kyle Rittenhouse falsely implies that Rittenhouse 'chased' Joseph Rosenbaum, shot him in the back",theblaze.com,0.319102558515008,2,34,11,11,11,10.0,10.0,10.0,1,1,1
H2365,"BREAKING: U.S. Senator Sounds Alarm, Trump Has Plan to 'Decimate' Public Schools",learnprogress.org,0.416289930871137,2,34,11,11,11,10.0,10.0,10.0,1,1,1
H1874,HOLY SMOKES! Tomi Lahren Just Glared at The Camera & Exposed Mainstream Media & Their SICK Hypocrisy,americanjournalreview.com,0.0878375859873984,2,34,11,11,11,9.0,2.0,6.0,1,0,1
H1386,Pa. state Sen. Argall backs 2020 audit with subpoena power,oann.com,0.414524143820094,2,34,11,11,11,2.0,0.0,8.0,0,0,1
H2738,A family destroyed: Six-month-old dies after clinic injects baby with 13 vaccines at once without mother's informed consent,naturalnews.com,0.0,2,35,12,12,12,12.0,11.0,12.0,1,1,1
H3007,CDC Reveals The Truth Behind COVID-19 Death Numbers,infowars.com,0.0458475179096454,2,35,12,12,12,3.0,3.0,11.0,0,0,1
H2054,"The Half-Blood Thunder Moon Is Coming, And It’s Going To Make You Freak Out",awarenessact.com,0.0705539230341695,2,35,12,12,12,3.0,3.0,9.0,0,0,1
H0430,Italian PM Fires Two Intel Chiefs For Working With Brennan On Coup Attempt Against Our President,explainlife.com,0.0866873538647112,2,35,12,11,12,8.0,8.0,9.0,1,1,1
H2983,"Ep. 2613b - Message Sent & Received, Who Is Commander And Chief Of The Military?",bitchute.com,0.124014428918512,2,35,12,12,12,1.0,1.0,5.0,0,0,0
H1383,The Mysterious Case of the Missing Truckers - Unite America First,uniteamericafirst.com,0.129014666189983,2,35,12,12,12,2.0,8.0,6.0,0,1,0
H3687,Marcy Playground - Sex And Candy,rumble.com,0.162505504571073,2,35,12,12,12,0.0,0.0,6.0,0,0,0
H0013,"Trump Just Had An Earth-Shattering Self Realization, 'People Really F*cking Hate Me'",occupydemocrats.com,0.17563289387131,2,35,12,12,12,5.0,7.0,11.0,0,1,1
H3781,Here's a List of Entertainers Who Joked About Harming President Trump,westernjournal.com,0.212942660560995,2,35,12,12,12,8.0,10.0,9.0,1,1,1
H3050,BREAKING NEWS From The FEDS... Over 56 ARRESTED!,americasfreedomfighters.com,0.236491354728934,2,35,12,12,12,4.0,3.0,7.0,0,0,1
H3535,Psychologist Can't Figure Out Why Few Will Date A Trans Person,thefederalist.com,0.257333312407563,2,35,12,12,12,1.0,4.0,10.0,0,0,1
H2471,David Daleiden: 'Kamala Harris Is the Greatest Threat to Civil Rights' in Generations,breitbart.com,0.297175368438483,2,35,12,12,12,6.0,7.0,9.0,0,1,1
H2233,Black Michigan city councilman and lifelong Democrat endorses President Trump: 'Democrats are full of hate',theblaze.com,0.319102558515008,2,35,12,12,12,6.0,6.0,9.0,0,0,1
H2970,BREAKING: Texas Obliterates Biden's Vaccine Mandate — Abbott Issues Executive Order Banning Employers From Requiring It,analyzingamerica.org,0.334544111691153,2,35,12,12,12,7.0,4.0,8.0,1,0,1
H3597,"SURE, WE'RE NOT BIASED: Facebook's COO Sent Email To Podesta Lauding Hillary's 'Progress' In Januqry 2016",dailywire.com,0.357498144984751,2,35,12,12,12,2.0,3.0,5.0,0,0,0
H1899,Elect More Democrats: Join Our Team,democrats.org,0.379613218541432,2,35,12,12,12,2.0,2.0,9.0,0,0,1
H0662,"Lindsey Graham: If the GOP wins in 2020, ‘I can promise you’ we will repeal your health care",dailykos.com,0.413735620185017,2,35,12,12,12,8.0,4.0,10.0,1,0,1
H0542,A Paris Knife Attack Was Stopped With By Three Men Playing A Game With... Metal Balls?,bearingarms.com,0.440140140389877,2,35,12,12,12,4.0,4.0,8.0,0,0,1
H1575,7 Takeaways as Merrick Garland Gets Hearing for Attorney General,dailysignal.com,0.472969940011651,2,35,12,12,12,1.0,2.0,7.0,0,0,1
H0327,Writer Nails Why It’s So Damn Hard For Stay-At-Home Parents To Do Weekends Alone,scarymommy.com,0.475679657982067,2,35,12,12,12,2.0,4.0,9.0,0,0,1
H3732,Blue Bell kicking off fall with a new flavor,wtvm.com,0.515502479905582,2,35,12,12,12,0.0,0.0,10.0,0,0,1
H2204,CNN's viral video mocking Trump supporters racks up millions more viewers than original airing,foxnews.com,0.534260962262195,2,35,12,12,12,10.0,9.0,9.0,1,1,1
H0296,Attorney General in Virgin Islands Requests Full Record of Flights to Epstein Island • Liberty Hub,libertyhub.com,0.570929618692372,2,35,12,12,12,3.0,3.0,10.0,0,0,1
H1337,China 'convinced it needs to hit US with Pearl Harbor-style strike' over Taiwan,the-sun.com,0.575118584049805,2,35,12,12,12,11.0,10.0,11.0,1,1,1
H3488,Man stabbed with scissors on Red Line train at Cermak-Chinatown days after fatal stabbing,fox32chicago.com,0.606802292033508,2,35,12,12,12,3.0,10.0,9.0,0,1,1
H2185,"Two Dead, One Arrested for DUI After Collision in San Jose",nbcbayarea.com,0.629958582225415,2,35,12,12,12,4.0,7.0,10.0,0,1,1
H0007,Body recovered from Lake Corpus Christi,kiiitv.com,0.673410798933277,2,35,12,12,12,1.0,6.0,9.0,0,0,1
H0220,Lorain mother plans memorial poker run to raise money for others in memory of her daughter,morningjournal.com,0.694619841242088,2,35,12,12,12,2.0,5.0,10.0,0,0,1
H0512,"Donald Trump 'feels great' about taxpayers covering Mar-a-Lago trips, via Spicer",blastingnews.com,0.723269629819645,2,35,12,12,12,6.0,6.0,12.0,0,0,1
H1757,"More than 445K gallons of sewage spills in Venice after contractor hits pipe, DEP says",abcactionnews.com,0.736018435351385,2,35,12,12,12,5.0,7.0,10.0,0,1,1
H2026,"Long: Chase Elliott, Jimmie Johnson share a moment in time - NBC Sports",nbcsports.com,0.762377581102117,2,35,12,12,12,0.0,0.0,6.0,0,0,0
H1194,TikTok Treasure Catherine O'Hara Recreated A Classic 'Home Alone 2' Scene,bustle.com,0.775937399631442,2,35,12,12,12,1.0,0.0,10.0,0,0,1
H0613,Murder charges authorized in New Year's slaying,battlecreekenquirer.com,0.818437147732324,2,35,12,12,12,5.0,3.0,9.0,0,0,1
H1182,Canonsburg man is first recipient of Brian Shaw Memorial Scholarship,triblive.com,0.843374316803737,2,35,12,12,12,2.0,3.0,10.0,0,0,1
H2450,Race to zero: This graphic shows the rapidly falling cost of renewables,weforum.org,0.874413109867053,2,35,12,12,12,1.0,1.0,8.0,0,0,1
H1512,Why egg prices are soaring,cbsnews.com,0.879618721504846,2,35,12,12,12,3.0,3.0,11.0,0,0,1
H3916,Who Makes the Most Reliable Cars?,consumerreports.org,0.905188871112721,2,35,12,12,12,0.0,1.0,10.0,0,0,1
H3806,Sterling Heights announces top 5 name options for 'Golden Corridor Icon',clickondetroit.com,0.92604876697167,2,35,12,12,12,0.0,0.0,9.0,0,0,1
H1135,Inflatable Heat Shield Closer to 2022 Demonstration,nasa.gov,0.956315766887341,2,35,12,12,12,0.0,0.0,8.0,0,0,1
H1173,"Biden tops 2020 Iowa presidential poll, Sanders gains momentum",reuters.com,1.0,2,35,12,12,12,2.0,1.0,10.0,0,0,1
H3065,CIA Director Brennan Made Secret Trip to Moscow,themoscowtimes.com,0.787623172475012,2,35,12,12,12,5.0,2.0,10.0,0,0,1
H0576,Water parks closed on Saturday due to cold weather,wesh.com,0.578461634386328,2,35,12,12,12,1.0,1.0,8.0,0,0,1
H2261,Woman wanted for dine-and-dash at a SC restaurant; left her ID on the table,wbtw.com,0.601952330135495,2,35,12,11,12,8.0,8.0,10.0,1,1,1
H2641,Demo Memo Unwittingly Confirms GOP Allegations,patriotpost.us,0.4561951591261,2,35,12,12,12,4.0,2.0,5.0,0,0,0
H0216,First Lady Jill Biden To Join Newsom In CA On Cezar Chavez Day,patch.com,0.933491002134259,2,35,12,12,12,1.0,0.0,10.0,0,0,1
H3072,McCarthy's latest Biden criticism: He sleeps more than Trump,msnbc.com,0.588104595861507,2,35,12,12,12,7.0,6.0,10.0,1,0,1
H1001,Ecuador Grants Assange a Passport to Travel Internationally » Alex Jones' Infowars: There's a war on for your mind!,infowars.com,0.0458475179096454,2,35,12,12,12,2.0,3.0,6.0,0,0,0
H3471,Trump targets Nike as Kaepernick ads spark boycott calls,reuters.com,1.0,2,35,12,12,12,12.0,12.0,11.0,1,1,1
H1159,National Security Adviser H.R. McMaster Is Expected To Leave Trump Administration,npr.org,0.930525246755544,2,35,12,12,12,2.0,3.0,11.0,0,0,1
H3361,How Agents of the Illuminati Infiltrated the New Age Movement and Other Spiritual Paradigms |...,humansarefree.com,0.0572211982440859,2,35,12,12,12,5.0,5.0,7.0,0,0,1
H2253,Suffering From Diabetes Just Boil These Leaves And Solve Your Problem Without Medications,worldtruth.tv,0.017643643892146,2,36,12,12,12,6.0,4.0,9.0,0,0,1
H0859,Canada Sends $790 Million to Bill Gates Organization to Push Global Vaccination,infowars.com,0.0458475179096454,2,36,12,12,12,3.0,1.0,11.0,0,0,1
H0141,This Is How Your Intuition Works Based On Your Zodiac Sign,awarenessact.com,0.0705539230341695,2,36,12,12,12,0.0,0.0,11.0,0,0,1
H1110,Muslim Terrorists Massacre 20 Christians Including Children And A 3-Month-Old Baby Just Because They Could,shoebat.com,0.0886084846223804,2,36,12,12,12,12.0,12.0,11.0,1,1,1
H1289,Illegal Alien Charged With Killing 12 Women In Texas; 750 More Deaths Being ‘Investigated’,newspunch.com,0.124271638273759,2,36,12,12,12,12.0,12.0,12.0,1,1,1
H0384,JUSTICE Served Cold As One Of Hillary Clinton’s Biggest Goons Heads STRAIGHT TO PRISON!,en-volve.com,0.126883146357792,2,36,12,12,12,8.0,1.0,8.0,1,0,1
H2722,YouTube Begins Purging Alternative Media as the Deep State Marches Toward WW3,dcclothesline.com,0.154243582961425,2,36,12,12,12,9.0,6.0,11.0,1,0,1
H1172,CAIR outraged by sheriff warning of ‘Islamic jihadists’,wnd.com,0.192160019649149,2,36,12,12,12,8.0,7.0,8.0,1,1,1
H0147,"Rolling Stone: Good Cop Olivia Benson Must Be 'Canceled,' Cops Aren't 'Inherently Trustworthy'",westernjournal.com,0.212942660560995,2,36,12,12,12,8.0,6.0,8.0,1,0,1
H3331,'Great American Resurrection': Trump Wants America Open and 'Rarin' to Go' by Easter,pjmedia.com,0.225278100615081,2,36,12,12,12,3.0,2.0,9.0,0,0,1
H2500,Missouri Attorney General Subpoenas 7 School Districts Amid Worry Over Student Surveying,theepochtimes.com,0.262887244589731,2,36,12,12,12,7.0,7.0,9.0,1,1,1
H1198,Man threatens to jump from Trump Tower Chicago ‘unless he is allowed to speak with President Trump’ – reports,rt.com,0.293277424671587,2,36,12,12,12,1.0,4.0,12.0,0,0,1
H2278,Illegal Immigration’s Drain on U.S. Hospitals Spikes in Recent Months,finishtherace.com,0.324504287507122,2,36,12,12,12,9.0,9.0,11.0,1,1,1
H1013,"Jane Fonda, Hollywood elite rally around darkhorse 2020 Democrat",washingtontimes.com,0.345472108057381,2,36,12,12,12,2.0,1.0,11.0,0,0,1
H2613,"Former Obama Ethics Chief Slams Hunter Biden's ""Art"" Sales",bongino.com,0.371435995037781,2,36,12,12,12,9.0,3.0,9.0,1,0,1
H3432,"President Trump Smashes Record On His Birthday - In Just One Day, Republicans Raised $14 Million",americanjournaldaily.com,0.386442898702133,2,36,12,12,12,0.0,0.0,10.0,0,0,1
H3357,The Bravery of the Ukrainian Defenders of Serpent Island Will Never Be Forgotten - The American Spectator | USA News and Politics,spectator.org,0.41867309258613,2,36,12,12,12,3.0,7.0,10.0,0,1,1
H2947,‘Shaped by politics and divorced from scientific evidence’: Report details how Ron DeSantis botched Florida's COVID-19 response,alternet.org,0.42818441506045,2,36,12,12,12,10.0,9.0,11.0,1,1,1
H1906,The Inauthentic Opposition is “Stunned” by a Crime it Encouraged - CounterPunch.org,counterpunch.org,0.464496009471983,2,36,12,12,12,6.0,2.0,4.0,0,0,0
H3608,Want To See An Epic Californian Trump-Supporting Crowd? Look No Further.,chicksonright.com,0.490047310819928,2,36,12,12,12,1.0,0.0,10.0,0,0,1
H0367,"Hy-Vee recalls 6 meat and potato products due to possible Listeria, Salmonella contamination",fox4kc.com,0.518656385101639,2,36,12,12,12,3.0,5.0,11.0,0,0,1
H0436,I learned more from 5 days without sugar than in 20 years of dieting,foxnews.com,0.534260962262195,2,36,12,12,12,1.0,2.0,11.0,0,0,1
H1051,DCPS investigates after elementary students say they were forced to reenact Holocaust,fox5dc.com,0.562394649306125,2,36,12,12,12,6.0,11.0,11.0,0,1,1
H0605,Protecting American Families: Comprehensive Approach to Nicotine and Tobacco,fda.gov,0.590162279584314,2,36,12,12,12,8.0,10.0,10.0,1,1,1
H1381,Barrett refuses to condemn voter intimidation during confirmation hearing,americanindependent.com,0.602004416483487,2,36,12,12,12,8.0,8.0,10.0,1,1,1
H1614,CPD searching for missing 68-year-old woman,nbc4i.com,0.625115184961301,2,36,12,12,12,0.0,6.0,12.0,0,0,1
H0718,Super Bowl: Así termina el comercial sobre una niña indocumentada censurado en la TV,telemundo.com,0.673588160025729,2,36,12,12,12,0.0,2.0,1.0,0,0,0
H2779,Large early-season winter storm to hit central U.S.,theindychannel.com,0.698868903941336,2,36,12,12,12,5.0,8.0,12.0,0,1,1
H1320,These Portraits Shine A Light On The Homeless Faces You Pass Every Day,huffingtonpost.com,0.715235206216845,2,36,12,12,12,0.0,5.0,10.0,0,0,1
H0642,5 tractor-trailers filled with supplies headed from Virginia Beach to NC,wavy.com,0.728818598953096,2,36,12,12,12,0.0,3.0,10.0,0,0,1
H2028,"Police search for missing, endangered woman taken by boyfriend in Dallas, Texas",kxxv.com,0.768853057630876,2,36,12,12,12,11.0,11.0,12.0,1,1,1
H1399,Watch Moment Massive Cooling Towers Collapse - Videos from The Weather Channel | weather.com,weather.com,0.787979994491179,2,36,12,12,12,1.0,2.0,11.0,0,0,1
H0351,Provocative PSA Shocks And Urges Talk About School Shootings,wbez.org,0.802833120039105,2,36,12,12,12,4.0,3.0,11.0,0,0,1
H3201,Severe COVID-19 linked to sleep breathing disorders,medicalnewstoday.com,0.837472221453016,2,36,12,12,12,6.0,7.0,12.0,0,1,1
H0456,"Chinese military steps up strike strength against U.S. targets and Taiwan, says Pentagon",politico.com,0.862520735542115,2,36,12,12,12,10.0,10.0,12.0,1,1,1
H2572,Scientists discover surprising similarity between neural networks and human brain,futurism.com,0.88923906933246,2,36,12,12,12,0.0,1.0,11.0,0,0,1
H3463,Returning looted artefacts will finally restore heritage to the brilliant cultures that made them,theconversation.com,0.91790623699568,2,36,12,12,12,5.0,7.0,9.0,0,1,1
H3104,Mount Sinai Man Sentenced In $4M Fraudulent Investment Scheme,patch.com,0.933491002134259,2,36,12,12,12,10.0,5.0,12.0,1,0,1
H2260,Trump signs executive order to push federal agencies to hire more military spouses,stripes.com,0.970705909096091,2,36,12,12,12,1.0,1.0,12.0,0,0,1
H2668,Seawater seeping into decaying oil tanker off Yemen coast,apnews.com,0.998049167729267,2,36,12,12,12,3.0,4.0,12.0,0,0,1
H0914,'I Got Impeached Last Night': Trump Responds To Dems Passing Both Impeachment Articles,analyzingamerica.org,0.334544111691153,2,36,12,12,12,5.0,6.0,10.0,0,0,1
H3932,"Patel Patriot - Everything Is Timed, Military Planning, Trump Will Most Likely Return Before 2024",rumble.com,0.162505504571073,2,36,12,12,12,0.0,1.0,4.0,0,0,0
H1785,MSNBC panel questions what led to Chris Wallace's 'abrupt departure' from Fox News,rawstory.com,0.461914938868004,2,36,12,12,12,3.0,3.0,11.0,0,0,1
H2328,Illinois dispensaries net nearly $40M in first month of legal pot sales,fox26houston.com,0.675352572723559,2,36,12,12,12,0.0,0.0,11.0,0,0,1
H1249,Lauren Boebert Leads Republican Effort To Censure Biden Over Failure To Enforce Border Laws,americanlookout.com,0.242639223381286,2,36,12,12,12,10.0,6.0,11.0,1,0,1
H2048,The Force is strong with Kissimmee resident as he prepares for Irma,wftv.com,0.589666275358842,2,36,12,12,12,4.0,3.0,7.0,0,0,1
H3726,A little perspective on our surging GDP — Obama hit these numbers three times,latimes.com,0.854215102806626,2,36,12,12,12,0.0,0.0,11.0,0,0,1
H0170,"Tiger Woods to battle Phil Mickelson in dream one-on-one match over Thanksgiving, report says",foxnews.com,0.534260962262195,2,36,12,12,12,0.0,0.0,11.0,0,0,1
H2366,Californians to protest at home of LA mayor who banned ‘non-essential’ walking,lifesitenews.com,0.257569279591328,2,36,12,12,12,10.0,10.0,11.0,1,1,1
H0729,Coronavirus Relief Package Not Coming Before Election,huffpost.com,0.568450135334297,2,36,12,12,12,1.0,3.0,11.0,0,0,1
H0129,California’s declaration means Neil deGrasse Tyson is now pushing a deadly herbicide POISON that kills people – NaturalNews.com,naturalnews.com,0.0,2,37,12,12,12,10.0,12.0,10.0,1,1,1
H0336,Dems Throw Obama Under Bus to Attack Trump » Alex Jones' Infowars: There's a war on for your mind!,infowars.com,0.0458475179096454,2,37,12,12,12,10.0,10.0,8.0,1,1,1
H0779,"U.S. Dairy industry petitions to secretly add chemical sweeteners (aspartame, sucralose) to products – without labeling them",newstarget.com,0.0723314494829261,2,37,12,12,12,11.0,5.0,11.0,1,0,1
H3027,Here Comes Hemp: Congress Votes to Unleash a Billion-Dollar Industry,wakingtimes.com,0.0901725391626428,2,37,12,12,12,0.0,0.0,11.0,0,0,1
H0793,Found After Two Years: Lost Weather Balloon GoPro With Astounding Footage From Space | Disclose.tv,disclose.tv,0.108523007938914,2,37,11,12,12,0.0,0.0,11.0,0,0,1
H0611,Michelle Is IRATE After These SCANDALOUS Photos of Barack Obama Hit The Web,en-volve.com,0.126883146357792,2,37,12,12,12,4.0,8.0,11.0,0,1,1
H3506,"When Confronted, Psaki Refuses To Admit Cubans are Fleeing From Socialism",rumble.com,0.162505504571073,2,37,12,12,12,8.0,11.0,10.0,1,1,1
H2160,"Exclusive: Do you know about NESARA? I bet you DON'T, but it's about time you DO! » The Event Chronicle",theeventchronicle.com,0.199000633249551,2,37,12,12,12,0.0,1.0,5.0,0,0,0
H2653,NBC News Director DELETES Twitter and LinkedIn Account After Judge Names Her As Person Who Directed MSNBC Producer To Follow Bus Filled With Rittenhouse Jurors,100percentfedup.com,0.21938033253327,2,37,12,12,12,7.0,8.0,9.0,1,1,1
H3037,"Watch: This Pro-Girls, Guns And Hunting Movie Will Give Snowflakes A Stroke - But You'll Love It",clashdaily.com,0.231462789131987,2,37,12,12,12,4.0,3.0,8.0,0,0,1
H0370,20 Times People Spotted Something Truly Unusual on Their Ordinary Day,brightside.me,0.263978635522076,2,37,12,12,12,0.0,0.0,8.0,0,0,1
H0251,Liberal Media Viewers Misinformed About US Crime: Rasmussen Poll,newsmax.com,0.287207804375952,2,37,12,12,12,5.0,7.0,7.0,0,1,1
H1914,"Amid rioting, looting, LA officials move to slash police budget by up to $150 million to reallocate money to black communities",theblaze.com,0.319102558515008,2,37,12,12,12,8.0,9.0,9.0,1,1,1
H2609,‘Climate emergency’ declaration takes heat for fictional ‘world scientists’,washingtontimes.com,0.345472108057381,2,37,12,12,12,5.0,1.0,6.0,0,0,0
H3056,Anonymous Scores A Major Victory In Cyber War Against Russia,politicususa.com,0.35845073650398,2,37,12,12,12,10.0,5.0,11.0,1,0,1
H2219,'DECEPTIVE': Whistleblower Says Pfizer Avoids Disclosing Use of Aborted Fetal Cells,toddstarnes.com,0.38550572303315,2,37,12,12,12,9.0,3.0,10.0,1,0,1
H1640,"Dear RNC, thank you for so clearly defining the terms of the 2022 midterm elections",dailykos.com,0.413735620185017,2,37,12,12,12,1.0,1.0,10.0,0,0,1
H2442,"Zinke Blames “Radical Environmentalists,” Not Climate Change, as Wildfires Rage",truthout.org,0.448600038526601,2,37,12,12,12,9.0,4.0,12.0,1,0,1
H1758,'Your names will live in shame forever!' Steve Bannon and Mike Lindell melt down over Tina Peters arrest,rawstory.com,0.461914938868004,2,37,12,12,12,4.0,9.0,8.0,0,1,1
H1443,An inadvertent glimpse of what Gov. DeSantis is really like when a secret tape is running | Florida Phoenix,floridaphoenix.com,0.491616630852329,2,37,12,12,12,5.0,3.0,10.0,0,0,1
H3992,Trump Refuses To Let Big Pharma Take Advantage Of You Anymore – Signs Order To Lower Drug Prices,washingtonexaminer.com,0.508074929491517,2,37,12,12,12,11.0,10.0,12.0,1,1,1
H3313,Kathy Griffin says CNN's Jeff Zucker slashed her pay after asking for a raise as co-host of NYE special,foxnews.com,0.534260962262195,2,37,12,12,12,12.0,12.0,12.0,1,1,1
H2393,Video shows massive alligator eating other gator whole in South Carolina,foxla.com,0.559234336331404,2,37,12,12,12,9.0,10.0,12.0,1,1,1
H1097,Popular uptown Charlotte restaurant receives 'C' health grade,fox46charlotte.com,0.586683206276508,2,37,12,12,12,1.0,1.0,12.0,0,0,1
H0211,Tamron Hall QUITS NBC – Turns Down MILLIONS After They Give Her Slot To Megyn Kelly,truthmonitor.com,0.608059900908813,2,37,12,12,12,9.0,9.0,12.0,1,1,1
H1376,Crocodile kills pastor performing baptism on lake,wfla.com,0.629958582225415,2,37,12,12,12,10.0,12.0,12.0,1,1,1
H2421,This woman can kill the sperm-hungry anal worms that turned you gay,queerty.com,0.671465114069868,2,37,12,12,12,6.0,5.0,5.0,0,0,0
H1405,"MSNBC reporter's blast: ""We are a cancer and there is no cure""",hotair.com,0.690938711095099,2,37,12,12,12,5.0,1.0,4.0,0,0,0
H1061,Report: Leftist Media Outlets Have Had ZERO ‘Angel’ Families On Their Programs,diamondandsilk.com,0.706995738873564,2,37,12,12,12,8.0,8.0,8.0,1,1,1
H2904,Opinion: Donald Trump lies — but it might not be his fault,independent.co.uk,0.734076864473315,2,37,12,12,12,9.0,0.0,7.0,1,0,1
H3605,How to Succeed as a Millennial Entrepreneur,entrepreneur.com,0.774441836682524,2,37,12,12,12,0.0,0.0,10.0,0,0,1
H2173,Security cam films brave kid trying to get away from 3 guys following him in car,shareably.net,0.785213966851439,2,37,12,12,12,11.0,11.0,12.0,1,1,1
H3946,Picture shows buses of troubled Bertie County charter school in the woods,wnct.com,0.805049729657021,2,37,12,12,12,1.0,6.0,9.0,0,0,1
H2346,Paul Says He's ‘Concerned’ About Kavanaugh for Supreme Court,bloomberg.com,0.840147313769099,2,37,12,12,12,2.0,2.0,8.0,0,0,1
H2897,Northern Front Range is an epicenter of rising home unaffordability – The Denver Post,denverpost.com,0.870870545676,2,37,12,12,12,2.0,3.0,10.0,0,0,1
H2210,Why more people are saying 'y'all',bbc.com,0.881685504350007,2,37,12,12,12,1.0,0.0,8.0,0,0,1
H2130,Dog found abandoned on I-270 touching hearts around the world,kmov.com,0.907222206976868,2,37,12,12,12,1.0,11.0,12.0,0,1,1
H0364,"'We Must Remember': Biden, Harris Memorialize COVID-19 Victims",npr.org,0.930525246755544,2,37,12,12,12,4.0,9.0,10.0,0,1,1
H3970,Over 40% of Republicans wrongly believe conspiracy theory about Bill Gates and COVID-19 vaccines,cnet.com,0.951854977853014,2,37,12,11,12,5.0,7.0,11.0,0,1,1
H1524,Desperate Venezuelans defy Ecuador's passport rules and cross border,reuters.com,1.0,2,37,12,12,12,7.0,10.0,11.0,1,1,1
H0548,Trump's GDP Puffery - FactCheck.org,factcheck.org,0.91790623699568,2,37,12,12,12,3.0,1.0,6.0,0,0,0
H0943,"She knew her exact location, but 911 couldn't find her.",11alive.com,0.771488593151581,2,37,12,12,12,4.0,9.0,8.0,0,1,1
H3052,"NJ Gov. Phil Murphy Vows Veto of Budget, And Wants Tax Hikes",patch.com,0.933491002134259,2,37,12,12,12,8.0,3.0,10.0,1,0,1
H1356,Fake News A US Media Speciality - PaulCraigRoberts.org,paulcraigroberts.org,0.198833963146474,2,37,12,12,12,5.0,1.0,6.0,0,0,0
H0359,Pete Buttigieg Accused of Turning People Against the Police for 'Political Gain',westernjournal.com,0.212942660560995,2,37,12,12,12,12.0,11.0,12.0,1,1,1
H1502,How to get water even if the stores are out,wfla.com,0.629958582225415,2,37,12,12,11,0.0,0.0,10.0,0,0,1
H3940,What If The Cure For The Coronavirus Were As Simple As Taking Zinc?,worldtruth.tv,0.017643643892146,2,37,12,12,12,4.0,0.0,10.0,0,0,1
H0508,"Big Y to cut back store hours to restock, sanitize supermarkets",wwlp.com,0.601952330135495,2,37,12,12,12,2.0,1.0,10.0,0,0,1
H1270,Dislike for Ilhan Omar and AOC could tip House to Republicans in 2020: Internal Democratic poll,washingtonexaminer.com,0.508074929491517,2,37,12,12,12,5.0,4.0,7.0,0,0,1
H2002,Trump administration to reportedly lift ban on baiting and killing hibernating bears and wolves in Alaska,fox13news.com,0.509941076749434,2,37,12,12,12,9.0,10.0,11.0,1,1,1
H3725,Study proves how easily society is controlled and manipulated by identity politics,naturalnews.com,0.0,2,38,10,10,10,6.0,8.0,8.0,1,1,1
H1710,Kathy Griffin Built A Wall To Block Her Pro-Trump Neighbor,infowars.com,0.0458475179096454,2,38,10,10,10,6.0,6.0,10.0,1,1,1
H0113,"The Mysterious San Luis Valley in Colorado. From Cattle Mutilations to Battles With Aliens, This Place Is Bizarre | Paranormal",beforeitsnews.com,0.0560036536327054,2,38,10,10,10,4.0,5.0,5.0,0,0,0
H0773,"Harris: If Congress Doesn’t Take Action on Gun Control, I Will Take Executive Action as President (Video)",truthuncensored.net,0.0853217706757043,2,38,10,10,10,5.0,6.0,10.0,0,1,1
H0496,Angry Muslim Employees File a Lawsuit and Plan to Rally Against Amazon Due to Lack of Prayer Rooms,thegatewaypundit.com,0.109374585525566,2,38,10,10,10,7.0,9.0,10.0,1,1,1
H3953,BREAKING: Hillary’s Plot To Get Trump REMOVED From Office Has Been EXPOSED | enVolve,en-volve.com,0.126883146357792,2,38,10,10,10,9.0,8.0,8.0,1,1,1
H1457,The price of crazy: Alexandria Ocasio-Cortez yelps for help against 12 primary challengers,americanthinker.com,0.152499978555631,2,38,10,10,10,2.0,3.0,5.0,0,0,0
H0464,12 Obamacare Insurance CO-OPs Fold After Getting $1.2 Bil from Govt. - Judicial Watch,judicialwatch.org,0.180416617224686,2,38,10,10,10,0.0,3.0,7.0,0,0,1
H3837,BOOM: Trump Asks 1 Powerful Question That Could Land Hillary In PRISON,angrypatriotmovement.com,0.207371119696342,2,38,10,10,10,5.0,6.0,8.0,0,1,1
H0651,Nordstrom cancels Trump’s Jewish daughter Ivanka’s clothing line after complaints from liberal mob – TIME TO BOYCOTT THEM RIGHT BACK,jewsnews.co.il,0.237109310545107,2,38,10,10,10,8.0,7.0,7.0,1,1,1
H1301,BREAKING News Out Of Southern California... HELL YES!,rightwingtribune.com,0.259999476847222,2,38,10,10,10,0.0,0.0,2.0,0,0,0
H1469,No need to install: Microsoft has controversial fake news filter NewsGuard built into mobile browser,rt.com,0.293277424671587,2,38,10,10,10,4.0,3.0,8.0,0,0,1
H3826,A Fauci Funded Study Turned Monkeys Transgender... Seriously.,thenationalpulse.com,0.309168146597413,2,38,10,10,10,7.0,7.0,6.0,1,1,1
H2070,‘Ruined’ Alec Baldwin Forced to File for Bankruptcy,americaslastlineofdefense.com,0.330013749015705,2,38,10,10,10,1.0,7.0,10.0,0,1,1
H3697,Black Lives Matter Movement Nominated For A Nobel Peace Prize,rfangle.com,0.370921167524224,2,38,10,10,10,0.0,0.0,10.0,0,0,1
H3541,Saints WR Brandon Coleman Spotted Wearing Thong After Pants Get Pulled Down,dailysnark.com,0.397773157571401,2,38,10,10,10,1.0,6.0,7.0,0,1,1
H0657,WATCH: Trump Goes on Live TV to REPEAT Propaganda Exxon WROTE For Him,learnprogress.org,0.416289930871137,2,38,10,10,10,7.0,1.0,7.0,1,0,1
H2224,Remember the refugee dad selling pens on streets while carrying his daughter? He owns 3 shops now - NTD Inspired,ntd.tv,0.43614522152228,2,38,10,10,10,0.0,2.0,9.0,0,0,1
H2007,FEC can’t enforce election laws right now — because of Mitch McConnell’s obstruction,rawstory.com,0.461914938868004,2,38,10,10,10,9.0,5.0,8.0,1,0,1
H3621,"[VIDEO PROOF] In Less Than A Year, Biden, Psaki, AND Pelosi All Stated That The Government Cannot Mandate A Vaccine",chicksonright.com,0.490047310819928,2,38,10,10,10,1.0,1.0,9.0,0,0,1
H0338,'It Keeps Me Up At Night': Dems TERRIFIED Trump Is Winning Over Black Voters,washingtonexaminer.com,0.508074929491517,2,38,10,10,10,4.0,5.0,9.0,0,0,1
H3486,"Texas bar owner, armed men arrested at business reopening after dramatic standoff with police",foxnews.com,0.534260962262195,2,38,10,10,10,6.0,3.0,9.0,1,0,1
H1497,A Father Fighting a War Tougher Than He Faced Overseas • EBONY,ebony.com,0.555598212053238,2,38,10,10,10,1.0,4.0,5.0,0,0,0
H1119,"Trump pushes for ‘larger’ COVID aid package and more $1,200 stimulus checks",the-sun.com,0.575118584049805,2,38,10,10,10,0.0,1.0,10.0,0,0,1
H1848,Stunning Portraits Celebrate the Evolving Beauty of Black Hair Trends Over the Last 100+ Years,mymodernmet.com,0.601952330135495,2,38,10,10,10,0.0,0.0,10.0,0,0,1
H1168,Army hero's remains returned to SoCal nearly 70 years after he went missing during Korean War,abc7.com,0.646796242304377,2,38,10,10,10,2.0,7.0,10.0,0,1,1
H0060,15 Creepy Confessions From People Who Have Surfed The Dark Web,therichest.com,0.667900679223509,2,38,10,10,10,3.0,2.0,9.0,0,0,1
H0431,Attempted child abduction investigated in LaGrange Township,fox8.com,0.676772122938108,2,38,10,10,10,3.0,9.0,9.0,0,1,1
H1152,11 Helpful Uses for Wax Paper You Never Thought of Before,tiphero.com,0.716339054717905,2,38,10,10,10,0.0,0.0,7.0,0,0,1
H0585,$450 Million Mega Millions winning jackpot ticket bought in Port Richey,abcactionnews.com,0.736018435351385,2,38,10,10,10,0.0,1.0,10.0,0,0,1
H3977,15 of the Best Time Management and Productivity Books of All Time,entrepreneur.com,0.774441836682524,2,38,10,10,10,0.0,0.0,10.0,0,0,1
H0209,Explosions reported on two tankers in Gulf of Oman,aljazeera.com,0.779267503219657,2,38,10,10,10,1.0,4.0,8.0,0,0,1
H0194,Texas Will Stop Jailing the Poor for Unpaid Court Fines,theatlantic.com,0.803526667450118,2,38,10,10,10,4.0,7.0,9.0,0,1,1
H2893,"These Are the Most-Searched Pies in Every State, According to Google",thrillist.com,0.831406590643075,2,38,10,10,10,0.0,1.0,10.0,0,0,1
H1749,Police looking for missing 83-year-old woman,firstcoastnews.com,0.865864383993616,2,38,10,10,10,0.0,7.0,10.0,0,1,1
H0822,Radioactive waste from former Ohio military supplier headed to Michigan,freep.com,0.876111992817132,2,38,10,10,10,3.0,3.0,9.0,0,0,1
H0983,"Former NBA, NFL athletes estimate marijuana use among players is higher than 80%",usatoday.com,0.901007708482031,2,38,10,10,10,1.0,0.0,9.0,0,0,1
H2512,Seizing property through eminent domain would be an ugly end to the Atlantic Sunrise pipeline saga,lancasteronline.com,0.925960447501987,2,38,10,10,10,3.0,4.0,6.0,0,0,1
H0329,Boy Scouts create COVID-19 'hug booth' for Texas nursing home,upi.com,0.950555959253076,2,38,10,10,10,1.0,2.0,9.0,0,0,1
H3639,Guard deployment to secure DC will cost nearly $500 million,apnews.com,0.998049167729267,2,38,10,10,10,0.0,1.0,8.0,0,0,1
H1922,Obama Receives Standing Ovation In New York Restaurant While Trump’s Popularity Nose Dives (VIDEO) | Addicting Info | The Knowledge You Crave,addictinginfo.org,0.393157872437169,2,38,10,10,10,2.0,1.0,8.0,0,0,1
H1597,Bredesen's History With Refugee Resettlement in Tennessee Consistent With Democrats in Congress Who Want Big Numbers Resettled in FY 2019,tennesseestar.com,0.438911016275787,2,38,10,10,10,2.0,2.0,6.0,0,0,1
H0362,Woman's headache turns out to be cockroach living in her skull,wesh.com,0.578461634386328,2,38,10,10,10,6.0,9.0,9.0,1,1,1
H2302,Alabama could lose House seat based on Census response,apnews.com,0.998049167729267,2,38,10,10,10,1.0,1.0,8.0,0,0,1
H3190,Clothing company offering a free mask to every American,mystateline.com,0.491451036385089,2,38,10,10,10,0.0,1.0,10.0,0,0,1
H2017,Mother Stripped Daughter Then Beat The Sh*t Out Of Her For Stealing Money,folksvideo.com,0.243757234060269,2,38,10,10,10,8.0,8.0,9.0,1,1,1
H1868,"Trump Speaks of Plan to Kill 10 Million People, Wipe Afghanistan Off Face of the Earth",themindunleashed.com,0.226698341110061,2,38,10,10,10,10.0,9.0,8.0,1,1,1
H2620,Farmers Are The Key To Humanity's Future » Alex Jones' Infowars: There's a war on for your mind!,infowars.com,0.0458475179096454,2,38,10,10,10,1.0,1.0,6.0,0,0,1
H3819,Jan 6 Pipe Bomber's Mechanical Timer Detonates Fedsurrection Lie - Revolver News,revolver.news,0.208295556270025,2,38,10,10,10,6.0,2.0,6.0,1,0,1
H2756,Coffee found to be just as effective as ibuprofen for easing pain – NaturalNews.com,naturalnews.com,0.0,2,38,10,10,10,0.0,0.0,10.0,0,0,1
H2031,"Top 8 ""immunity builders"" that actually contain insanely dangerous ingredients",naturalnews.com,0.0,2,39,11,11,11,4.0,1.0,6.0,0,0,1
H2327,Inspiring Video: Little Girl Angrily Removes Face Mask — Tosses It In Disgust!!,infowars.com,0.0458475179096454,2,39,11,11,11,5.0,2.0,8.0,0,0,1
H0087,August’s New Moon Is Going To Bring A Wave Of Positivity Into Your Life,awarenessact.com,0.0705539230341695,2,39,11,11,11,2.0,1.0,7.0,0,0,1
H3816,"Dr. Ben Carson Defines When Life Begins, Debunks MYTH Babies Can't Feel Pain In The Womb",welovetrump.com,0.0871406069110147,2,39,11,11,11,2.0,5.0,8.0,0,0,1
H2316,12 Facts About Farting You Probably Didn't Know,dailyoccupation.com,0.119987690714518,2,39,11,11,11,0.0,0.0,9.0,0,0,1
H1103,"Red Dawn Invasion Plans Being Made NOW, Along with FEMA Camp Preparations!The CSS-Paul Martin and Dave Hodges | The Common Sense Show",thecommonsenseshow.com,0.125581250305294,2,39,11,11,11,1.0,1.0,2.0,0,0,0
H0226,Blue Java Banana: The Banana That Tastes ‘Just Like Vanilla Ice Cream’,healthyfoodhouse.com,0.174128271303699,2,39,11,11,11,1.0,1.0,11.0,0,0,1
H3952,Trump's Tweet Sends Pharma Stocks Tumbling - New American News,newamericannews.com,0.198124602372848,2,39,11,11,11,10.0,9.0,9.0,1,1,1
H2694,"ICE Just Made Huge Arrest Of 36 Sex Offenders In One Place, Liberals Don’t Want You To Know Where ⋆ Freedom Daily",freedomdaily.com,0.203534316423564,2,39,11,11,11,10.0,5.0,11.0,1,0,1
H3234,BREAKING: TX Governor Sending AG and Family Services To Review James Younger “Trans Kid” Case,redstate.com,0.245895808935139,2,39,11,11,11,8.0,11.0,10.0,1,1,1
H2874,ICYMI: Schumer Confirms Dems Will Stand 'United' Behind Socialist If Nominated for POTUS,flagandcross.com,0.263061962521968,2,39,11,11,11,3.0,3.0,7.0,0,0,1
H0686,Soros-Funded Group Launches New App To Help Illegals Avoid Arrest & Deportation,freedomoutpost.com,0.279844604398071,2,39,11,11,11,5.0,4.0,8.0,0,0,1
H3353,"Amid ongoing border influx, authorities continue to apprehend gang members, sex predators",theblaze.com,0.319102558515008,2,39,11,11,11,10.0,6.0,10.0,1,1,1
H0473,Palestinian President pays a monthly salary to every Muslim who killed Jews in Islam's name,thetruthvoice.net,0.348925021834732,2,39,11,11,11,9.0,8.0,9.0,1,1,1
H0852,"Parkland Survivor Warns NRA Lawmakers: ""We Are Coming After You""",politicususa.com,0.35845073650398,2,39,11,11,11,8.0,9.0,10.0,1,1,1
H2243,Snopes Rates Biden's Claim That 2+2=5 As 'Mostly True',babylonbee.com,0.386461021828994,2,39,11,11,11,3.0,3.0,8.0,0,0,1
H2232,CDPH warns drivers to keep car windows closed after thousands diagnosed with deadly fungal disease,ntd.com,0.409683969103314,2,39,11,11,11,9.0,10.0,10.0,1,1,1
H1041,‘What Were We Talking About Again?’ Says Trump 15 Seconds Into Phone Call To Family Of Fallen Soldier,theonion.com,0.445775894839608,2,39,11,11,11,8.0,11.0,11.0,1,1,1
H0158,Wife Of Arrested Chinese Man Investigating Ivanka Just Broke Her Silence,liberalexaminer.com,0.467099701217333,2,39,11,11,11,6.0,7.0,6.0,1,1,1
H0127,Aaliyah's Beloved Co-Star Jet Li Looks Unrecognizable Amid Health Problems,theblackloop.com,0.485752746626203,2,39,11,11,11,2.0,5.0,9.0,0,0,1
H0586,Investigation confirms Damascus as speed trap,thv11.com,0.512062357819041,2,39,11,11,11,4.0,4.0,7.0,0,0,1
H2758,"Mötley Crüe eyeing reunion tour with Def Leppard, Poison in 2020, report says",foxnews.com,0.534260962262195,2,39,11,11,11,2.0,3.0,7.0,0,0,1
H2229,Group of House Democrats Pushing to Withhold Impeachment Articles from Senate to Gain Leverage in Trial,nationalreview.com,0.573614730794166,2,39,11,11,11,7.0,6.0,9.0,1,1,1
H0314,"Orlando dubbed second most ‘sinful city’ in the U.S., study says",wesh.com,0.578461634386328,2,39,11,11,11,7.0,4.0,10.0,1,0,1
H2887,Gregory Portland ISD & San Patricio County Commissioners: No Tax Abatements for Exxon Mobil and SABIC - Assine o abaixo-assinado!,change.org,0.619205572780572,2,39,11,11,11,6.0,5.0,5.0,1,0,0
H2121,Controversial monument and KKK gathering spot reopens for Fourth of July,nypost.com,0.638970275002357,2,39,11,11,11,6.0,2.0,7.0,1,0,1
H2142,Have you seen this child? JOCELYN GIRON,missingkids.org,0.657261177553656,2,39,11,11,11,0.0,4.0,6.0,0,0,1
H2092,FDLE issues AMBER Alert for two Jacksonville children,winknews.com,0.685403029406808,2,39,11,11,11,3.0,11.0,7.0,0,1,1
H0584,"Bob Evans to sell restaurants, focus on foods business",nbc24.com,0.711091152827009,2,39,11,11,11,1.0,2.0,7.0,0,0,1
H0870,"A rare COVID-19 complication was reported in children. Now, it's showing up in adults",today.com,0.734238148179424,2,39,11,11,11,7.0,8.0,9.0,1,1,1
H1624,The Gunfighters to flyover Lubbock Monday in support of local hospitals and health care workers,everythinglubbock.com,0.774004408652025,2,39,11,11,11,2.0,4.0,7.0,0,0,1
H3175,Missing indigenous women spotlighted as bill signed,seattletimes.com,0.799029996866919,2,39,11,11,11,2.0,9.0,8.0,0,1,1
H0844,Betting on Anti-feminism as a Winning Political Strategy,theatlantic.com,0.803526667450118,2,39,11,11,11,0.0,2.0,7.0,0,0,1
H2030,The Best Thing to Eat at Every MLB Stadium,thrillist.com,0.831406590643075,2,39,11,11,11,0.0,0.0,7.0,0,0,1
H1867,Trump Indicates Tweet on Tapes Was Meant to Affect Comey Testimony - The New York Times,nytimes.com,0.858776290720608,2,39,11,11,11,7.0,8.0,9.0,1,1,1
H0985,Vindman says he doesn't regret impeachment testimony against Trump,thehill.com,0.898762408412433,2,39,11,11,11,6.0,8.0,9.0,1,1,1
H0953,The Air Force Will Test Laser Weapons by 2021,popularmechanics.com,0.908495174315373,2,39,11,11,11,2.0,1.0,10.0,0,0,1
H3492,Pandemic Pushes Atlanta Movie Tours Out Of Business: Exclusive,patch.com,0.933491002134259,2,39,11,11,11,7.0,8.0,10.0,1,1,1
H2605,USS Theodore Roosevelt sailor dies from coronavirus complications,stripes.com,0.970705909096091,2,39,11,11,11,9.0,10.0,11.0,1,1,1
H3712,Trump blocking critics on Twitter violates Constitution: judge | Reuters,reuters.com,1.0,2,39,11,11,11,10.0,10.0,10.0,1,1,1
H1227,Watch Steve Jobs introduce the original iPhone 10 years ago today - CNET,cnet.com,0.951854977853014,2,39,11,11,11,0.0,0.0,10.0,0,0,1
H3429,Pelosi and Schiff Suggest Mountain of Charges Coming for Trump Regime,dcbluedot.com,0.345732076201383,2,39,11,11,11,8.0,7.0,10.0,1,1,1
H0546,Jared Kushner rakes in $25 to 50 million thanks to tax cuts he and Ivanka Trump championed,rawstory.com,0.461914938868004,2,39,11,11,11,6.0,1.0,7.0,1,0,1
H2490,TRAFFIC ALERT: Lufkin loop closed after 18-wheeler falls off overpass,easttexasmatters.com,0.508829719189724,2,39,11,11,11,1.0,4.0,9.0,0,0,1
H3906,Report: Starbucks in Saudi Arabia Refuses to Serve Women » Alex Jones' Infowars: There's a war on for your mind!,infowars.com,0.0458475179096454,2,39,11,11,11,10.0,10.0,7.0,1,1,1
H1412,Tech Company Plans to Implant Workers With Microchips,wkrg.com,0.676506619147883,2,39,11,11,11,10.0,10.0,9.0,1,1,1
H2933,Conway comments on security clearance stripping - CNN Video,cnn.com,0.658031073873161,2,39,11,11,11,5.0,3.0,9.0,0,0,1
H0167,California Doctors Hit by Coronavirus Censorship Campaign,trunews.com,0.148220512170358,2,39,11,11,11,8.0,10.0,11.0,1,1,1
H2691,Weapon scare prompts lockdown at Auburn High School,mystateline.com,0.491451036385089,2,39,11,11,11,7.0,7.0,10.0,1,1,1
H0243,‘She was murdered’: Mom wants justice after 19-year-old daughter found dead,fox4kc.com,0.518656385101639,2,39,11,11,11,2.0,11.0,11.0,0,1,1
H3480,"THOUGHT POLICE: Facebook, YouTube, Twitter all ban any mention of ""whistleblower"" Eric Ciaramella as the Overton Window of allowable speech collapses",naturalnews.com,0.0,2,40,13,13,13,6.0,7.0,11.0,0,1,1
H3213,Transgender On Steroids Wins Girls' State Wrestling Tournament » Alex Jones' Infowars: There's a war on for your mind!,infowars.com,0.0458475179096454,2,40,13,13,13,5.0,5.0,10.0,0,0,1
H3077,"Mercury Retrograde Ends 3 Days, And This Is What It Means For Your Zodiac Sign",awarenessact.com,0.0705539230341695,2,40,13,13,13,0.0,1.0,8.0,0,0,1
H1371,"Ben Stein: Stalin, Hitler 'Came to Power Promising Same Things Alexandria Ocasio-Cortez Is Promising'",explainlife.com,0.0866873538647112,2,40,13,13,13,5.0,4.0,9.0,0,0,1
H2361,President Trump: I’m Going to Use 125% of My Energy to Overturn ‘Fraudulent’ Election Result,newspunch.com,0.124271638273759,2,40,13,13,13,7.0,4.0,12.0,1,0,1
H1696,Congressman: We Have Evidence that White House Initiated 'Excuse' for FBI Crackdown on Anti-CRT Parents - Unite America First,uniteamericafirst.com,0.129014666189983,2,40,13,13,13,10.0,8.0,11.0,1,1,1
H2847,Deadly Fire Exposes Millionaire’s Network of Secret Tunnels Under Washington D.C. Suburb,dcclothesline.com,0.154243582961425,2,40,13,13,13,6.0,3.0,11.0,0,0,1
H2049,Texas woman surveying the damage from Hurricane Harvey finds the remains of a gruesome sea creature,coasttocoastam.com,0.198124602372848,2,40,13,13,13,2.0,6.0,11.0,0,0,1
H3536,All Saints' Day and All Souls' Day: A Celebration - Living Faith - Home & Family - News - Catholic Online,catholic.org,0.213017293256714,2,40,13,13,13,0.0,0.0,8.0,0,0,1
H1636,Cosmic Consciousness & Anapanasati Meditation,themindunleashed.com,0.226698341110061,2,40,13,13,13,1.0,1.0,4.0,0,0,0
H3122,Political Cartoons by Glenn McCoy,townhall.com,0.273514170924363,2,40,13,13,13,0.0,0.0,7.0,0,0,1
H2370,Team Kamala Silent on How Phony Reporter Ended up on Approved Press List,breitbart.com,0.297175368438483,2,40,13,13,13,9.0,5.0,12.0,1,0,1
H2570,Montréal Moves to Ban Archaic Horse-Drawn Carriages | PETA,peta.org,0.30518114825239,2,40,13,13,13,4.0,5.0,11.0,0,0,1
H3446,Nancy Pelosi elected speaker of the House for 116th Congress,washingtontimes.com,0.345472108057381,2,40,13,13,13,0.0,0.0,10.0,0,0,1
H1365,So-Called ‘Black Lives Matter Ballot Measure’ Would Transform World’s Largest Sheriff’s Department,dailywire.com,0.357498144984751,2,40,13,13,13,3.0,4.0,10.0,0,0,1
H1888,Man Buys Turtles From Food Market And Releases Them Back To The Sea,thinkinghumanity.com,0.379209471054479,2,40,13,13,13,2.0,8.0,12.0,0,1,1
H1000,"Only months ago, Sessions demanded Attorney General Lynch recuse herself from Clinton investigations",dailykos.com,0.413735620185017,2,40,13,13,13,5.0,6.0,11.0,0,0,1
H0868,"Man Helps With Flat Tire, Makes Shocking Find Inside the Van: 'Packed to the roof'",ntd.tv,0.43614522152228,2,40,13,13,13,0.0,2.0,6.0,0,0,0
H0373,Survivor of Communism Chokes Back Tears As He Implores Americans to Reject the Radical Left ⋆ Activist Mommy,elizabethjohnston.org,0.450819419603845,2,40,13,13,13,8.0,8.0,10.0,1,1,1
H3679,LeBron Actively Looking to Pay Convicted Felons' Fines to Vote in Election – OutKick,outkick.com,0.48284249765361,2,40,13,13,13,4.0,3.0,11.0,0,0,1
H3502,Sharpsville man charged with murdering Masury woman,wfmj.com,0.501976520772685,2,40,13,13,13,13.0,13.0,13.0,1,1,1
H3510,Mueller grand jury term extended following Friday expiration,foxnews.com,0.534260962262195,2,40,13,13,13,0.0,3.0,10.0,0,0,1
H2086,The Historical Task of the Left in the Present Period | Dissent Magazine,dissentmagazine.org,0.554039679095062,2,40,13,13,13,0.0,0.0,3.0,0,0,0
H0222,10 Funniest Tweets After Refs Help Patriots Beat Cowboys in Foxborough,12up.com,0.594889248109946,2,40,13,13,13,5.0,4.0,11.0,0,0,1
H2179,"A Toblerone cake with layers of milk chocolate mousse now exists, and it takes chocolate cake to a whole other level",thisisinsider.com,0.609340999307784,2,40,13,13,13,0.0,0.0,8.0,0,0,1
H1532,Best Prom Mom Ever. This Is Perfect.,hrtwarming.com,0.637419883200921,2,40,13,13,13,1.0,1.0,7.0,0,0,1
H0694,Will Smith filming on Tybee Island this week. Here's what he's been up to,islandpacket.com,0.655066451292426,2,40,13,13,13,0.0,0.0,9.0,0,0,1
H0018,10-year-old girl missing in Walworth County,wisn.com,0.685403029406808,2,40,13,13,13,1.0,11.0,12.0,0,1,1
H2611,US 'will take names' at UN Jerusalem vote,bbc.co.uk,0.718306150148359,2,40,13,13,13,1.0,2.0,6.0,0,0,0
H3386,UPDATE: Sheriff labels Mendota man as suspected serial killer,wcyb.com,0.739075510741374,2,40,13,13,13,12.0,4.0,12.0,1,0,1
H3260,Safeway Clerks Can Sit Down On The Job After Santa Clara Court Ruling,cbslocal.com,0.751190107612549,2,40,13,13,13,1.0,5.0,11.0,0,0,1
H3501,"She Lost Everything After A Deadly Tornado, Except For One Thing. Look What It Is!",amomama.com,0.786039751122183,2,40,13,13,13,4.0,8.0,10.0,0,1,1
H0415,Russia intensifies persecution of Jehovah's Witnesses with 110 armed raids,newsweek.com,0.81846380864247,2,40,13,13,13,13.0,13.0,12.0,1,1,1
H0632,"2 big asteroids whiz past Earth in the next week. No, they definitely won't hit us.",space.com,0.837419794076792,2,40,13,13,13,4.0,6.0,11.0,0,0,1
H3373,Is Affiliate Marketing Really Profitable?,thebalance.com,0.871165064239559,2,40,13,13,13,0.0,0.0,9.0,0,0,1
H3121,"Dog injured in fire, now training to help burn victims",wrdw.com,0.879334607656032,2,40,13,13,13,2.0,10.0,11.0,0,1,1
H3396,Driver sought after 2 boys injured in hit-and-run in Arapahoe County neighborhood,9news.com,0.905833875771101,2,40,13,13,13,12.0,13.0,13.0,1,1,1
H1363,3 Men Found Dead With Gunshot Wounds In Kankakee Apartment: Police,patch.com,0.933491002134259,2,40,13,13,13,3.0,11.0,11.0,0,1,1
H0149,"Fact Check: Delta, Walmart, Lowe's, Kroger Are NOT Giving Everyone Who Shares A Link $50 Or 2 Tickets For Its Anniversary | Lead Stories",leadstories.com,0.963826303031933,2,40,13,13,13,7.0,8.0,11.0,1,1,1
H1419,Coming clean: Public embrace for celeb addicts offers hope,apnews.com,0.998049167729267,2,40,13,13,13,1.0,5.0,11.0,0,0,1
H1220,16 Photos That Will Annoy The Perfectionist In You,thinkinghumanity.com,0.379209471054479,2,40,13,13,13,3.0,3.0,10.0,0,0,1
H3294,"$90 million lawsuit: 'Toxic' whiteness purge at NYC education department sees 'totalitarian threat,' longtime execs demoted",theblaze.com,0.319102558515008,2,40,13,13,13,9.0,7.0,9.0,1,1,1
H2384,Police ask for public's help finding missing 10-year-old Maryland girl,wjla.com,0.646786199911389,2,40,13,13,13,2.0,12.0,12.0,0,1,1
H2697,Arizona border town demands feds remove razor wire from border wall,kiro7.com,0.862978626840688,2,40,13,13,13,8.0,9.0,11.0,1,1,1
H3914,Trump Wins In Jan 6th Capitol Investigation - Populist Press 2021 ©,populist.press,0.125553828241878,2,40,13,13,13,5.0,5.0,11.0,0,0,1
H2709,mRNA Vaccine Inventor Erased From History Books,wakingtimes.com,0.0901725391626428,2,40,13,13,13,1.0,10.0,11.0,0,1,1
H3828,Former U.S. Congressman Pleads GUILTY To Voter Fraud,welovetrump.com,0.0871406069110147,2,40,13,13,13,11.0,5.0,12.0,1,0,1
H2332,Original Gerber baby turns 93,mypanhandle.com,0.499990288898758,2,40,13,13,13,0.0,0.0,12.0,0,0,1
H0254,"WATCH: Valerie Jarrett Responds To Roseanne's Disgusting Racist Tweet, And Her Response Is PERFECT",truthexam.com,0.255246480229909,2,40,13,13,13,13.0,9.0,12.0,1,1,1
H2803,"A nostalgic walk through the old Kaiserslautern High School, empty after more than 65 years",stripes.com,0.970705909096091,2,40,13,13,13,0.0,0.0,9.0,0,0,1
